meal_date,term,term_week,day_of_week,is_exam_week,student_enrolment,attendance_rate,rolling_7day_avg,meals_served
2019-01-07,Term 1 2019,1,0,0,50,0.85,38,38
2019-01-08,Term 1 2019,1,1,0,50,0.7612,38.0,38
2019-01-09,Term 1 2019,1,2,0,50,0.7616,38.0,39
2019-01-10,Term 1 2019,1,3,0,50,0.7684,38.33,39
2019-01-11,Term 1 2019,1,4,0,50,0.7708,38.5,39
2019-01-14,Term 1 2019,2,0,0,50,0.7724,38.6,42
2019-01-15,Term 1 2019,2,1,0,50,0.7843,39.17,46
2019-01-16,Term 1 2019,2,2,0,50,0.8025,40.14,42
2019-01-17,Term 1 2019,2,3,0,50,0.8148,40.71,44
2019-01-18,Term 1 2019,2,4,0,50,0.8307,41.57,40
2019-01-21,Term 1 2019,3,0,0,50,0.8336,41.71,40
2019-01-22,Term 1 2019,3,1,0,50,0.8379,41.86,44
2019-01-23,Term 1 2019,3,2,0,50,0.8524,42.57,42
2019-01-24,Term 1 2019,3,3,0,50,0.8521,42.57,43
2019-01-25,Term 1 2019,3,4,0,50,0.8442,42.14,43
2019-01-28,Term 1 2019,4,0,0,50,0.8449,42.29,42
2019-01-29,Term 1 2019,4,1,0,50,0.8391,42.0,43
2019-01-30,Term 1 2019,4,2,0,50,0.847,42.43,44
2019-01-31,Term 1 2019,4,3,0,50,0.8584,43.0,45
2019-02-01,Term 1 2019,4,4,0,50,0.8619,43.14,40
2019-02-04,Term 1 2019,5,0,0,50,0.8559,42.86,43
2019-02-05,Term 1 2019,5,1,0,50,0.8557,42.86,45
2019-02-06,Term 1 2019,5,2,0,50,0.862,43.14,43
2019-02-07,Term 1 2019,5,3,0,50,0.8668,43.29,43
2019-02-08,Term 1 2019,5,4,0,50,0.8661,43.29,44
2019-02-11,Term 1 2019,6,0,0,50,0.8646,43.29,41
2019-02-12,Term 1 2019,6,1,0,50,0.852,42.71,42
2019-02-13,Term 1 2019,6,2,0,50,0.8587,43.0,42
2019-02-14,Term 1 2019,6,3,0,50,0.8577,42.86,45
2019-02-15,Term 1 2019,6,4,0,50,0.8594,42.86,42
2019-02-18,Term 1 2019,7,0,0,50,0.8567,42.71,43
2019-02-19,Term 1 2019,7,1,0,50,0.857,42.71,45
2019-02-20,Term 1 2019,7,2,0,50,0.8602,42.86,44
2019-02-21,Term 1 2019,7,3,0,50,0.8696,43.29,46
2019-02-22,Term 1 2019,7,4,0,50,0.8796,43.86,42
2019-02-25,Term 1 2019,8,0,0,50,0.8772,43.86,42
2019-02-26,Term 1 2019,8,1,0,50,0.8666,43.43,45
2019-02-27,Term 1 2019,8,2,0,50,0.8749,43.86,44
2019-02-28,Term 1 2019,8,3,0,50,0.8799,44.0,45
2019-03-01,Term 1 2019,8,4,0,50,0.8814,44.0,42
2019-03-04,Term 1 2019,9,0,0,50,0.8762,43.71,42
2019-03-05,Term 1 2019,9,1,0,50,0.866,43.14,42
2019-03-06,Term 1 2019,9,2,0,50,0.8679,43.14,43
2019-03-07,Term 1 2019,9,3,0,50,0.8713,43.29,43
2019-03-08,Term 1 2019,9,4,0,50,0.8652,43.0,40
2019-03-11,Term 1 2019,10,0,0,50,0.8533,42.43,40
2019-03-12,Term 1 2019,10,1,0,50,0.839,41.71,42
2019-03-13,Term 1 2019,10,2,0,50,0.8392,41.71,43
2019-03-14,Term 1 2019,10,3,0,50,0.8415,41.86,45
2019-03-15,Term 1 2019,10,4,0,50,0.8482,42.29,41
2019-03-18,Term 1 2019,11,0,0,50,0.8441,42.0,41
2019-03-19,Term 1 2019,11,1,0,50,0.8379,41.71,43
2019-03-20,Term 1 2019,11,2,0,50,0.8451,42.14,43
2019-03-21,Term 1 2019,11,3,0,50,0.8526,42.57,46
2019-03-22,Term 1 2019,11,4,0,50,0.8621,43.14,43
2019-03-25,Term 1 2019,12,0,1,50,0.8607,43.14,36
2019-03-26,Term 1 2019,12,1,1,50,0.8361,41.86,37
2019-03-27,Term 1 2019,12,2,1,50,0.8224,41.29,39
2019-03-28,Term 1 2019,12,3,1,50,0.8165,41.0,37
2019-03-29,Term 1 2019,12,4,1,50,0.7988,40.14,36
2019-04-01,Term 1 2019,13,0,1,50,0.7773,39.14,37
2019-04-02,Term 1 2019,13,1,1,50,0.7536,37.86,39
2019-04-03,Term 1 2019,13,2,1,50,0.7421,37.29,38
2019-04-04,Term 1 2019,13,3,1,50,0.7486,37.57,39
2019-04-05,Term 1 2019,13,4,1,50,0.7545,37.86,37
2019-04-22,Term 2 2019,1,0,0,50,0.7501,37.57,39
2019-04-23,Term 2 2019,1,1,0,50,0.7557,37.86,39
2019-04-24,Term 2 2019,1,2,0,50,0.7654,38.29,38
2019-04-25,Term 2 2019,1,3,0,50,0.7673,38.43,39
2019-04-26,Term 2 2019,1,4,0,50,0.7693,38.43,37
2019-04-29,Term 2 2019,2,0,0,50,0.766,38.29,40
2019-04-30,Term 2 2019,2,1,0,50,0.7706,38.43,46
2019-05-01,Term 2 2019,2,2,0,50,0.7946,39.71,46
2019-05-02,Term 2 2019,2,3,0,50,0.8143,40.71,43
2019-05-03,Term 2 2019,2,4,0,50,0.8267,41.29,43
2019-05-06,Term 2 2019,3,0,0,50,0.8395,42.0,41
2019-05-07,Term 2 2019,3,1,0,50,0.8447,42.29,46
2019-05-08,Term 2 2019,3,2,0,50,0.8693,43.57,44
2019-05-09,Term 2 2019,3,3,0,50,0.8792,44.14,43
2019-05-10,Term 2 2019,3,4,0,50,0.8715,43.71,41
2019-05-13,Term 2 2019,4,0,0,50,0.8586,43.0,42
2019-05-14,Term 2 2019,4,1,0,50,0.8543,42.86,43
2019-05-15,Term 2 2019,4,2,0,50,0.8555,42.86,44
2019-05-16,Term 2 2019,4,3,0,50,0.8648,43.29,46
2019-05-17,Term 2 2019,4,4,0,50,0.8646,43.29,42
2019-05-20,Term 2 2019,5,0,0,50,0.8582,43.0,40
2019-05-21,Term 2 2019,5,1,0,50,0.8505,42.57,46
2019-05-22,Term 2 2019,5,2,0,50,0.8648,43.29,44
2019-05-23,Term 2 2019,5,3,0,50,0.8714,43.57,42
2019-05-24,Term 2 2019,5,4,0,50,0.8694,43.43,40
2019-05-27,Term 2 2019,6,0,0,50,0.8576,42.86,40
2019-05-28,Term 2 2019,6,1,0,50,0.8414,42.0,45
2019-05-29,Term 2 2019,6,2,0,50,0.8497,42.43,45
2019-05-30,Term 2 2019,6,3,0,50,0.8634,43.14,44
2019-05-31,Term 2 2019,6,4,0,50,0.8569,42.86,40
2019-06-03,Term 2 2019,7,0,0,50,0.8461,42.29,41
2019-06-04,Term 2 2019,7,1,0,50,0.8422,42.14,46
2019-06-05,Term 2 2019,7,2,0,50,0.8588,43.0,44
2019-06-06,Term 2 2019,7,3,0,50,0.8707,43.57,46
2019-06-07,Term 2 2019,7,4,0,50,0.8746,43.71,43
2019-06-10,Term 2 2019,8,0,0,50,0.8697,43.43,40
2019-06-11,Term 2 2019,8,1,0,50,0.8579,42.86,45
2019-06-12,Term 2 2019,8,2,0,50,0.8711,43.57,45
2019-06-13,Term 2 2019,8,3,0,50,0.8817,44.14,44
2019-06-14,Term 2 2019,8,4,0,50,0.8764,43.86,41
2019-06-17,Term 2 2019,9,0,0,50,0.8677,43.43,42
2019-06-18,Term 2 2019,9,1,0,50,0.8568,42.86,42
2019-06-19,Term 2 2019,9,2,0,50,0.8539,42.71,44
2019-06-20,Term 2 2019,9,3,0,50,0.8659,43.29,44
2019-06-21,Term 2 2019,9,4,0,50,0.8629,43.14,44
2019-06-24,Term 2 2019,10,0,0,50,0.8603,43.0,43
2019-06-25,Term 2 2019,10,1,0,50,0.857,42.86,43
2019-06-26,Term 2 2019,10,2,0,50,0.8627,43.14,44
2019-06-27,Term 2 2019,10,3,0,50,0.8682,43.43,43
2019-06-28,Term 2 2019,10,4,0,50,0.869,43.57,44
2019-07-01,Term 2 2019,11,0,0,50,0.8687,43.57,43
2019-07-02,Term 2 2019,11,1,0,50,0.8663,43.43,43
2019-07-03,Term 2 2019,11,2,0,50,0.8646,43.29,45
2019-07-04,Term 2 2019,11,3,0,50,0.869,43.57,44
2019-07-05,Term 2 2019,11,4,0,50,0.8729,43.71,41
2019-07-08,Term 2 2019,12,0,1,50,0.8633,43.29,37
2019-07-09,Term 2 2019,12,1,1,50,0.8456,42.43,38
2019-07-10,Term 2 2019,12,2,1,50,0.83,41.57,39
2019-07-11,Term 2 2019,12,3,1,50,0.8189,41.0,38
2019-07-12,Term 2 2019,12,4,1,50,0.8044,40.29,34
2019-07-15,Term 2 2019,13,0,1,50,0.7743,38.71,35
2019-07-16,Term 2 2019,13,1,1,50,0.7467,37.43,36
2019-07-17,Term 2 2019,13,2,1,50,0.7338,36.71,40
2019-07-18,Term 2 2019,13,3,1,50,0.7428,37.14,40
2019-07-19,Term 2 2019,13,4,1,50,0.7467,37.43,37
2019-08-05,Term 3 2019,1,0,0,50,0.7416,37.14,37
2019-08-06,Term 3 2019,1,1,0,50,0.7376,37.0,38
2019-08-07,Term 3 2019,1,2,0,50,0.7497,37.57,42
2019-08-08,Term 3 2019,1,3,0,50,0.7689,38.57,42
2019-08-09,Term 3 2019,1,4,0,50,0.7852,39.43,36
2019-08-12,Term 3 2019,2,0,0,50,0.7756,38.86,41
2019-08-13,Term 3 2019,2,1,0,50,0.7811,39.0,42
2019-08-14,Term 3 2019,2,2,0,50,0.7952,39.71,45
2019-08-15,Term 3 2019,2,3,0,50,0.819,40.86,45
2019-08-16,Term 3 2019,2,4,0,50,0.8385,41.86,41
2019-08-19,Term 3 2019,3,0,0,50,0.8356,41.71,41
2019-08-20,Term 3 2019,3,1,0,50,0.8345,41.57,44
2019-08-21,Term 3 2019,3,2,0,50,0.857,42.71,43
2019-08-22,Term 3 2019,3,3,0,50,0.8616,43.0,45
2019-08-23,Term 3 2019,3,4,0,50,0.8708,43.43,42
2019-08-26,Term 3 2019,4,0,0,50,0.8612,43.0,40
2019-08-27,Term 3 2019,4,1,0,50,0.8477,42.29,44
2019-08-28,Term 3 2019,4,2,0,50,0.8581,42.71,45
2019-08-29,Term 3 2019,4,3,0,50,0.8682,43.29,43
2019-08-30,Term 3 2019,4,4,0,50,0.8642,43.14,41
2019-09-02,Term 3 2019,5,0,0,50,0.859,42.86,43
2019-09-03,Term 3 2019,5,1,0,50,0.8533,42.57,45
2019-09-04,Term 3 2019,5,2,0,50,0.8616,43.0,44
2019-09-05,Term 3 2019,5,3,0,50,0.8713,43.57,44
2019-09-06,Term 3 2019,5,4,0,50,0.8711,43.57,40
2019-09-09,Term 3 2019,6,0,0,50,0.8584,42.86,40
2019-09-10,Term 3 2019,6,1,0,50,0.8515,42.43,43
2019-09-11,Term 3 2019,6,2,0,50,0.8575,42.71,44
2019-09-12,Term 3 2019,6,3,0,50,0.86,42.86,43
2019-09-13,Term 3 2019,6,4,0,50,0.8552,42.57,41
2019-09-16,Term 3 2019,7,0,0,50,0.847,42.14,40
2019-09-17,Term 3 2019,7,1,0,50,0.8348,41.57,45
2019-09-18,Term 3 2019,7,2,0,50,0.8463,42.29,43
2019-09-19,Term 3 2019,7,3,0,50,0.8535,42.71,46
2019-09-20,Term 3 2019,7,4,0,50,0.86,43.14,43
2019-09-23,Term 3 2019,8,0,0,50,0.8574,43.0,40
2019-09-24,Term 3 2019,8,1,0,50,0.8484,42.57,43
2019-09-25,Term 3 2019,8,2,0,50,0.8543,42.86,45
2019-09-26,Term 3 2019,8,3,0,50,0.8683,43.57,43
2019-09-27,Term 3 2019,8,4,0,50,0.8635,43.29,41
2019-09-30,Term 3 2019,9,0,0,50,0.8567,43.0,43
2019-10-01,Term 3 2019,9,1,0,50,0.8499,42.57,44
2019-10-02,Term 3 2019,9,2,0,50,0.8523,42.71,44
2019-10-03,Term 3 2019,9,3,0,50,0.8641,43.29,45
2019-10-04,Term 3 2019,9,4,0,50,0.8703,43.57,43
2019-10-07,Term 3 2019,10,0,0,50,0.8662,43.29,40
2019-10-08,Term 3 2019,10,1,0,50,0.8588,42.86,42
2019-10-09,Term 3 2019,10,2,0,50,0.8641,43.0,44
2019-10-10,Term 3 2019,10,3,0,50,0.8655,43.14,44
2019-10-11,Term 3 2019,10,4,0,50,0.8638,43.14,42
2019-10-14,Term 3 2019,11,0,0,50,0.858,42.86,42
2019-10-15,Term 3 2019,11,1,0,50,0.8502,42.43,45
2019-10-16,Term 3 2019,11,2,0,50,0.8544,42.71,46
2019-10-17,Term 3 2019,11,3,0,50,0.8706,43.57,42
2019-10-18,Term 3 2019,11,4,0,50,0.8707,43.57,42
2019-10-21,Term 3 2019,12,0,1,50,0.8646,43.29,35
2019-10-22,Term 3 2019,12,1,1,50,0.8394,42.0,39
2019-10-23,Term 3 2019,12,2,1,50,0.8324,41.57,37
2019-10-24,Term 3 2019,12,3,1,50,0.8169,40.86,37
2019-10-25,Term 3 2019,12,4,1,50,0.7943,39.71,36
2019-10-28,Term 3 2019,13,0,1,50,0.7653,38.29,35
2019-10-29,Term 3 2019,13,1,1,50,0.7447,37.29,37
2019-10-30,Term 3 2019,13,2,1,50,0.7319,36.57,37
2019-10-31,Term 3 2019,13,3,1,50,0.738,36.86,40
2019-11-01,Term 3 2019,13,4,1,50,0.7387,37.0,36
2019-11-18,Term 1 2019,1,0,0,50,0.7352,36.86,39
2019-11-19,Term 1 2019,1,1,0,50,0.7415,37.14,40
2019-11-20,Term 1 2019,1,2,0,50,0.7541,37.71,38
2019-11-21,Term 1 2019,1,3,0,50,0.7627,38.14,42
2019-11-22,Term 1 2019,1,4,0,50,0.7766,38.86,39
2019-11-25,Term 1 2019,2,0,0,50,0.7833,39.14,43
2019-11-26,Term 1 2019,2,1,0,50,0.7938,39.57,46
2019-11-27,Term 1 2019,2,2,0,50,0.8222,41.0,45
2019-11-28,Term 1 2019,2,3,0,50,0.8406,41.86,43
2019-11-29,Term 1 2019,2,4,0,50,0.8477,42.29,42
2019-12-02,Term 1 2019,3,0,0,50,0.8584,42.86,40
2019-12-03,Term 1 2019,3,1,0,50,0.8537,42.57,44
2019-12-04,Term 1 2019,3,2,0,50,0.8658,43.29,42
2019-12-05,Term 1 2019,3,3,0,50,0.8626,43.14,44
2019-12-06,Term 1 2019,3,4,0,50,0.8563,42.86,44
2019-12-09,Term 1 2019,4,0,0,50,0.8522,42.71,41
2019-12-10,Term 1 2019,4,1,0,50,0.8462,42.43,45
2019-12-11,Term 1 2019,4,2,0,50,0.8553,42.86,44
2019-12-12,Term 1 2019,4,3,0,50,0.8652,43.43,44
2019-12-13,Term 1 2019,4,4,0,50,0.8654,43.43,44
2019-12-16,Term 1 2019,5,0,0,50,0.87,43.71,43
2019-12-17,Term 1 2019,5,1,0,50,0.8699,43.57,44
2019-12-18,Term 1 2019,5,2,0,50,0.8707,43.57,45
2019-12-19,Term 1 2019,5,3,0,50,0.883,44.14,43
2019-12-20,Term 1 2019,5,4,0,50,0.8758,43.86,41
2019-12-23,Term 1 2019,6,0,0,50,0.8683,43.43,43
2019-12-24,Term 1 2019,6,1,0,50,0.8674,43.29,44
2019-12-25,Term 1 2019,6,2,0,50,0.8688,43.29,44
2019-12-26,Term 1 2019,6,3,0,50,0.8708,43.43,45
2019-12-27,Term 1 2019,6,4,0,50,0.8729,43.57,40
2019-12-30,Term 1 2019,7,0,0,50,0.8597,42.86,42
2019-12-31,Term 1 2019,7,1,0,50,0.8574,42.71,44
2020-01-01,Term 1 2019,7,2,0,50,0.8655,43.14,45
2020-01-02,Term 1 2019,7,3,0,50,0.8713,43.43,43
2020-01-03,Term 1 2019,7,4,0,50,0.8665,43.29,44
2020-01-06,Term 1 2019,8,0,0,50,0.8656,43.29,40
2020-01-07,Term 1 2019,8,1,0,50,0.8508,42.57,43
2020-01-08,Term 1 2019,8,2,0,50,0.858,43.0,44
2020-01-09,Term 1 2019,8,3,0,50,0.8653,43.29,45
2020-01-10,Term 1 2019,8,4,0,50,0.8672,43.43,41
2020-01-13,Term 1 2019,9,0,0,50,0.8545,42.86,40
2020-01-14,Term 1 2019,9,1,0,50,0.8469,42.43,46
2020-01-15,Term 1 2019,9,2,0,50,0.8518,42.71,43
2020-01-16,Term 1 2019,9,3,0,50,0.8608,43.14,44
2020-01-17,Term 1 2019,9,4,0,50,0.8655,43.29,42
2020-01-20,Term 1 2019,10,0,0,50,0.8601,43.0,41
2020-01-21,Term 1 2019,10,1,0,50,0.85,42.43,44
2020-01-22,Term 1 2019,10,2,0,50,0.8597,42.86,44
2020-01-23,Term 1 2019,10,3,0,50,0.8714,43.43,46
2020-01-24,Term 1 2019,10,4,0,50,0.872,43.43,41
2020-01-27,Term 1 2019,11,0,0,50,0.8658,43.14,42
2020-01-28,Term 1 2019,11,1,0,50,0.86,42.86,43
2020-01-29,Term 1 2019,11,2,0,50,0.8614,43.0,44
2020-01-30,Term 1 2019,11,3,0,50,0.8682,43.43,45
2020-01-31,Term 1 2019,11,4,0,50,0.8692,43.57,41
2020-02-03,Term 1 2019,12,0,1,50,0.861,43.14,35
2020-02-04,Term 1 2019,12,1,1,50,0.8296,41.57,39
2020-02-05,Term 1 2019,12,2,1,50,0.8245,41.29,36
2020-02-06,Term 1 2019,12,3,1,50,0.8071,40.43,38
2020-02-07,Term 1 2019,12,4,1,50,0.7925,39.71,38
2020-02-10,Term 1 2019,13,0,1,50,0.7765,38.86,37
2020-02-11,Term 1 2019,13,1,1,50,0.7559,37.71,36
2020-02-12,Term 1 2019,13,2,1,50,0.7419,37.0,37
2020-02-13,Term 1 2019,13,3,1,50,0.7479,37.29,37
2020-02-14,Term 1 2019,13,4,1,50,0.7423,37.0,38
2020-03-02,Term 2 2020,1,0,0,50,0.7465,37.29,39
2020-03-03,Term 2 2020,1,1,0,50,0.7499,37.43,42
2020-03-04,Term 2 2020,1,2,0,50,0.7599,38.0,39
2020-03-05,Term 2 2020,1,3,0,50,0.7656,38.29,39
2020-03-06,Term 2 2020,1,4,0,50,0.7723,38.71,39
2020-03-09,Term 2 2020,2,0,0,50,0.7794,39.0,42
2020-03-10,Term 2 2020,2,1,0,50,0.7944,39.71,44
2020-03-11,Term 2 2020,2,2,0,50,0.8136,40.57,46
2020-03-12,Term 2 2020,2,3,0,50,0.8333,41.57,45
2020-03-13,Term 2 2020,2,4,0,50,0.8422,42.0,40
2020-03-16,Term 2 2020,3,0,0,50,0.8438,42.14,43
2020-03-17,Term 2 2020,3,1,0,50,0.8556,42.71,43
2020-03-18,Term 2 2020,3,2,0,50,0.8666,43.29,45
2020-03-19,Term 2 2020,3,3,0,50,0.8733,43.71,46
2020-03-20,Term 2 2020,3,4,0,50,0.8771,44.0,41
2020-03-23,Term 2 2020,4,0,0,50,0.8616,43.29,40
2020-03-24,Term 2 2020,4,1,0,50,0.8483,42.57,42
2020-03-25,Term 2 2020,4,2,0,50,0.8552,42.86,44
2020-03-26,Term 2 2020,4,3,0,50,0.8593,43.0,43
2020-03-27,Term 2 2020,4,4,0,50,0.859,43.0,42
2020-03-30,Term 2 2020,5,0,0,50,0.8526,42.57,42
2020-03-31,Term 2 2020,5,1,0,50,0.8429,42.0,43
2020-04-01,Term 2 2020,5,2,0,50,0.8494,42.29,45
2020-04-02,Term 2 2020,5,3,0,50,0.8625,43.0,43
2020-04-03,Term 2 2020,5,4,0,50,0.8643,43.14,42
2020-04-06,Term 2 2020,6,0,0,50,0.8578,42.86,43
2020-04-07,Term 2 2020,6,1,0,50,0.8579,42.86,45
2020-04-08,Term 2 2020,6,2,0,50,0.8664,43.29,42
2020-04-09,Term 2 2020,6,3,0,50,0.8664,43.29,44
2020-04-10,Term 2 2020,6,4,0,50,0.8689,43.43,41
2020-04-13,Term 2 2020,7,0,0,50,0.8591,42.86,40
2020-04-14,Term 2 2020,7,1,0,50,0.849,42.43,45
2020-04-15,Term 2 2020,7,2,0,50,0.8579,42.86,45
2020-04-16,Term 2 2020,7,3,0,50,0.862,43.14,43
2020-04-17,Term 2 2020,7,4,0,50,0.8553,42.86,43
2020-04-20,Term 2 2020,8,0,0,50,0.857,43.0,42
2020-04-21,Term 2 2020,8,1,0,50,0.8514,42.71,44
2020-04-22,Term 2 2020,8,2,0,50,0.8588,43.14,42
2020-04-23,Term 2 2020,8,3,0,50,0.866,43.43,42
2020-04-24,Term 2 2020,8,4,0,50,0.8581,43.0,44
2020-04-27,Term 2 2020,9,0,0,50,0.8551,42.86,43
2020-04-28,Term 2 2020,9,1,0,50,0.8553,42.86,44
2020-04-29,Term 2 2020,9,2,0,50,0.8588,43.0,45
2020-04-30,Term 2 2020,9,3,0,50,0.8692,43.43,44
2020-05-01,Term 2 2020,9,4,0,50,0.871,43.43,41
2020-05-04,Term 2 2020,10,0,0,50,0.8668,43.29,40
2020-05-05,Term 2 2020,10,1,0,50,0.8603,43.0,43
2020-05-06,Term 2 2020,10,2,0,50,0.8594,42.86,46
2020-05-07,Term 2 2020,10,3,0,50,0.8665,43.29,45
2020-05-08,Term 2 2020,10,4,0,50,0.8694,43.43,43
2020-05-11,Term 2 2020,11,0,0,50,0.864,43.14,43
2020-05-12,Term 2 2020,11,1,0,50,0.8604,43.0,43
2020-05-13,Term 2 2020,11,2,0,50,0.8669,43.29,43
2020-05-14,Term 2 2020,11,3,0,50,0.8754,43.71,42
2020-05-15,Term 2 2020,11,4,0,50,0.8731,43.57,43
2020-05-18,Term 2 2020,12,0,1,50,0.866,43.14,37
2020-05-19,Term 2 2020,12,1,1,50,0.8427,42.0,38
2020-05-20,Term 2 2020,12,2,1,50,0.8261,41.29,38
2020-05-21,Term 2 2020,12,3,1,50,0.8129,40.57,37
2020-05-22,Term 2 2020,12,4,1,50,0.7951,39.71,38
2020-05-25,Term 2 2020,13,0,1,50,0.78,39.0,37
2020-05-26,Term 2 2020,13,1,1,50,0.7645,38.29,40
2020-05-27,Term 2 2020,13,2,1,50,0.7553,37.86,39
2020-05-28,Term 2 2020,13,3,1,50,0.7616,38.14,40
2020-05-29,Term 2 2020,13,4,1,50,0.767,38.43,34
2020-06-15,Term 3 2020,1,0,0,50,0.7545,37.86,38
2020-06-16,Term 3 2020,1,1,0,50,0.7597,38.0,39
2020-06-17,Term 3 2020,1,2,0,50,0.7643,38.14,42
2020-06-18,Term 3 2020,1,3,0,50,0.7779,38.86,41
2020-06-19,Term 3 2020,1,4,0,50,0.7817,39.0,39
2020-06-22,Term 3 2020,2,0,0,50,0.7823,39.0,43
2020-06-23,Term 3 2020,2,1,0,50,0.7915,39.43,43
2020-06-24,Term 3 2020,2,2,0,50,0.8171,40.71,45
2020-06-25,Term 3 2020,2,3,0,50,0.8362,41.71,42
2020-06-26,Term 3 2020,2,4,0,50,0.8451,42.14,43
2020-06-29,Term 3 2020,3,0,0,50,0.8501,42.29,43
2020-06-30,Term 3 2020,3,1,0,50,0.8551,42.57,43
2020-07-01,Term 3 2020,3,2,0,50,0.8649,43.14,45
2020-07-02,Term 3 2020,3,3,0,50,0.8721,43.43,44
2020-07-03,Term 3 2020,3,4,0,50,0.8743,43.57,41
2020-07-06,Term 3 2020,4,0,0,50,0.8631,43.0,43
2020-07-07,Term 3 2020,4,1,0,50,0.8638,43.14,43
2020-07-08,Term 3 2020,4,2,0,50,0.8621,43.14,42
2020-07-09,Term 3 2020,4,3,0,50,0.8597,43.0,43
2020-07-10,Term 3 2020,4,4,0,50,0.8594,43.0,41
2020-07-13,Term 3 2020,5,0,0,50,0.8481,42.43,43
2020-07-14,Term 3 2020,5,1,0,50,0.8456,42.29,46
2020-07-15,Term 3 2020,5,2,0,50,0.8589,43.0,43
2020-07-16,Term 3 2020,5,3,0,50,0.8601,43.0,45
2020-07-17,Term 3 2020,5,4,0,50,0.8648,43.29,42
2020-07-20,Term 3 2020,6,0,0,50,0.8634,43.29,43
2020-07-21,Term 3 2020,6,1,0,50,0.8653,43.29,44
2020-07-22,Term 3 2020,6,2,0,50,0.8734,43.71,46
2020-07-23,Term 3 2020,6,3,0,50,0.8814,44.14,42
2020-07-24,Term 3 2020,6,4,0,50,0.8716,43.57,44
2020-07-27,Term 3 2020,7,0,0,50,0.8738,43.71,40
2020-07-28,Term 3 2020,7,1,0,50,0.8614,43.0,46
2020-07-29,Term 3 2020,7,2,0,50,0.8735,43.57,43
2020-07-30,Term 3 2020,7,3,0,50,0.8725,43.57,42
2020-07-31,Term 3 2020,7,4,0,50,0.8676,43.29,42
2020-08-03,Term 3 2020,8,0,0,50,0.8561,42.71,42
2020-08-04,Term 3 2020,8,1,0,50,0.856,42.71,43
2020-08-05,Term 3 2020,8,2,0,50,0.8542,42.57,44
2020-08-06,Term 3 2020,8,3,0,50,0.8662,43.14,44
2020-08-07,Term 3 2020,8,4,0,50,0.8611,42.86,42
2020-08-10,Term 3 2020,9,0,0,50,0.8567,42.71,42
2020-08-11,Term 3 2020,9,1,0,50,0.8549,42.71,43
2020-08-12,Term 3 2020,9,2,0,50,0.8586,42.86,45
2020-08-13,Term 3 2020,9,3,0,50,0.8655,43.29,42
2020-08-14,Term 3 2020,9,4,0,50,0.8619,43.14,44
2020-08-17,Term 3 2020,10,0,0,50,0.8599,43.14,42
2020-08-18,Term 3 2020,10,1,0,50,0.853,42.86,45
2020-08-19,Term 3 2020,10,2,0,50,0.8626,43.29,45
2020-08-20,Term 3 2020,10,3,0,50,0.8716,43.71,45
2020-08-21,Term 3 2020,10,4,0,50,0.8764,44.0,41
2020-08-24,Term 3 2020,11,0,0,50,0.8667,43.43,40
2020-08-25,Term 3 2020,11,1,0,50,0.8604,43.14,45
2020-08-26,Term 3 2020,11,2,0,50,0.8631,43.29,43
2020-08-27,Term 3 2020,11,3,0,50,0.8678,43.43,43
2020-08-28,Term 3 2020,11,4,0,50,0.8632,43.14,43
2020-08-31,Term 3 2020,12,0,1,50,0.8587,42.86,36
2020-09-01,Term 3 2020,12,1,1,50,0.835,41.57,37
2020-09-02,Term 3 2020,12,2,1,50,0.8228,41.0,37
2020-09-03,Term 3 2020,12,3,1,50,0.8155,40.57,38
2020-09-04,Term 3 2020,12,4,1,50,0.7955,39.57,36
2020-09-07,Term 3 2020,13,0,1,50,0.7734,38.57,35
2020-09-08,Term 3 2020,13,1,1,50,0.749,37.43,37
2020-09-09,Term 3 2020,13,2,1,50,0.7293,36.57,38
2020-09-10,Term 3 2020,13,3,1,50,0.733,36.86,40
2020-09-11,Term 3 2020,13,4,1,50,0.7403,37.29,37
2020-09-28,Term 1 2020,1,0,0,50,0.7388,37.29,39
2020-09-29,Term 1 2020,1,1,0,50,0.743,37.43,40
2020-09-30,Term 1 2020,1,2,0,50,0.7569,38.0,39
2020-10-01,Term 1 2020,1,3,0,50,0.7698,38.57,40
2020-10-02,Term 1 2020,1,4,0,50,0.7803,39.0,36
2020-10-05,Term 1 2020,2,0,0,50,0.7755,38.71,41
2020-10-06,Term 1 2020,2,1,0,50,0.7781,38.86,44
2020-10-07,Term 1 2020,2,2,0,50,0.7981,39.86,44
2020-10-08,Term 1 2020,2,3,0,50,0.813,40.57,45
2020-10-09,Term 1 2020,2,4,0,50,0.8249,41.29,42
2020-10-12,Term 1 2020,3,0,0,50,0.8325,41.71,41
2020-10-13,Term 1 2020,3,1,0,50,0.8355,41.86,43
2020-10-14,Term 1 2020,3,2,0,50,0.8551,42.86,44
2020-10-15,Term 1 2020,3,3,0,50,0.8644,43.29,46
2020-10-16,Term 1 2020,3,4,0,50,0.8698,43.57,43
2020-10-19,Term 1 2020,4,0,0,50,0.8665,43.43,40
2020-10-20,Term 1 2020,4,1,0,50,0.8539,42.71,42
2020-10-21,Term 1 2020,4,2,0,50,0.8552,42.71,44
2020-10-22,Term 1 2020,4,3,0,50,0.8632,43.14,45
2020-10-23,Term 1 2020,4,4,0,50,0.868,43.43,41
2020-10-26,Term 1 2020,5,0,0,50,0.8607,43.0,43
2020-10-27,Term 1 2020,5,1,0,50,0.8526,42.57,45
2020-10-28,Term 1 2020,5,2,0,50,0.8578,42.86,45
2020-10-29,Term 1 2020,5,3,0,50,0.8707,43.57,43
2020-10-30,Term 1 2020,5,4,0,50,0.8723,43.71,41
2020-11-02,Term 1 2020,6,0,0,50,0.863,43.29,40
2020-11-03,Term 1 2020,6,1,0,50,0.8489,42.57,43
2020-11-04,Term 1 2020,6,2,0,50,0.8536,42.86,44
2020-11-05,Term 1 2020,6,3,0,50,0.8568,43.0,45
2020-11-06,Term 1 2020,6,4,0,50,0.8579,43.0,40
2020-11-09,Term 1 2020,7,0,0,50,0.8453,42.29,41
2020-11-10,Term 1 2020,7,1,0,50,0.8404,42.0,45
2020-11-11,Term 1 2020,7,2,0,50,0.851,42.57,43
2020-11-12,Term 1 2020,7,3,0,50,0.8601,43.0,45
2020-11-13,Term 1 2020,7,4,0,50,0.8652,43.29,42
2020-11-16,Term 1 2020,8,0,0,50,0.8598,43.0,40
2020-11-17,Term 1 2020,8,1,0,50,0.8457,42.29,45
2020-11-18,Term 1 2020,8,2,0,50,0.8581,43.0,42
2020-11-19,Term 1 2020,8,3,0,50,0.8605,43.14,45
2020-11-20,Term 1 2020,8,4,0,50,0.8619,43.14,43
2020-11-23,Term 1 2020,9,0,0,50,0.8628,43.14,40
2020-11-24,Term 1 2020,9,1,0,50,0.8489,42.43,44
2020-11-25,Term 1 2020,9,2,0,50,0.8538,42.71,43
2020-11-26,Term 1 2020,9,3,0,50,0.8602,43.14,46
2020-11-27,Term 1 2020,9,4,0,50,0.8636,43.29,42
2020-11-30,Term 1 2020,10,0,0,50,0.8638,43.29,40
2020-12-01,Term 1 2020,10,1,0,50,0.8486,42.57,43
2020-12-02,Term 1 2020,10,2,0,50,0.8484,42.57,45
2020-12-03,Term 1 2020,10,3,0,50,0.864,43.29,44
2020-12-04,Term 1 2020,10,4,0,50,0.8643,43.29,43
2020-12-07,Term 1 2020,11,0,0,50,0.8658,43.29,42
2020-12-08,Term 1 2020,11,1,0,50,0.8553,42.71,46
2020-12-09,Term 1 2020,11,2,0,50,0.8664,43.29,44
2020-12-10,Term 1 2020,11,3,0,50,0.8798,43.86,46
2020-12-11,Term 1 2020,11,4,0,50,0.8878,44.29,44
2020-12-14,Term 1 2020,12,0,1,50,0.8826,44.14,36
2020-12-15,Term 1 2020,12,1,1,50,0.8601,43.0,39
2020-12-16,Term 1 2020,12,2,1,50,0.8477,42.43,38
2020-12-17,Term 1 2020,12,3,1,50,0.8358,41.86,39
2020-12-18,Term 1 2020,12,4,1,50,0.8169,40.86,36
2020-12-21,Term 1 2020,13,0,1,50,0.7935,39.71,37
2020-12-22,Term 1 2020,13,1,1,50,0.7686,38.43,39
2020-12-23,Term 1 2020,13,2,1,50,0.7555,37.71,38
2020-12-24,Term 1 2020,13,3,1,50,0.7611,38.0,37
2020-12-25,Term 1 2020,13,4,1,50,0.7558,37.71,35
2021-01-11,Term 2 2021,1,0,0,50,0.7471,37.29,38
2021-01-12,Term 2 2021,1,1,0,50,0.7435,37.14,41
2021-01-13,Term 2 2021,1,2,0,50,0.7574,37.86,40
2021-01-14,Term 2 2021,1,3,0,50,0.766,38.29,41
2021-01-15,Term 2 2021,1,4,0,50,0.7704,38.57,37
2021-01-18,Term 2 2021,2,0,0,50,0.7681,38.43,40
2021-01-19,Term 2 2021,2,1,0,50,0.776,38.86,43
2021-01-20,Term 2 2021,2,2,0,50,0.7993,40.0,43
2021-01-21,Term 2 2021,2,3,0,50,0.8137,40.71,43
2021-01-22,Term 2 2021,2,4,0,50,0.82,41.0,42
2021-01-25,Term 2 2021,3,0,0,50,0.826,41.29,40
2021-01-26,Term 2 2021,3,1,0,50,0.8247,41.14,43
2021-01-27,Term 2 2021,3,2,0,50,0.8413,42.0,45
2021-01-28,Term 2 2021,3,3,0,50,0.8555,42.71,45
2021-01-29,Term 2 2021,3,4,0,50,0.8603,43.0,40
2021-02-01,Term 2 2021,4,0,0,50,0.8522,42.57,41
2021-02-02,Term 2 2021,4,1,0,50,0.8461,42.29,44
2021-02-03,Term 2 2021,4,2,0,50,0.8518,42.57,44
2021-02-04,Term 2 2021,4,3,0,50,0.8621,43.14,43
2021-02-05,Term 2 2021,4,4,0,50,0.8618,43.14,42
2021-02-08,Term 2 2021,5,0,0,50,0.853,42.71,43
2021-02-09,Term 2 2021,5,1,0,50,0.8481,42.43,44
2021-02-10,Term 2 2021,5,2,0,50,0.8598,43.0,45
2021-02-11,Term 2 2021,5,3,0,50,0.8702,43.57,45
2021-02-12,Term 2 2021,5,4,0,50,0.8738,43.71,43
2021-02-15,Term 2 2021,6,0,0,50,0.8721,43.57,41
2021-02-16,Term 2 2021,6,1,0,50,0.8669,43.29,42
2021-02-17,Term 2 2021,6,2,0,50,0.8679,43.29,43
2021-02-18,Term 2 2021,6,3,0,50,0.8687,43.29,45
2021-02-19,Term 2 2021,6,4,0,50,0.8707,43.43,43
2021-02-22,Term 2 2021,7,0,0,50,0.8668,43.14,43
2021-02-23,Term 2 2021,7,1,0,50,0.8607,42.86,44
2021-02-24,Term 2 2021,7,2,0,50,0.8625,43.0,45
2021-02-25,Term 2 2021,7,3,0,50,0.8738,43.57,44
2021-02-26,Term 2 2021,7,4,0,50,0.88,43.86,42
2021-03-01,Term 2 2021,8,0,0,50,0.8772,43.71,40
2021-03-02,Term 2 2021,8,1,0,50,0.8639,43.0,43
2021-03-03,Term 2 2021,8,2,0,50,0.8624,43.0,44
2021-03-04,Term 2 2021,8,3,0,50,0.8636,43.14,42
2021-03-05,Term 2 2021,8,4,0,50,0.8592,42.86,41
2021-03-08,Term 2 2021,9,0,0,50,0.8488,42.29,42
2021-03-09,Term 2 2021,9,1,0,50,0.8431,42.0,44
2021-03-10,Term 2 2021,9,2,0,50,0.8466,42.29,43
2021-03-11,Term 2 2021,9,3,0,50,0.8531,42.71,44
2021-03-12,Term 2 2021,9,4,0,50,0.8559,42.86,41
2021-03-15,Term 2 2021,10,0,0,50,0.8467,42.43,42
2021-03-16,Term 2 2021,10,1,0,50,0.8463,42.43,42
2021-03-17,Term 2 2021,10,2,0,50,0.8485,42.57,44
2021-03-18,Term 2 2021,10,3,0,50,0.8524,42.86,44
2021-03-19,Term 2 2021,10,4,0,50,0.8542,42.86,40
2021-03-22,Term 2 2021,11,0,0,50,0.8469,42.43,42
2021-03-23,Term 2 2021,11,1,0,50,0.8418,42.14,43
2021-03-24,Term 2 2021,11,2,0,50,0.8476,42.43,44
2021-03-25,Term 2 2021,11,3,0,50,0.8529,42.71,42
2021-03-26,Term 2 2021,11,4,0,50,0.8532,42.71,42
2021-03-29,Term 2 2021,12,0,1,50,0.8473,42.43,34
2021-03-30,Term 2 2021,12,1,1,50,0.8189,41.0,37
2021-03-31,Term 2 2021,12,2,1,50,0.8109,40.57,39
2021-04-01,Term 2 2021,12,3,1,50,0.8023,40.14,38
2021-04-02,Term 2 2021,12,4,1,50,0.7879,39.43,37
2021-04-05,Term 2 2021,13,0,1,50,0.7684,38.43,37
2021-04-06,Term 2 2021,13,1,1,50,0.753,37.71,37
2021-04-07,Term 2 2021,13,2,1,50,0.7402,37.0,36
2021-04-08,Term 2 2021,13,3,1,50,0.7458,37.29,36
2021-04-09,Term 2 2021,13,4,1,50,0.7423,37.14,36
2021-04-26,Term 3 2021,1,0,0,50,0.7341,36.71,39
2021-04-27,Term 3 2021,1,1,0,50,0.7398,36.86,39
2021-04-28,Term 3 2021,1,2,0,50,0.7466,37.14,41
2021-04-29,Term 3 2021,1,3,0,50,0.7574,37.71,41
2021-04-30,Term 3 2021,1,4,0,50,0.7691,38.29,39
2021-05-03,Term 3 2021,2,0,0,50,0.7756,38.71,43
2021-05-04,Term 3 2021,2,1,0,50,0.794,39.71,46
2021-05-05,Term 3 2021,2,2,0,50,0.8216,41.14,43
2021-05-06,Term 3 2021,2,3,0,50,0.831,41.71,42
2021-05-07,Term 3 2021,2,4,0,50,0.8386,42.14,41
2021-05-10,Term 3 2021,3,0,0,50,0.8387,42.14,40
2021-05-11,Term 3 2021,3,1,0,50,0.8355,42.0,45
2021-05-12,Term 3 2021,3,2,0,50,0.8528,42.86,44
2021-05-13,Term 3 2021,3,3,0,50,0.8578,43.0,43
2021-05-14,Term 3 2021,3,4,0,50,0.8494,42.57,43
2021-05-17,Term 3 2021,4,0,0,50,0.8494,42.57,43
2021-05-18,Term 3 2021,4,1,0,50,0.8508,42.71,43
2021-05-19,Term 3 2021,4,2,0,50,0.8567,43.0,44
2021-05-20,Term 3 2021,4,3,0,50,0.8694,43.57,45
2021-05-21,Term 3 2021,4,4,0,50,0.8702,43.57,40
2021-05-24,Term 3 2021,5,0,0,50,0.8594,43.0,43
2021-05-25,Term 3 2021,5,1,0,50,0.8591,43.0,46
2021-05-26,Term 3 2021,5,2,0,50,0.8679,43.43,42
2021-05-27,Term 3 2021,5,3,0,50,0.8675,43.29,42
2021-05-28,Term 3 2021,5,4,0,50,0.8659,43.14,41
2021-05-31,Term 3 2021,6,0,0,50,0.8568,42.71,42
2021-06-01,Term 3 2021,6,1,0,50,0.8488,42.29,46
2021-06-02,Term 3 2021,6,2,0,50,0.8642,43.14,44
2021-06-03,Term 3 2021,6,3,0,50,0.8665,43.29,45
2021-06-04,Term 3 2021,6,4,0,50,0.8636,43.14,40
2021-06-07,Term 3 2021,7,0,0,50,0.8576,42.86,42
2021-06-08,Term 3 2021,7,1,0,50,0.858,42.86,45
2021-06-09,Term 3 2021,7,2,0,50,0.8673,43.43,42
2021-06-10,Term 3 2021,7,3,0,50,0.8679,43.43,45
2021-06-11,Term 3 2021,7,4,0,50,0.8658,43.29,43
2021-06-14,Term 3 2021,8,0,0,50,0.8652,43.14,42
2021-06-15,Term 3 2021,8,1,0,50,0.8568,42.71,42
2021-06-16,Term 3 2021,8,2,0,50,0.863,43.0,46
2021-06-17,Term 3 2021,8,3,0,50,0.8735,43.57,45
2021-06-18,Term 3 2021,8,4,0,50,0.8753,43.57,41
2021-06-21,Term 3 2021,9,0,0,50,0.8724,43.43,41
2021-06-22,Term 3 2021,9,1,0,50,0.8613,42.86,43
2021-06-23,Term 3 2021,9,2,0,50,0.8615,42.86,44
2021-06-24,Term 3 2021,9,3,0,50,0.8676,43.14,43
2021-06-25,Term 3 2021,9,4,0,50,0.8701,43.29,43
2021-06-28,Term 3 2021,10,0,0,50,0.8629,42.86,43
2021-06-29,Term 3 2021,10,1,0,50,0.8562,42.57,42
2021-06-30,Term 3 2021,10,2,0,50,0.8591,42.71,46
2021-07-01,Term 3 2021,10,3,0,50,0.8724,43.43,45
2021-07-02,Term 3 2021,10,4,0,50,0.8754,43.71,43
2021-07-05,Term 3 2021,11,0,0,50,0.8734,43.57,42
2021-07-06,Term 3 2021,11,1,0,50,0.8704,43.43,44
2021-07-07,Term 3 2021,11,2,0,50,0.8714,43.57,45
2021-07-08,Term 3 2021,11,3,0,50,0.8775,43.86,46
2021-07-09,Term 3 2021,11,4,0,50,0.8873,44.43,41
2021-07-12,Term 3 2021,12,0,1,50,0.8737,43.71,37
2021-07-13,Term 3 2021,12,1,1,50,0.8514,42.57,38
2021-07-14,Term 3 2021,12,2,1,50,0.8367,41.86,38
2021-07-15,Term 3 2021,12,3,1,50,0.8241,41.29,38
2021-07-16,Term 3 2021,12,4,1,50,0.807,40.43,37
2021-07-19,Term 3 2021,13,0,1,50,0.7841,39.29,35
2021-07-20,Term 3 2021,13,1,1,50,0.7518,37.71,39
2021-07-21,Term 3 2021,13,2,1,50,0.7471,37.43,39
2021-07-22,Term 3 2021,13,3,1,50,0.7545,37.71,36
2021-07-23,Term 3 2021,13,4,1,50,0.7493,37.43,38
2021-08-09,Term 1 2021,1,0,0,50,0.7481,37.43,36
2021-08-10,Term 1 2021,1,1,0,50,0.7445,37.14,40
2021-08-11,Term 1 2021,1,2,0,50,0.7529,37.57,40
2021-08-12,Term 1 2021,1,3,0,50,0.7696,38.29,40
2021-08-13,Term 1 2021,1,4,0,50,0.77,38.43,36
2021-08-16,Term 1 2021,2,0,0,50,0.7608,38.0,43
2021-08-17,Term 1 2021,2,1,0,50,0.7795,39.0,43
2021-08-18,Term 1 2021,2,2,0,50,0.7944,39.71,43
2021-08-19,Term 1 2021,2,3,0,50,0.8126,40.71,45
2021-08-20,Term 1 2021,2,4,0,50,0.8278,41.43,41
2021-08-23,Term 1 2021,3,0,0,50,0.8305,41.57,43
2021-08-24,Term 1 2021,3,1,0,50,0.8405,42.0,45
2021-08-25,Term 1 2021,3,2,0,50,0.8653,43.29,43
2021-08-26,Term 1 2021,3,3,0,50,0.8659,43.29,42
2021-08-27,Term 1 2021,3,4,0,50,0.8639,43.14,44
2021-08-30,Term 1 2021,4,0,0,50,0.8666,43.29,40
2021-08-31,Term 1 2021,4,1,0,50,0.8513,42.57,45
2021-09-01,Term 1 2021,4,2,0,50,0.8614,43.14,44
2021-09-02,Term 1 2021,4,3,0,50,0.864,43.29,45
2021-09-03,Term 1 2021,4,4,0,50,0.8647,43.29,43
2021-09-06,Term 1 2021,5,0,0,50,0.8637,43.29,42
2021-09-07,Term 1 2021,5,1,0,50,0.8638,43.29,44
2021-09-08,Term 1 2021,5,2,0,50,0.8643,43.29,45
2021-09-09,Term 1 2021,5,3,0,50,0.8796,44.0,42
2021-09-10,Term 1 2021,5,4,0,50,0.8724,43.57,41
2021-09-13,Term 1 2021,6,0,0,50,0.8636,43.14,42
2021-09-14,Term 1 2021,6,1,0,50,0.8557,42.71,43
2021-09-15,Term 1 2021,6,2,0,50,0.857,42.71,44
2021-09-16,Term 1 2021,6,3,0,50,0.8634,43.0,44
2021-09-17,Term 1 2021,6,4,0,50,0.8632,43.0,42
2021-09-20,Term 1 2021,7,0,0,50,0.8545,42.57,41
2021-09-21,Term 1 2021,7,1,0,50,0.8512,42.43,45
2021-09-22,Term 1 2021,7,2,0,50,0.8629,43.0,43
2021-09-23,Term 1 2021,7,3,0,50,0.8659,43.14,45
2021-09-24,Term 1 2021,7,4,0,50,0.8705,43.43,41
2021-09-27,Term 1 2021,8,0,0,50,0.8612,43.0,41
2021-09-28,Term 1 2021,8,1,0,50,0.8515,42.57,42
2021-09-29,Term 1 2021,8,2,0,50,0.8526,42.57,43
2021-09-30,Term 1 2021,8,3,0,50,0.857,42.86,42
2021-10-01,Term 1 2021,8,4,0,50,0.8499,42.43,42
2021-10-04,Term 1 2021,9,0,0,50,0.8465,42.29,43
2021-10-05,Term 1 2021,9,1,0,50,0.8401,42.0,43
2021-10-06,Term 1 2021,9,2,0,50,0.8448,42.29,43
2021-10-07,Term 1 2021,9,3,0,50,0.8515,42.57,44
2021-10-08,Term 1 2021,9,4,0,50,0.8557,42.86,43
2021-10-11,Term 1 2021,10,0,0,50,0.856,42.86,43
2021-10-12,Term 1 2021,10,1,0,50,0.8587,43.0,44
2021-10-13,Term 1 2021,10,2,0,50,0.8643,43.29,43
2021-10-14,Term 1 2021,10,3,0,50,0.8659,43.29,42
2021-10-15,Term 1 2021,10,4,0,50,0.865,43.14,41
2021-10-18,Term 1 2021,11,0,0,50,0.859,42.86,40
2021-10-19,Term 1 2021,11,1,0,50,0.8489,42.29,43
2021-10-20,Term 1 2021,11,2,0,50,0.8484,42.29,42
2021-10-21,Term 1 2021,11,3,0,50,0.8445,42.14,44
2021-10-22,Term 1 2021,11,4,0,50,0.8446,42.14,41
2021-10-25,Term 1 2021,12,0,1,50,0.8388,41.86,37
2021-10-26,Term 1 2021,12,1,1,50,0.8245,41.14,38
2021-10-27,Term 1 2021,12,2,1,50,0.8172,40.71,39
2021-10-28,Term 1 2021,12,3,1,50,0.8126,40.57,37
2021-10-29,Term 1 2021,12,4,1,50,0.7948,39.71,37
2021-11-01,Term 1 2021,13,0,1,50,0.7817,39.0,35
2021-11-02,Term 1 2021,13,1,1,50,0.757,37.71,39
2021-11-03,Term 1 2021,13,2,1,50,0.7524,37.43,38
2021-11-04,Term 1 2021,13,3,1,50,0.755,37.57,38
2021-11-05,Term 1 2021,13,4,1,50,0.754,37.57,36
2021-11-22,Term 2 2021,1,0,0,50,0.7453,37.14,36
2021-11-23,Term 2 2021,1,1,0,50,0.7446,37.0,38
2021-11-24,Term 2 2021,1,2,0,50,0.7467,37.14,42
2021-11-25,Term 2 2021,1,3,0,50,0.7647,38.14,40
2021-11-26,Term 2 2021,1,4,0,50,0.7659,38.29,39
2021-11-29,Term 2 2021,2,0,0,50,0.7687,38.43,41
2021-11-30,Term 2 2021,2,1,0,50,0.7779,38.86,42
2021-12-01,Term 2 2021,2,2,0,50,0.7966,39.71,45
2021-12-02,Term 2 2021,2,3,0,50,0.8203,41.0,42
2021-12-03,Term 2 2021,2,4,0,50,0.8317,41.57,41
2021-12-06,Term 2 2021,3,0,0,50,0.8284,41.43,42
2021-12-07,Term 2 2021,3,1,0,50,0.8336,41.71,43
2021-12-08,Term 2 2021,3,2,0,50,0.8448,42.29,46
2021-12-09,Term 2 2021,3,3,0,50,0.8588,43.0,42
2021-12-10,Term 2 2021,3,4,0,50,0.8593,43.0,43
2021-12-13,Term 2 2021,4,0,0,50,0.8551,42.71,42
2021-12-14,Term 2 2021,4,1,0,50,0.8543,42.71,45
2021-12-15,Term 2 2021,4,2,0,50,0.8673,43.29,43
2021-12-16,Term 2 2021,4,3,0,50,0.8706,43.43,44
2021-12-17,Term 2 2021,4,4,0,50,0.8731,43.57,42
2021-12-20,Term 2 2021,5,0,0,50,0.8612,43.0,41
2021-12-21,Term 2 2021,5,1,0,50,0.8578,42.86,45
2021-12-22,Term 2 2021,5,2,0,50,0.8646,43.14,46
2021-12-23,Term 2 2021,5,3,0,50,0.8761,43.71,43
2021-12-24,Term 2 2021,5,4,0,50,0.8705,43.43,42
2021-12-27,Term 2 2021,6,0,0,50,0.8693,43.29,42
2021-12-28,Term 2 2021,6,1,0,50,0.8632,43.0,45
2021-12-29,Term 2 2021,6,2,0,50,0.8722,43.43,46
2021-12-30,Term 2 2021,6,3,0,50,0.8851,44.14,43
2021-12-31,Term 2 2021,6,4,0,50,0.8777,43.86,41
2022-01-03,Term 2 2021,7,0,0,50,0.8631,43.14,42
2022-01-04,Term 2 2021,7,1,0,50,0.86,43.0,43
2022-01-05,Term 2 2021,7,2,0,50,0.8604,43.14,43
2022-01-06,Term 2 2021,7,3,0,50,0.8625,43.29,42
2022-01-07,Term 2 2021,7,4,0,50,0.8549,42.86,40
2022-01-10,Term 2 2021,8,0,0,50,0.8384,42.0,41
2022-01-11,Term 2 2021,8,1,0,50,0.8341,41.71,44
2022-01-12,Term 2 2021,8,2,0,50,0.8441,42.14,43
2022-01-13,Term 2 2021,8,3,0,50,0.8471,42.29,43
2022-01-14,Term 2 2021,8,4,0,50,0.8479,42.29,43
2022-01-17,Term 2 2021,9,0,0,50,0.8483,42.29,42
2022-01-18,Term 2 2021,9,1,0,50,0.8483,42.29,44
2022-01-19,Term 2 2021,9,2,0,50,0.8592,42.86,45
2022-01-20,Term 2 2021,9,3,0,50,0.8691,43.43,46
2022-01-21,Term 2 2021,9,4,0,50,0.8728,43.71,43
2022-01-24,Term 2 2021,10,0,0,50,0.8728,43.71,42
2022-01-25,Term 2 2021,10,1,0,50,0.8701,43.57,45
2022-01-26,Term 2 2021,10,2,0,50,0.8753,43.86,46
2022-01-27,Term 2 2021,10,3,0,50,0.8851,44.43,44
2022-01-28,Term 2 2021,10,4,0,50,0.8848,44.43,42
2022-01-31,Term 2 2021,11,0,0,50,0.8774,44.0,42
2022-02-01,Term 2 2021,11,1,0,50,0.8671,43.43,46
2022-02-02,Term 2 2021,11,2,0,50,0.8742,43.86,45
2022-02-03,Term 2 2021,11,3,0,50,0.8837,44.29,42
2022-02-04,Term 2 2021,11,4,0,50,0.8769,43.86,41
2022-02-07,Term 2 2021,12,0,1,50,0.8625,43.14,35
2022-02-08,Term 2 2021,12,1,1,50,0.8368,41.86,39
2022-02-09,Term 2 2021,12,2,1,50,0.8277,41.43,38
2022-02-10,Term 2 2021,12,3,1,50,0.8168,40.86,37
2022-02-11,Term 2 2021,12,4,1,50,0.7926,39.57,34
2022-02-14,Term 2 2021,13,0,1,50,0.7617,38.0,36
2022-02-15,Term 2 2021,13,1,1,50,0.7445,37.14,39
2022-02-16,Term 2 2021,13,2,1,50,0.7392,36.86,40
2022-02-17,Term 2 2021,13,3,1,50,0.7536,37.57,38
2022-02-18,Term 2 2021,13,4,1,50,0.7507,37.43,36
2022-03-07,Term 3 2022,1,0,0,50,0.7441,37.14,36
2022-03-08,Term 3 2022,1,1,0,50,0.7403,37.0,38
2022-03-09,Term 3 2022,1,2,0,50,0.7508,37.57,40
2022-03-10,Term 3 2022,1,3,0,50,0.7607,38.14,39
2022-03-11,Term 3 2022,1,4,0,50,0.7621,38.14,37
2022-03-14,Term 3 2022,2,0,0,50,0.7542,37.71,40
2022-03-15,Term 3 2022,2,1,0,50,0.7595,38.0,46
2022-03-16,Term 3 2022,2,2,0,50,0.7878,39.43,45
2022-03-17,Term 3 2022,2,3,0,50,0.815,40.71,44
2022-03-18,Term 3 2022,2,4,0,50,0.8325,41.57,44
2022-03-21,Term 3 2022,3,0,0,50,0.8442,42.14,43
2022-03-22,Term 3 2022,3,1,0,50,0.8562,42.71,45
2022-03-23,Term 3 2022,3,2,0,50,0.8782,43.86,43
2022-03-24,Term 3 2022,3,3,0,50,0.8873,44.29,42
2022-03-25,Term 3 2022,3,4,0,50,0.8768,43.71,43
2022-03-28,Term 3 2022,4,0,0,50,0.8702,43.43,41
2022-03-29,Term 3 2022,4,1,0,50,0.8618,43.0,45
2022-03-30,Term 3 2022,4,2,0,50,0.8641,43.14,46
2022-03-31,Term 3 2022,4,3,0,50,0.8703,43.57,43
2022-04-01,Term 3 2022,4,4,0,50,0.8647,43.29,42
2022-04-04,Term 3 2022,5,0,0,50,0.8626,43.14,42
2022-04-05,Term 3 2022,5,1,0,50,0.8622,43.14,44
2022-04-06,Term 3 2022,5,2,0,50,0.8649,43.29,42
2022-04-07,Term 3 2022,5,3,0,50,0.8677,43.43,43
2022-04-08,Term 3 2022,5,4,0,50,0.8643,43.14,41
2022-04-11,Term 3 2022,6,0,0,50,0.8519,42.43,42
2022-04-12,Term 3 2022,6,1,0,50,0.8503,42.29,45
2022-04-13,Term 3 2022,6,2,0,50,0.8592,42.71,43
2022-04-14,Term 3 2022,6,3,0,50,0.8628,42.86,45
2022-04-15,Term 3 2022,6,4,0,50,0.8651,43.0,41
2022-04-18,Term 3 2022,7,0,0,50,0.8617,42.86,43
2022-04-19,Term 3 2022,7,1,0,50,0.8614,42.86,45
2022-04-20,Term 3 2022,7,2,0,50,0.8726,43.43,44
2022-04-21,Term 3 2022,7,3,0,50,0.8783,43.71,44
2022-04-22,Term 3 2022,7,4,0,50,0.8737,43.57,41
2022-04-25,Term 3 2022,8,0,0,50,0.8678,43.29,41
2022-04-26,Term 3 2022,8,1,0,50,0.8565,42.71,46
2022-04-27,Term 3 2022,8,2,0,50,0.87,43.43,44
2022-04-28,Term 3 2022,8,3,0,50,0.8709,43.57,44
2022-04-29,Term 3 2022,8,4,0,50,0.8675,43.43,44
2022-05-02,Term 3 2022,9,0,0,50,0.8668,43.43,42
2022-05-03,Term 3 2022,9,1,0,50,0.862,43.14,44
2022-05-04,Term 3 2022,9,2,0,50,0.8703,43.57,44
2022-05-05,Term 3 2022,9,3,0,50,0.8785,44.0,43
2022-05-06,Term 3 2022,9,4,0,50,0.8695,43.57,41
2022-05-09,Term 3 2022,10,0,0,50,0.8633,43.14,43
2022-05-10,Term 3 2022,10,1,0,50,0.8589,43.0,45
2022-05-11,Term 3 2022,10,2,0,50,0.8605,43.14,45
2022-05-12,Term 3 2022,10,3,0,50,0.8688,43.57,43
2022-05-13,Term 3 2022,10,4,0,50,0.8649,43.43,42
2022-05-16,Term 3 2022,11,0,0,50,0.8608,43.14,43
2022-05-17,Term 3 2022,11,1,0,50,0.8621,43.14,44
2022-05-18,Term 3 2022,11,2,0,50,0.8687,43.57,45
2022-05-19,Term 3 2022,11,3,0,50,0.8752,43.86,42
2022-05-20,Term 3 2022,11,4,0,50,0.8694,43.43,44
2022-05-23,Term 3 2022,12,0,1,50,0.8661,43.29,36
2022-05-24,Term 3 2022,12,1,1,50,0.8465,42.29,37
2022-05-25,Term 3 2022,12,2,1,50,0.8315,41.57,37
2022-05-26,Term 3 2022,12,3,1,50,0.8127,40.71,38
2022-05-27,Term 3 2022,12,4,1,50,0.7969,39.86,36
2022-05-30,Term 3 2022,13,0,1,50,0.7723,38.57,34
2022-05-31,Term 3 2022,13,1,1,50,0.7477,37.43,40
2022-06-01,Term 3 2022,13,2,1,50,0.7365,36.86,40
2022-06-02,Term 3 2022,13,3,1,50,0.7471,37.43,38
2022-06-03,Term 3 2022,13,4,1,50,0.7497,37.57,34
2022-06-20,Term 1 2022,1,0,0,50,0.7435,37.14,39
2022-06-21,Term 1 2022,1,1,0,50,0.7453,37.29,40
2022-06-22,Term 1 2022,1,2,0,50,0.7561,37.86,41
2022-06-23,Term 1 2022,1,3,0,50,0.7761,38.86,40
2022-06-24,Term 1 2022,1,4,0,50,0.7763,38.86,37
2022-06-27,Term 1 2022,2,0,0,50,0.769,38.43,43
2022-06-28,Term 1 2022,2,1,0,50,0.7832,39.14,46
2022-06-29,Term 1 2022,2,2,0,50,0.8159,40.86,43
2022-06-30,Term 1 2022,2,3,0,50,0.8278,41.43,44
2022-07-01,Term 1 2022,2,4,0,50,0.8398,42.0,42
2022-07-04,Term 1 2022,3,0,0,50,0.8417,42.14,43
2022-07-05,Term 1 2022,3,1,0,50,0.8507,42.57,44
2022-07-06,Term 1 2022,3,2,0,50,0.8706,43.57,46
2022-07-07,Term 1 2022,3,3,0,50,0.8782,44.0,45
2022-07-08,Term 1 2022,3,4,0,50,0.8769,43.86,41
2022-07-11,Term 1 2022,4,0,0,50,0.8715,43.57,43
2022-07-12,Term 1 2022,4,1,0,50,0.8671,43.43,44
2022-07-13,Term 1 2022,4,2,0,50,0.8732,43.71,46
2022-07-14,Term 1 2022,4,3,0,50,0.8805,44.14,44
2022-07-15,Term 1 2022,4,4,0,50,0.8805,44.14,43
2022-07-18,Term 1 2022,5,0,0,50,0.8741,43.71,41
2022-07-19,Term 1 2022,5,1,0,50,0.8603,43.14,43
2022-07-20,Term 1 2022,5,2,0,50,0.8663,43.43,44
2022-07-21,Term 1 2022,5,3,0,50,0.8711,43.57,46
2022-07-22,Term 1 2022,5,4,0,50,0.8778,43.86,42
2022-07-25,Term 1 2022,6,0,0,50,0.867,43.29,40
2022-07-26,Term 1 2022,6,1,0,50,0.8557,42.71,44
2022-07-27,Term 1 2022,6,2,0,50,0.8582,42.86,43
2022-07-28,Term 1 2022,6,3,0,50,0.8661,43.14,44
2022-07-29,Term 1 2022,6,4,0,50,0.869,43.29,42
2022-08-01,Term 1 2022,7,0,0,50,0.8628,43.0,41
2022-08-02,Term 1 2022,7,1,0,50,0.8494,42.29,43
2022-08-03,Term 1 2022,7,2,0,50,0.8532,42.43,43
2022-08-04,Term 1 2022,7,3,0,50,0.8608,42.86,45
2022-08-05,Term 1 2022,7,4,0,50,0.8626,43.0,42
2022-08-08,Term 1 2022,8,0,0,50,0.8595,42.86,40
2022-08-09,Term 1 2022,8,1,0,50,0.8487,42.29,45
2022-08-10,Term 1 2022,8,2,0,50,0.8571,42.71,42
2022-08-11,Term 1 2022,8,3,0,50,0.8595,42.86,45
2022-08-12,Term 1 2022,8,4,0,50,0.8643,43.14,43
2022-08-15,Term 1 2022,9,0,0,50,0.8645,43.14,43
2022-08-16,Term 1 2022,9,1,0,50,0.8587,42.86,44
2022-08-17,Term 1 2022,9,2,0,50,0.8623,43.14,45
2022-08-18,Term 1 2022,9,3,0,50,0.8743,43.86,45
2022-08-19,Term 1 2022,9,4,0,50,0.8749,43.86,44
2022-08-22,Term 1 2022,10,0,0,50,0.8799,44.14,41
2022-08-23,Term 1 2022,10,1,0,50,0.8699,43.57,42
2022-08-24,Term 1 2022,10,2,0,50,0.868,43.43,44
2022-08-25,Term 1 2022,10,3,0,50,0.8716,43.57,44
2022-08-26,Term 1 2022,10,4,0,50,0.8739,43.57,43
2022-08-29,Term 1 2022,11,0,0,50,0.8705,43.29,43
2022-08-30,Term 1 2022,11,1,0,50,0.864,43.0,44
2022-08-31,Term 1 2022,11,2,0,50,0.8635,43.0,44
2022-09-01,Term 1 2022,11,3,0,50,0.871,43.43,44
2022-09-02,Term 1 2022,11,4,0,50,0.8758,43.71,43
2022-09-05,Term 1 2022,12,0,1,50,0.8726,43.57,35
2022-09-06,Term 1 2022,12,1,1,50,0.8463,42.29,39
2022-09-07,Term 1 2022,12,2,1,50,0.8324,41.71,37
2022-09-08,Term 1 2022,12,3,1,50,0.8142,40.86,38
2022-09-09,Term 1 2022,12,4,1,50,0.7974,40.0,38
2022-09-12,Term 1 2022,13,0,1,50,0.7796,39.14,35
2022-09-13,Term 1 2022,13,1,1,50,0.7539,37.86,39
2022-09-14,Term 1 2022,13,2,1,50,0.7422,37.29,39
2022-09-15,Term 1 2022,13,3,1,50,0.752,37.86,39
2022-09-16,Term 1 2022,13,4,1,50,0.7543,37.86,37
2022-10-03,Term 2 2022,1,0,0,50,0.7566,37.86,39
2022-10-04,Term 2 2022,1,1,0,50,0.7596,38.0,40
2022-10-05,Term 2 2022,1,2,0,50,0.7643,38.29,39
2022-10-06,Term 2 2022,1,3,0,50,0.7769,38.86,41
2022-10-07,Term 2 2022,1,4,0,50,0.7829,39.14,39
2022-10-10,Term 2 2022,2,0,0,50,0.7841,39.14,43
2022-10-11,Term 2 2022,2,1,0,50,0.7944,39.71,42
2022-10-12,Term 2 2022,2,2,0,50,0.8079,40.43,42
2022-10-13,Term 2 2022,2,3,0,50,0.8175,40.86,45
2022-10-14,Term 2 2022,2,4,0,50,0.8318,41.57,44
2022-10-17,Term 2 2022,3,0,0,50,0.8444,42.29,43
2022-10-18,Term 2 2022,3,1,0,50,0.8519,42.57,45
2022-10-19,Term 2 2022,3,2,0,50,0.8688,43.43,44
2022-10-20,Term 2 2022,3,3,0,50,0.871,43.57,42
2022-10-21,Term 2 2022,3,4,0,50,0.8717,43.57,43
2022-10-24,Term 2 2022,4,0,0,50,0.8724,43.71,43
2022-10-25,Term 2 2022,4,1,0,50,0.868,43.43,44
2022-10-26,Term 2 2022,4,2,0,50,0.8683,43.43,45
2022-10-27,Term 2 2022,4,3,0,50,0.872,43.71,46
2022-10-28,Term 2 2022,4,4,0,50,0.8738,43.86,40
2022-10-31,Term 2 2022,5,0,0,50,0.8636,43.29,43
2022-11-01,Term 2 2022,5,1,0,50,0.8645,43.43,43
2022-11-02,Term 2 2022,5,2,0,50,0.8663,43.43,43
2022-11-03,Term 2 2022,5,3,0,50,0.8677,43.43,43
2022-11-04,Term 2 2022,5,4,0,50,0.8643,43.29,42
2022-11-07,Term 2 2022,6,0,0,50,0.8568,42.86,42
2022-11-08,Term 2 2022,6,1,0,50,0.8458,42.29,45
2022-11-09,Term 2 2022,6,2,0,50,0.86,43.0,43
2022-11-10,Term 2 2022,6,3,0,50,0.86,43.0,42
2022-11-11,Term 2 2022,6,4,0,50,0.8575,42.86,43
2022-11-14,Term 2 2022,7,0,0,50,0.8575,42.86,42
2022-11-15,Term 2 2022,7,1,0,50,0.8558,42.71,43
2022-11-16,Term 2 2022,7,2,0,50,0.8582,42.86,46
2022-11-17,Term 2 2022,7,3,0,50,0.8693,43.43,43
2022-11-18,Term 2 2022,7,4,0,50,0.8618,43.14,42
2022-11-21,Term 2 2022,8,0,0,50,0.8595,43.0,41
2022-11-22,Term 2 2022,8,1,0,50,0.8543,42.86,43
2022-11-23,Term 2 2022,8,2,0,50,0.853,42.86,42
2022-11-24,Term 2 2022,8,3,0,50,0.8532,42.86,45
2022-11-25,Term 2 2022,8,4,0,50,0.8596,43.14,44
2022-11-28,Term 2 2022,9,0,0,50,0.8538,42.86,42
2022-11-29,Term 2 2022,9,1,0,50,0.8527,42.71,43
2022-11-30,Term 2 2022,9,2,0,50,0.855,42.86,44
2022-12-01,Term 2 2022,9,3,0,50,0.8643,43.29,43
2022-12-02,Term 2 2022,9,4,0,50,0.8653,43.29,42
2022-12-05,Term 2 2022,10,0,0,50,0.8662,43.29,42
2022-12-06,Term 2 2022,10,1,0,50,0.8571,42.86,44
2022-12-07,Term 2 2022,10,2,0,50,0.8574,42.86,43
2022-12-08,Term 2 2022,10,3,0,50,0.8596,43.0,45
2022-12-09,Term 2 2022,10,4,0,50,0.8675,43.29,41
2022-12-12,Term 2 2022,11,0,0,50,0.859,42.86,41
2022-12-13,Term 2 2022,11,1,0,50,0.8523,42.57,44
2022-12-14,Term 2 2022,11,2,0,50,0.8569,42.86,43
2022-12-15,Term 2 2022,11,3,0,50,0.8594,43.0,44
2022-12-16,Term 2 2022,11,4,0,50,0.8611,43.0,42
2022-12-19,Term 2 2022,12,0,1,50,0.8591,42.86,37
2022-12-20,Term 2 2022,12,1,1,50,0.8365,41.71,37
2022-12-21,Term 2 2022,12,2,1,50,0.8262,41.14,40
2022-12-22,Term 2 2022,12,3,1,50,0.823,41.0,39
2022-12-23,Term 2 2022,12,4,1,50,0.8078,40.29,35
2022-12-26,Term 2 2022,13,0,1,50,0.7854,39.14,36
2022-12-27,Term 2 2022,13,1,1,50,0.761,38.0,39
2022-12-28,Term 2 2022,13,2,1,50,0.7509,37.57,39
2022-12-29,Term 2 2022,13,3,1,50,0.7552,37.86,36
2022-12-30,Term 2 2022,13,4,1,50,0.7524,37.71,36
2023-01-16,Term 3 2023,1,0,0,50,0.7424,37.14,37
2023-01-17,Term 3 2023,1,1,0,50,0.7391,36.86,42
2023-01-18,Term 3 2023,1,2,0,50,0.7577,37.86,39
2023-01-19,Term 3 2023,1,3,0,50,0.7674,38.29,41
2023-01-20,Term 3 2023,1,4,0,50,0.7744,38.57,38
2023-01-23,Term 3 2023,2,0,0,50,0.7728,38.43,41
2023-01-24,Term 3 2023,2,1,0,50,0.7863,39.14,45
2023-01-25,Term 3 2023,2,2,0,50,0.8095,40.43,44
2023-01-26,Term 3 2023,2,3,0,50,0.8295,41.43,45
2023-01-27,Term 3 2023,2,4,0,50,0.8383,41.86,43
2023-01-30,Term 3 2023,3,0,0,50,0.849,42.43,42
2023-01-31,Term 3 2023,3,1,0,50,0.8517,42.57,45
2023-02-01,Term 3 2023,3,2,0,50,0.8715,43.57,45
2023-02-02,Term 3 2023,3,3,0,50,0.8818,44.14,46
2023-02-03,Term 3 2023,3,4,0,50,0.8849,44.29,43
2023-02-06,Term 3 2023,4,0,0,50,0.8794,44.14,41
2023-02-07,Term 3 2023,4,1,0,50,0.8681,43.57,44
2023-02-08,Term 3 2023,4,2,0,50,0.8706,43.71,44
2023-02-09,Term 3 2023,4,3,0,50,0.8768,44.0,45
2023-02-10,Term 3 2023,4,4,0,50,0.8756,44.0,40
2023-02-13,Term 3 2023,5,0,0,50,0.8637,43.29,41
2023-02-14,Term 3 2023,5,1,0,50,0.8496,42.57,45
2023-02-15,Term 3 2023,5,2,0,50,0.8565,42.86,43
2023-02-16,Term 3 2023,5,3,0,50,0.8621,43.14,43
2023-02-17,Term 3 2023,5,4,0,50,0.8586,43.0,42
2023-02-20,Term 3 2023,6,0,0,50,0.8524,42.71,43
2023-02-21,Term 3 2023,6,1,0,50,0.848,42.43,44
2023-02-22,Term 3 2023,6,2,0,50,0.8588,43.0,46
2023-02-23,Term 3 2023,6,3,0,50,0.873,43.71,45
2023-02-24,Term 3 2023,6,4,0,50,0.8739,43.71,41
2023-02-27,Term 3 2023,7,0,0,50,0.8692,43.43,43
2023-02-28,Term 3 2023,7,1,0,50,0.8699,43.43,44
2023-03-01,Term 3 2023,7,2,0,50,0.875,43.71,45
2023-03-02,Term 3 2023,7,3,0,50,0.8802,44.0,45
2023-03-03,Term 3 2023,7,4,0,50,0.8827,44.14,41
2023-03-06,Term 3 2023,8,0,0,50,0.8704,43.43,40
2023-03-07,Term 3 2023,8,1,0,50,0.8551,42.71,46
2023-03-08,Term 3 2023,8,2,0,50,0.8689,43.43,43
2023-03-09,Term 3 2023,8,3,0,50,0.8682,43.43,46
2023-03-10,Term 3 2023,8,4,0,50,0.8737,43.71,43
2023-03-13,Term 3 2023,9,0,0,50,0.8686,43.43,42
2023-03-14,Term 3 2023,9,1,0,50,0.8612,43.0,46
2023-03-15,Term 3 2023,9,2,0,50,0.8743,43.71,46
2023-03-16,Term 3 2023,9,3,0,50,0.8912,44.57,45
2023-03-17,Term 3 2023,9,4,0,50,0.8894,44.43,41
2023-03-20,Term 3 2023,10,0,0,50,0.8862,44.14,43
2023-03-21,Term 3 2023,10,1,0,50,0.8771,43.71,42
2023-03-22,Term 3 2023,10,2,0,50,0.8731,43.57,44
2023-03-23,Term 3 2023,10,3,0,50,0.8781,43.86,44
2023-03-24,Term 3 2023,10,4,0,50,0.8721,43.57,43
2023-03-27,Term 3 2023,11,0,0,50,0.863,43.14,42
2023-03-28,Term 3 2023,11,1,0,50,0.8544,42.71,44
2023-03-29,Term 3 2023,11,2,0,50,0.8626,43.14,45
2023-03-30,Term 3 2023,11,3,0,50,0.8701,43.43,46
2023-03-31,Term 3 2023,11,4,0,50,0.8807,44.0,40
2023-04-03,Term 3 2023,12,0,1,50,0.8701,43.43,34
2023-04-04,Term 3 2023,12,1,1,50,0.8433,42.0,36
2023-04-05,Term 3 2023,12,2,1,50,0.8244,41.0,40
2023-04-06,Term 3 2023,12,3,1,50,0.8168,40.71,38
2023-04-07,Term 3 2023,12,4,1,50,0.7994,39.86,38
2023-04-10,Term 3 2023,13,0,1,50,0.7776,38.86,34
2023-04-11,Term 3 2023,13,1,1,50,0.7451,37.14,36
2023-04-12,Term 3 2023,13,2,1,50,0.7332,36.57,39
2023-04-13,Term 3 2023,13,3,1,50,0.7471,37.29,40
2023-04-14,Term 3 2023,13,4,1,50,0.7572,37.86,35
2023-05-01,Term 1 2023,1,0,0,50,0.7448,37.14,37
2023-05-02,Term 1 2023,1,1,0,50,0.7417,37.0,39
2023-05-03,Term 1 2023,1,2,0,50,0.7442,37.14,42
2023-05-04,Term 1 2023,1,3,0,50,0.7654,38.29,39
2023-05-05,Term 1 2023,1,4,0,50,0.7738,38.71,38
2023-05-08,Term 1 2023,2,0,0,50,0.77,38.57,40
2023-05-09,Term 1 2023,2,1,0,50,0.7708,38.57,46
2023-05-10,Term 1 2023,2,2,0,50,0.8003,40.14,43
2023-05-11,Term 1 2023,2,3,0,50,0.8158,41.0,44
2023-05-12,Term 1 2023,2,4,0,50,0.8308,41.71,43
2023-05-15,Term 1 2023,3,0,0,50,0.8333,41.86,42
2023-05-16,Term 1 2023,3,1,0,50,0.8426,42.29,46
2023-05-17,Term 1 2023,3,2,0,50,0.865,43.43,44
2023-05-18,Term 1 2023,3,3,0,50,0.8758,44.0,45
2023-05-19,Term 1 2023,3,4,0,50,0.8741,43.86,41
2023-05-22,Term 1 2023,4,0,0,50,0.8686,43.57,41
2023-05-23,Term 1 2023,4,1,0,50,0.861,43.14,42
2023-05-24,Term 1 2023,4,2,0,50,0.8602,43.0,44
2023-05-25,Term 1 2023,4,3,0,50,0.8645,43.29,44
2023-05-26,Term 1 2023,4,4,0,50,0.8583,43.0,44
2023-05-29,Term 1 2023,5,0,0,50,0.8587,43.0,40
2023-05-30,Term 1 2023,5,1,0,50,0.8434,42.29,43
2023-05-31,Term 1 2023,5,2,0,50,0.8516,42.57,44
2023-06-01,Term 1 2023,5,3,0,50,0.8591,43.0,46
2023-06-02,Term 1 2023,5,4,0,50,0.8688,43.57,43
2023-06-05,Term 1 2023,6,0,0,50,0.8673,43.43,40
2023-06-06,Term 1 2023,6,1,0,50,0.8566,42.86,45
2023-06-07,Term 1 2023,6,2,0,50,0.8593,43.0,44
2023-06-08,Term 1 2023,6,3,0,50,0.8723,43.57,46
2023-06-09,Term 1 2023,6,4,0,50,0.8792,44.0,41
2023-06-12,Term 1 2023,7,0,0,50,0.8725,43.57,41
2023-06-13,Term 1 2023,7,1,0,50,0.8591,42.86,43
2023-06-14,Term 1 2023,7,2,0,50,0.8572,42.86,42
2023-06-15,Term 1 2023,7,3,0,50,0.8646,43.14,45
2023-06-16,Term 1 2023,7,4,0,50,0.8665,43.14,42
2023-06-19,Term 1 2023,8,0,0,50,0.8597,42.86,42
2023-06-20,Term 1 2023,8,1,0,50,0.849,42.29,45
2023-06-21,Term 1 2023,8,2,0,50,0.8579,42.86,44
2023-06-22,Term 1 2023,8,3,0,50,0.8673,43.29,42
2023-06-23,Term 1 2023,8,4,0,50,0.8654,43.14,43
2023-06-26,Term 1 2023,9,0,0,50,0.8673,43.29,40
2023-06-27,Term 1 2023,9,1,0,50,0.8532,42.57,43
2023-06-28,Term 1 2023,9,2,0,50,0.8552,42.71,44
2023-06-29,Term 1 2023,9,3,0,50,0.8612,43.0,42
2023-06-30,Term 1 2023,9,4,0,50,0.8547,42.57,43
2023-07-03,Term 1 2023,10,0,0,50,0.8509,42.43,40
2023-07-04,Term 1 2023,10,1,0,50,0.8459,42.14,43
2023-07-05,Term 1 2023,10,2,0,50,0.8451,42.14,45
2023-07-06,Term 1 2023,10,3,0,50,0.8594,42.86,43
2023-07-07,Term 1 2023,10,4,0,50,0.8617,42.86,41
2023-07-10,Term 1 2023,11,0,0,50,0.8512,42.43,43
2023-07-11,Term 1 2023,11,1,0,50,0.8535,42.57,42
2023-07-12,Term 1 2023,11,2,0,50,0.8505,42.43,45
2023-07-13,Term 1 2023,11,3,0,50,0.8651,43.14,43
2023-07-14,Term 1 2023,11,4,0,50,0.8643,43.14,41
2023-07-17,Term 1 2023,12,0,1,50,0.8501,42.57,35
2023-07-18,Term 1 2023,12,1,1,50,0.825,41.43,37
2023-07-19,Term 1 2023,12,2,1,50,0.8139,40.86,39
2023-07-20,Term 1 2023,12,3,1,50,0.8011,40.29,36
2023-07-21,Term 1 2023,12,4,1,50,0.7843,39.43,34
2023-07-24,Term 1 2023,13,0,1,50,0.7518,37.86,37
2023-07-25,Term 1 2023,13,1,1,50,0.7348,37.0,37
2023-07-26,Term 1 2023,13,2,1,50,0.7246,36.43,37
2023-07-27,Term 1 2023,13,3,1,50,0.7326,36.71,37
2023-07-28,Term 1 2023,13,4,1,50,0.7326,36.71,34
2023-08-14,Term 2 2023,1,0,0,50,0.7199,36.0,38
2023-08-15,Term 2 2023,1,1,0,50,0.7267,36.29,40
2023-08-16,Term 2 2023,1,2,0,50,0.7439,37.14,41
2023-08-17,Term 2 2023,1,3,0,50,0.7563,37.71,40
2023-08-18,Term 2 2023,1,4,0,50,0.7647,38.14,39
2023-08-21,Term 2 2023,2,0,0,50,0.7699,38.43,42
2023-08-22,Term 2 2023,2,1,0,50,0.7838,39.14,42
2023-08-23,Term 2 2023,2,2,0,50,0.8073,40.29,44
2023-08-24,Term 2 2023,2,3,0,50,0.8232,41.14,46
2023-08-25,Term 2 2023,2,4,0,50,0.8394,42.0,40
2023-08-28,Term 2 2023,3,0,0,50,0.8371,41.86,43
2023-08-29,Term 2 2023,3,1,0,50,0.8449,42.29,45
2023-08-30,Term 2 2023,3,2,0,50,0.863,43.14,44
2023-08-31,Term 2 2023,3,3,0,50,0.8703,43.43,44
2023-09-01,Term 2 2023,3,4,0,50,0.8743,43.71,44
2023-09-04,Term 2 2023,4,0,0,50,0.8738,43.71,40
2023-09-05,Term 2 2023,4,1,0,50,0.8566,42.86,44
2023-09-06,Term 2 2023,4,2,0,50,0.8672,43.43,44
2023-09-07,Term 2 2023,4,3,0,50,0.87,43.57,45
2023-09-08,Term 2 2023,4,4,0,50,0.8679,43.57,42
2023-09-11,Term 2 2023,5,0,0,50,0.8619,43.29,43
2023-09-12,Term 2 2023,5,1,0,50,0.8599,43.14,42
2023-09-13,Term 2 2023,5,2,0,50,0.8554,42.86,42
2023-09-14,Term 2 2023,5,3,0,50,0.8628,43.14,44
2023-09-15,Term 2 2023,5,4,0,50,0.8643,43.14,40
2023-09-18,Term 2 2023,6,0,0,50,0.8548,42.57,41
2023-09-19,Term 2 2023,6,1,0,50,0.8429,42.0,45
2023-09-20,Term 2 2023,6,2,0,50,0.8503,42.43,44
2023-09-21,Term 2 2023,6,3,0,50,0.8533,42.57,43
2023-09-22,Term 2 2023,6,4,0,50,0.8561,42.71,44
2023-09-25,Term 2 2023,7,0,0,50,0.8609,43.0,42
2023-09-26,Term 2 2023,7,1,0,50,0.8528,42.71,44
2023-09-27,Term 2 2023,7,2,0,50,0.863,43.29,44
2023-09-28,Term 2 2023,7,3,0,50,0.8739,43.71,42
2023-09-29,Term 2 2023,7,4,0,50,0.8678,43.29,43
2023-10-02,Term 2 2023,8,0,0,50,0.8638,43.14,43
2023-10-03,Term 2 2023,8,1,0,50,0.8627,43.14,45
2023-10-04,Term 2 2023,8,2,0,50,0.8645,43.29,45
2023-10-05,Term 2 2023,8,3,0,50,0.8744,43.71,45
2023-10-06,Term 2 2023,8,4,0,50,0.8774,43.86,41
2023-10-09,Term 2 2023,9,0,0,50,0.8672,43.43,41
2023-10-10,Term 2 2023,9,1,0,50,0.8641,43.29,43
2023-10-11,Term 2 2023,9,2,0,50,0.8644,43.29,43
2023-10-12,Term 2 2023,9,3,0,50,0.8657,43.29,44
2023-10-13,Term 2 2023,9,4,0,50,0.8635,43.14,42
2023-10-16,Term 2 2023,10,0,0,50,0.8537,42.71,40
2023-10-17,Term 2 2023,10,1,0,50,0.8394,42.0,44
2023-10-18,Term 2 2023,10,2,0,50,0.8475,42.43,45
2023-10-19,Term 2 2023,10,3,0,50,0.8571,43.0,43
2023-10-20,Term 2 2023,10,4,0,50,0.8588,43.0,41
2023-10-23,Term 2 2023,11,0,0,50,0.8509,42.71,43
2023-10-24,Term 2 2023,11,1,0,50,0.8492,42.57,42
2023-10-25,Term 2 2023,11,2,0,50,0.8509,42.57,45
2023-10-26,Term 2 2023,11,3,0,50,0.8664,43.29,42
2023-10-27,Term 2 2023,11,4,0,50,0.8626,43.0,40
2023-10-30,Term 2 2023,12,0,1,50,0.8504,42.29,36
2023-10-31,Term 2 2023,12,1,1,50,0.8303,41.29,39
2023-11-01,Term 2 2023,12,2,1,50,0.8264,41.0,38
2023-11-02,Term 2 2023,12,3,1,50,0.8122,40.29,38
2023-11-03,Term 2 2023,12,4,1,50,0.801,39.71,36
2023-11-06,Term 2 2023,13,0,1,50,0.7751,38.43,35
2023-11-07,Term 2 2023,13,1,1,50,0.7535,37.43,36
2023-11-08,Term 2 2023,13,2,1,50,0.7424,36.86,37
2023-11-09,Term 2 2023,13,3,1,50,0.7451,37.0,39
2023-11-10,Term 2 2023,13,4,1,50,0.7434,37.0,37
2023-11-27,Term 3 2023,1,0,0,50,0.7399,36.86,39
2023-11-28,Term 3 2023,1,1,0,50,0.7417,37.0,41
2023-11-29,Term 3 2023,1,2,0,50,0.755,37.71,42
2023-11-30,Term 3 2023,1,3,0,50,0.7751,38.71,40
2023-12-01,Term 3 2023,1,4,0,50,0.7863,39.29,37
2023-12-04,Term 3 2023,2,0,0,50,0.7863,39.29,42
2023-12-05,Term 3 2023,2,1,0,50,0.7953,39.71,43
2023-12-06,Term 3 2023,2,2,0,50,0.812,40.57,45
2023-12-07,Term 3 2023,2,3,0,50,0.8281,41.43,43
2023-12-08,Term 3 2023,2,4,0,50,0.8339,41.71,40
2023-12-11,Term 3 2023,3,0,0,50,0.8298,41.43,43
2023-12-12,Term 3 2023,3,1,0,50,0.8369,41.86,43
2023-12-13,Term 3 2023,3,2,0,50,0.8542,42.71,45
2023-12-14,Term 3 2023,3,3,0,50,0.8634,43.14,44
2023-12-15,Term 3 2023,3,4,0,50,0.8676,43.29,43
2023-12-18,Term 3 2023,4,0,0,50,0.8636,43.0,43
2023-12-19,Term 3 2023,4,1,0,50,0.8635,43.0,46
2023-12-20,Term 3 2023,4,2,0,50,0.8792,43.86,45
2023-12-21,Term 3 2023,4,3,0,50,0.886,44.14,44
2023-12-22,Term 3 2023,4,4,0,50,0.8888,44.29,43
2023-12-25,Term 3 2023,5,0,0,50,0.8817,44.0,40
2023-12-26,Term 3 2023,5,1,0,50,0.8683,43.43,46
2023-12-27,Term 3 2023,5,2,0,50,0.8754,43.86,45
2023-12-28,Term 3 2023,5,3,0,50,0.8824,44.14,43
2023-12-29,Term 3 2023,5,4,0,50,0.8743,43.71,41
2024-01-01,Term 3 2023,6,0,0,50,0.8613,43.14,42
2024-01-02,Term 3 2023,6,1,0,50,0.8552,42.86,43
2024-01-03,Term 3 2023,6,2,0,50,0.8571,42.86,43
2024-01-04,Term 3 2023,6,3,0,50,0.8678,43.29,42
2024-01-05,Term 3 2023,6,4,0,50,0.8573,42.71,43
2024-01-08,Term 3 2023,7,0,0,50,0.852,42.43,42
2024-01-09,Term 3 2023,7,1,0,50,0.8483,42.29,44
2024-01-10,Term 3 2023,7,2,0,50,0.8565,42.71,43
2024-01-11,Term 3 2023,7,3,0,50,0.8572,42.86,45
2024-01-12,Term 3 2023,7,4,0,50,0.861,43.14,40
2024-01-15,Term 3 2023,8,0,0,50,0.8517,42.71,42
2024-01-16,Term 3 2023,8,1,0,50,0.853,42.71,43
2024-01-17,Term 3 2023,8,2,0,50,0.8513,42.71,44
2024-01-18,Term 3 2023,8,3,0,50,0.8567,43.0,43
2024-01-19,Term 3 2023,8,4,0,50,0.856,42.86,41
2024-01-22,Term 3 2023,9,0,0,50,0.8529,42.57,42
2024-01-23,Term 3 2023,9,1,0,50,0.8468,42.14,45
2024-01-24,Term 3 2023,9,2,0,50,0.861,42.86,44
2024-01-25,Term 3 2023,9,3,0,50,0.8661,43.14,42
2024-01-26,Term 3 2023,9,4,0,50,0.8646,43.0,40
2024-01-29,Term 3 2023,10,0,0,50,0.8547,42.43,40
2024-01-30,Term 3 2023,10,1,0,50,0.8455,42.0,44
2024-01-31,Term 3 2023,10,2,0,50,0.854,42.43,45
2024-02-01,Term 3 2023,10,3,0,50,0.8606,42.86,43
2024-02-02,Term 3 2023,10,4,0,50,0.8549,42.57,43
2024-02-05,Term 3 2023,11,0,0,50,0.8502,42.43,41
2024-02-06,Term 3 2023,11,1,0,50,0.8477,42.29,44
2024-02-07,Term 3 2023,11,2,0,50,0.8579,42.86,43
2024-02-08,Term 3 2023,11,3,0,50,0.8663,43.29,45
2024-02-09,Term 3 2023,11,4,0,50,0.8679,43.43,40
2024-02-12,Term 3 2023,12,0,1,50,0.8558,42.71,35
2024-02-13,Term 3 2023,12,1,1,50,0.8333,41.57,37
2024-02-14,Term 3 2023,12,2,1,50,0.8175,40.71,39
2024-02-15,Term 3 2023,12,3,1,50,0.8097,40.43,38
2024-02-16,Term 3 2023,12,4,1,50,0.7931,39.57,37
2024-02-19,Term 3 2023,13,0,1,50,0.7747,38.71,34
2024-02-20,Term 3 2023,13,1,1,50,0.7423,37.14,38
2024-02-21,Term 3 2023,13,2,1,50,0.7341,36.86,38
2024-02-22,Term 3 2023,13,3,1,50,0.7432,37.29,36
2024-02-23,Term 3 2023,13,4,1,50,0.74,37.14,35
2024-03-11,Term 1 2024,1,0,0,50,0.73,36.57,36
2024-03-12,Term 1 2024,1,1,0,50,0.7254,36.29,39
2024-03-13,Term 1 2024,1,2,0,50,0.7308,36.57,39
2024-03-14,Term 1 2024,1,3,0,50,0.7461,37.29,39
2024-03-15,Term 1 2024,1,4,0,50,0.751,37.43,36
2024-03-18,Term 1 2024,2,0,0,50,0.7443,37.14,42
2024-03-19,Term 1 2024,2,1,0,50,0.7627,38.0,43
2024-03-20,Term 1 2024,2,2,0,50,0.7841,39.14,44
2024-03-21,Term 1 2024,2,3,0,50,0.8046,40.29,45
2024-03-22,Term 1 2024,2,4,0,50,0.8225,41.14,42
2024-03-25,Term 1 2024,3,0,0,50,0.8311,41.57,43
2024-03-26,Term 1 2024,3,1,0,50,0.8411,42.14,45
2024-03-27,Term 1 2024,3,2,0,50,0.8674,43.43,42
2024-03-28,Term 1 2024,3,3,0,50,0.8668,43.43,45
2024-03-29,Term 1 2024,3,4,0,50,0.8747,43.71,40
2024-04-01,Term 1 2024,4,0,0,50,0.8651,43.14,40
2024-04-02,Term 1 2024,4,1,0,50,0.8501,42.43,46
2024-04-03,Term 1 2024,4,2,0,50,0.8606,43.0,45
2024-04-04,Term 1 2024,4,3,0,50,0.8681,43.29,44
2024-04-05,Term 1 2024,4,4,0,50,0.8655,43.14,42
2024-04-08,Term 1 2024,5,0,0,50,0.8655,43.14,42
2024-04-09,Term 1 2024,5,1,0,50,0.8566,42.71,44
2024-04-10,Term 1 2024,5,2,0,50,0.8666,43.29,42
2024-04-11,Term 1 2024,5,3,0,50,0.8749,43.57,42
2024-04-12,Term 1 2024,5,4,0,50,0.8646,43.0,41
2024-04-15,Term 1 2024,6,0,0,50,0.8527,42.43,43
2024-04-16,Term 1 2024,6,1,0,50,0.8482,42.29,44
2024-04-17,Term 1 2024,6,2,0,50,0.8544,42.57,45
2024-04-18,Term 1 2024,6,3,0,50,0.8629,43.0,46
2024-04-19,Term 1 2024,6,4,0,50,0.8687,43.29,40
2024-04-22,Term 1 2024,7,0,0,50,0.8627,43.0,43
2024-04-23,Term 1 2024,7,1,0,50,0.8649,43.14,43
2024-04-24,Term 1 2024,7,2,0,50,0.8697,43.43,44
2024-04-25,Term 1 2024,7,3,0,50,0.8744,43.57,44
2024-04-26,Term 1 2024,7,4,0,50,0.8733,43.57,42
2024-04-29,Term 1 2024,8,0,0,50,0.8626,43.14,41
2024-04-30,Term 1 2024,8,1,0,50,0.8485,42.43,43
2024-05-01,Term 1 2024,8,2,0,50,0.8571,42.86,43
2024-05-02,Term 1 2024,8,3,0,50,0.8584,42.86,43
2024-05-03,Term 1 2024,8,4,0,50,0.8575,42.86,42
2024-05-06,Term 1 2024,9,0,0,50,0.8509,42.57,40
2024-05-07,Term 1 2024,9,1,0,50,0.8391,42.0,44
2024-05-08,Term 1 2024,9,2,0,50,0.8461,42.29,46
2024-05-09,Term 1 2024,9,3,0,50,0.8601,43.0,43
2024-05-10,Term 1 2024,9,4,0,50,0.8602,43.0,43
2024-05-13,Term 1 2024,10,0,0,50,0.859,43.0,43
2024-05-14,Term 1 2024,10,1,0,50,0.8593,43.0,45
2024-05-15,Term 1 2024,10,2,0,50,0.8685,43.43,43
2024-05-16,Term 1 2024,10,3,0,50,0.877,43.86,43
2024-05-17,Term 1 2024,10,4,0,50,0.8729,43.71,41
2024-05-20,Term 1 2024,11,0,0,50,0.859,43.0,42
2024-05-21,Term 1 2024,11,1,0,50,0.8548,42.86,45
2024-05-22,Term 1 2024,11,2,0,50,0.8609,43.14,45
2024-05-23,Term 1 2024,11,3,0,50,0.8661,43.43,43
2024-05-24,Term 1 2024,11,4,0,50,0.8589,43.14,43
2024-05-27,Term 1 2024,12,0,1,50,0.8593,43.14,35
2024-05-28,Term 1 2024,12,1,1,50,0.839,42.0,39
2024-05-29,Term 1 2024,12,2,1,50,0.8339,41.71,39
2024-05-30,Term 1 2024,12,3,1,50,0.8257,41.29,38
2024-05-31,Term 1 2024,12,4,1,50,0.805,40.29,38
2024-06-03,Term 1 2024,13,0,1,50,0.7852,39.29,36
2024-06-04,Term 1 2024,13,1,1,50,0.7654,38.29,39
2024-06-05,Term 1 2024,13,2,1,50,0.7524,37.71,38
2024-06-06,Term 1 2024,13,3,1,50,0.761,38.14,39
2024-06-07,Term 1 2024,13,4,1,50,0.7622,38.14,37
2024-06-24,Term 2 2024,1,0,0,50,0.755,37.86,36
2024-06-25,Term 2 2024,1,1,0,50,0.7502,37.57,38
2024-06-26,Term 2 2024,1,2,0,50,0.7518,37.57,40
2024-06-27,Term 2 2024,1,3,0,50,0.7633,38.14,39
2024-06-28,Term 2 2024,1,4,0,50,0.7652,38.14,37
2024-07-01,Term 2 2024,2,0,0,50,0.7612,38.0,40
2024-07-02,Term 2 2024,2,1,0,50,0.762,38.14,44
2024-07-03,Term 2 2024,2,2,0,50,0.7835,39.14,43
2024-07-04,Term 2 2024,2,3,0,50,0.8039,40.14,44
2024-07-05,Term 2 2024,2,4,0,50,0.8197,41.0,40
2024-07-08,Term 2 2024,3,0,0,50,0.821,41.0,43
2024-07-09,Term 2 2024,3,1,0,50,0.8313,41.57,42
2024-07-10,Term 2 2024,3,2,0,50,0.8462,42.29,45
2024-07-11,Term 2 2024,3,3,0,50,0.8626,43.0,45
2024-07-12,Term 2 2024,3,4,0,50,0.8665,43.14,42
2024-07-15,Term 2 2024,4,0,0,50,0.8643,43.0,42
2024-07-16,Term 2 2024,4,1,0,50,0.8578,42.71,44
2024-07-17,Term 2 2024,4,2,0,50,0.8681,43.29,44
2024-07-18,Term 2 2024,4,3,0,50,0.8721,43.43,45
2024-07-19,Term 2 2024,4,4,0,50,0.8803,43.86,44
2024-07-22,Term 2 2024,5,0,0,50,0.8749,43.71,41
2024-07-23,Term 2 2024,5,1,0,50,0.8632,43.14,45
2024-07-24,Term 2 2024,5,2,0,50,0.8711,43.57,45
2024-07-25,Term 2 2024,5,3,0,50,0.8799,44.0,43
2024-07-26,Term 2 2024,5,4,0,50,0.8783,43.86,42
2024-07-29,Term 2 2024,6,0,0,50,0.8717,43.57,40
2024-07-30,Term 2 2024,6,1,0,50,0.8572,42.86,42
2024-07-31,Term 2 2024,6,2,0,50,0.8534,42.57,42
2024-08-01,Term 2 2024,6,3,0,50,0.8566,42.71,46
2024-08-02,Term 2 2024,6,4,0,50,0.8576,42.86,41
2024-08-05,Term 2 2024,7,0,0,50,0.8484,42.29,42
2024-08-06,Term 2 2024,7,1,0,50,0.8457,42.14,44
2024-08-07,Term 2 2024,7,2,0,50,0.8517,42.43,43
2024-08-08,Term 2 2024,7,3,0,50,0.8591,42.86,43
2024-08-09,Term 2 2024,7,4,0,50,0.8613,43.0,42
2024-08-12,Term 2 2024,8,0,0,50,0.8594,43.0,41
2024-08-13,Term 2 2024,8,1,0,50,0.847,42.29,44
2024-08-14,Term 2 2024,8,2,0,50,0.8547,42.71,43
2024-08-15,Term 2 2024,8,3,0,50,0.8555,42.86,43
2024-08-16,Term 2 2024,8,4,0,50,0.854,42.71,41
2024-08-19,Term 2 2024,9,0,0,50,0.8496,42.43,41
2024-08-20,Term 2 2024,9,1,0,50,0.8443,42.14,43
2024-08-21,Term 2 2024,9,2,0,50,0.8488,42.29,44
2024-08-22,Term 2 2024,9,3,0,50,0.8578,42.71,45
2024-08-23,Term 2 2024,9,4,0,50,0.8608,42.86,43
2024-08-26,Term 2 2024,10,0,0,50,0.8607,42.86,40
2024-08-27,Term 2 2024,10,1,0,50,0.8501,42.43,42
2024-08-28,Term 2 2024,10,2,0,50,0.8536,42.57,45
2024-08-29,Term 2 2024,10,3,0,50,0.8639,43.14,43
2024-08-30,Term 2 2024,10,4,0,50,0.8632,43.14,43
2024-09-02,Term 2 2024,11,0,0,50,0.859,43.0,42
2024-09-03,Term 2 2024,11,1,0,50,0.8503,42.57,46
2024-09-04,Term 2 2024,11,2,0,50,0.859,43.0,45
2024-09-05,Term 2 2024,11,3,0,50,0.8753,43.71,43
2024-09-06,Term 2 2024,11,4,0,50,0.8781,43.86,42
2024-09-09,Term 2 2024,12,0,1,50,0.8713,43.43,34
2024-09-10,Term 2 2024,12,1,1,50,0.8453,42.14,37
2024-09-11,Term 2 2024,12,2,1,50,0.8296,41.29,40
2024-09-12,Term 2 2024,12,3,1,50,0.8232,41.0,39
2024-09-13,Term 2 2024,12,4,1,50,0.8037,40.0,36
2024-09-16,Term 2 2024,13,0,1,50,0.7753,38.71,36
2024-09-17,Term 2 2024,13,1,1,50,0.754,37.71,40
2024-09-18,Term 2 2024,13,2,1,50,0.7467,37.43,37
2024-09-19,Term 2 2024,13,3,1,50,0.7557,37.86,38
2024-09-20,Term 2 2024,13,4,1,50,0.756,38.0,37
2024-10-07,Term 3 2024,1,0,0,50,0.7483,37.57,39
2024-10-08,Term 3 2024,1,1,0,50,0.7482,37.57,41
2024-10-09,Term 3 2024,1,2,0,50,0.7628,38.29,41
2024-10-10,Term 3 2024,1,3,0,50,0.7783,39.0,41
2024-10-11,Term 3 2024,1,4,0,50,0.7818,39.14,39
2024-10-14,Term 3 2024,2,0,0,50,0.786,39.43,42
2024-10-15,Term 3 2024,2,1,0,50,0.7978,40.0,45
2024-10-16,Term 3 2024,2,2,0,50,0.819,41.14,44
2024-10-17,Term 3 2024,2,3,0,50,0.8331,41.86,43
2024-10-18,Term 3 2024,2,4,0,50,0.841,42.14,41
2024-10-21,Term 3 2024,3,0,0,50,0.8414,42.14,40
2024-10-22,Term 3 2024,3,1,0,50,0.8393,42.0,43
2024-10-23,Term 3 2024,3,2,0,50,0.851,42.57,46
2024-10-24,Term 3 2024,3,3,0,50,0.863,43.14,44
2024-10-25,Term 3 2024,3,4,0,50,0.8611,43.0,41
2024-10-28,Term 3 2024,4,0,0,50,0.8532,42.57,40
2024-10-29,Term 3 2024,4,1,0,50,0.8435,42.14,42
2024-10-30,Term 3 2024,4,2,0,50,0.8459,42.29,45
2024-10-31,Term 3 2024,4,3,0,50,0.8607,43.0,42
2024-11-01,Term 3 2024,4,4,0,50,0.8594,42.86,43
2024-11-04,Term 3 2024,5,0,0,50,0.8517,42.43,43
2024-11-05,Term 3 2024,5,1,0,50,0.8485,42.29,46
2024-11-06,Term 3 2024,5,2,0,50,0.8617,43.0,42
2024-11-07,Term 3 2024,5,3,0,50,0.8677,43.29,43
2024-11-08,Term 3 2024,5,4,0,50,0.8707,43.43,43
2024-11-11,Term 3 2024,6,0,0,50,0.8641,43.14,40
2024-11-12,Term 3 2024,6,1,0,50,0.8573,42.86,44
2024-11-13,Term 3 2024,6,2,0,50,0.8585,43.0,43
2024-11-14,Term 3 2024,6,3,0,50,0.8579,43.0,45
2024-11-15,Term 3 2024,6,4,0,50,0.8573,42.86,43
2024-11-18,Term 3 2024,7,0,0,50,0.86,43.0,43
2024-11-19,Term 3 2024,7,1,0,50,0.8583,43.0,43
2024-11-20,Term 3 2024,7,2,0,50,0.8571,43.0,44
2024-11-21,Term 3 2024,7,3,0,50,0.8677,43.57,44
2024-11-22,Term 3 2024,7,4,0,50,0.8681,43.57,43
2024-11-25,Term 3 2024,8,0,0,50,0.8683,43.57,40
2024-11-26,Term 3 2024,8,1,0,50,0.8544,42.86,44
2024-11-27,Term 3 2024,8,2,0,50,0.8563,43.0,43
2024-11-28,Term 3 2024,8,3,0,50,0.8575,43.0,45
2024-11-29,Term 3 2024,8,4,0,50,0.8642,43.29,42
2024-12-02,Term 3 2024,9,0,0,50,0.8586,43.0,42
2024-12-03,Term 3 2024,9,1,0,50,0.8528,42.71,43
2024-12-04,Term 3 2024,9,2,0,50,0.8544,42.71,45
2024-12-05,Term 3 2024,9,3,0,50,0.868,43.43,44
2024-12-06,Term 3 2024,9,4,0,50,0.8683,43.43,43
2024-12-09,Term 3 2024,10,0,0,50,0.8689,43.43,41
2024-12-10,Term 3 2024,10,1,0,50,0.8574,42.86,46
2024-12-11,Term 3 2024,10,2,0,50,0.8688,43.43,46
2024-12-12,Term 3 2024,10,3,0,50,0.8811,44.0,44
2024-12-13,Term 3 2024,10,4,0,50,0.8828,44.14,41
2024-12-16,Term 3 2024,11,0,0,50,0.8711,43.57,41
2024-12-17,Term 3 2024,11,1,0,50,0.863,43.14,44
2024-12-18,Term 3 2024,11,2,0,50,0.8652,43.29,46
2024-12-19,Term 3 2024,11,3,0,50,0.8791,44.0,45
2024-12-20,Term 3 2024,11,4,0,50,0.8777,43.86,43
2024-12-23,Term 3 2024,12,0,1,50,0.8698,43.43,34
2024-12-24,Term 3 2024,12,1,1,50,0.8419,42.0,37
2024-12-25,Term 3 2024,12,2,1,50,0.8301,41.43,39
2024-12-26,Term 3 2024,12,3,1,50,0.8231,41.14,39
2024-12-27,Term 3 2024,12,4,1,50,0.8099,40.43,36
2024-12-30,Term 3 2024,13,0,1,50,0.7823,39.0,34
2024-12-31,Term 3 2024,13,1,1,50,0.7499,37.43,39
2025-01-01,Term 3 2024,13,2,1,50,0.7389,36.86,39
2025-01-02,Term 3 2024,13,3,1,50,0.7542,37.57,37
2025-01-03,Term 3 2024,13,4,1,50,0.7546,37.57,37
2025-01-20,Term 1 2025,1,0,0,50,0.7503,37.29,37
2025-01-21,Term 1 2025,1,1,0,50,0.742,37.0,42
2025-01-22,Term 1 2025,1,2,0,50,0.7574,37.86,39
2025-01-23,Term 1 2025,1,3,0,50,0.7708,38.57,40
2025-01-24,Term 1 2025,1,4,0,50,0.7718,38.71,40
2025-01-27,Term 1 2025,2,0,0,50,0.7729,38.86,40
2025-01-28,Term 1 2025,2,1,0,50,0.7822,39.29,44
2025-01-29,Term 1 2025,2,2,0,50,0.8015,40.29,43
2025-01-30,Term 1 2025,2,3,0,50,0.821,41.14,42
2025-01-31,Term 1 2025,2,4,0,50,0.8224,41.14,40
2025-02-03,Term 1 2025,3,0,0,50,0.827,41.29,42
2025-02-04,Term 1 2025,3,1,0,50,0.832,41.57,43
2025-02-05,Term 1 2025,3,2,0,50,0.8411,42.0,46
2025-02-06,Term 1 2025,3,3,0,50,0.857,42.86,43
2025-02-07,Term 1 2025,3,4,0,50,0.8562,42.71,40
2025-02-10,Term 1 2025,4,0,0,50,0.8468,42.29,43
2025-02-11,Term 1 2025,4,1,0,50,0.85,42.43,45
2025-02-12,Term 1 2025,4,2,0,50,0.8647,43.14,45
2025-02-13,Term 1 2025,4,3,0,50,0.8735,43.57,45
2025-02-14,Term 1 2025,4,4,0,50,0.8798,43.86,41
2025-02-17,Term 1 2025,5,0,0,50,0.8643,43.14,41
2025-02-18,Term 1 2025,5,1,0,50,0.8562,42.86,45
2025-02-19,Term 1 2025,5,2,0,50,0.871,43.57,45
2025-02-20,Term 1 2025,5,3,0,50,0.8755,43.86,43
2025-02-21,Term 1 2025,5,4,0,50,0.8675,43.57,43
2025-02-24,Term 1 2025,6,0,0,50,0.8624,43.29,41
2025-02-25,Term 1 2025,6,1,0,50,0.8514,42.71,42
2025-02-26,Term 1 2025,6,2,0,50,0.8556,42.86,42
2025-02-27,Term 1 2025,6,3,0,50,0.8603,43.0,43
2025-02-28,Term 1 2025,6,4,0,50,0.8538,42.71,43
2025-03-03,Term 1 2025,7,0,0,50,0.8496,42.43,42
2025-03-04,Term 1 2025,7,1,0,50,0.8472,42.29,45
2025-03-05,Term 1 2025,7,2,0,50,0.8531,42.57,44
2025-03-06,Term 1 2025,7,3,0,50,0.8612,43.0,42
2025-03-07,Term 1 2025,7,4,0,50,0.8624,43.0,41
2025-03-10,Term 1 2025,8,0,0,50,0.8591,42.86,41
2025-03-11,Term 1 2025,8,1,0,50,0.8524,42.57,42
2025-03-12,Term 1 2025,8,2,0,50,0.8492,42.43,44
2025-03-13,Term 1 2025,8,3,0,50,0.8548,42.71,45
2025-03-14,Term 1 2025,8,4,0,50,0.8556,42.71,42
2025-03-17,Term 1 2025,9,0,0,50,0.8491,42.43,40
2025-03-18,Term 1 2025,9,1,0,50,0.8419,42.14,46
2025-03-19,Term 1 2025,9,2,0,50,0.8547,42.86,44
2025-03-20,Term 1 2025,9,3,0,50,0.8652,43.29,42
2025-03-21,Term 1 2025,9,4,0,50,0.8649,43.29,42
2025-03-24,Term 1 2025,10,0,0,50,0.8602,43.0,40
2025-03-25,Term 1 2025,10,1,0,50,0.8468,42.29,43
2025-03-26,Term 1 2025,10,2,0,50,0.8489,42.43,44
2025-03-27,Term 1 2025,10,3,0,50,0.8597,43.0,44
2025-03-28,Term 1 2025,10,4,0,50,0.8564,42.71,41
2025-03-31,Term 1 2025,11,0,0,50,0.8466,42.29,41
2025-04-01,Term 1 2025,11,1,0,50,0.844,42.14,45
2025-04-02,Term 1 2025,11,2,0,50,0.8514,42.57,42
2025-04-03,Term 1 2025,11,3,0,50,0.8568,42.86,46
2025-04-04,Term 1 2025,11,4,0,50,0.8663,43.29,40
2025-04-07,Term 1 2025,12,0,1,50,0.8564,42.71,36
2025-04-08,Term 1 2025,12,1,1,50,0.8311,41.57,38
2025-04-09,Term 1 2025,12,2,1,50,0.8228,41.14,40
2025-04-10,Term 1 2025,12,3,1,50,0.8193,41.0,38
2025-04-11,Term 1 2025,12,4,1,50,0.8009,40.0,36
2025-04-14,Term 1 2025,13,0,1,50,0.7815,39.14,35
2025-04-15,Term 1 2025,13,1,1,50,0.7515,37.57,39
2025-04-16,Term 1 2025,13,2,1,50,0.7465,37.43,40
2025-04-17,Term 1 2025,13,3,1,50,0.7589,38.0,37
2025-04-18,Term 1 2025,13,4,1,50,0.756,37.86,34
2025-05-05,Term 2 2025,1,0,0,50,0.7392,37.0,39
2025-05-06,Term 2 2025,1,1,0,50,0.7404,37.14,39
2025-05-07,Term 2 2025,1,2,0,50,0.7513,37.57,41
2025-05-08,Term 2 2025,1,3,0,50,0.7672,38.43,41
2025-05-09,Term 2 2025,1,4,0,50,0.7728,38.71,39
2025-05-12,Term 2 2025,2,0,0,50,0.7704,38.57,42
2025-05-13,Term 2 2025,2,1,0,50,0.7859,39.29,43
2025-05-14,Term 2 2025,2,2,0,50,0.8124,40.57,42
2025-05-15,Term 2 2025,2,3,0,50,0.8224,41.0,44
2025-05-16,Term 2 2025,2,4,0,50,0.8362,41.71,43
2025-05-19,Term 2 2025,3,0,0,50,0.8428,42.0,40
2025-05-20,Term 2 2025,3,1,0,50,0.8419,41.86,45
2025-05-21,Term 2 2025,3,2,0,50,0.8591,42.71,44
2025-05-22,Term 2 2025,3,3,0,50,0.8632,43.0,45
2025-05-23,Term 2 2025,3,4,0,50,0.8673,43.29,43
2025-05-26,Term 2 2025,4,0,0,50,0.8683,43.43,43
2025-05-27,Term 2 2025,4,1,0,50,0.8642,43.29,42
2025-05-28,Term 2 2025,4,2,0,50,0.8614,43.14,45
2025-05-29,Term 2 2025,4,3,0,50,0.8754,43.86,44
2025-05-30,Term 2 2025,4,4,0,50,0.8717,43.71,41
2025-06-02,Term 2 2025,5,0,0,50,0.864,43.29,40
2025-06-03,Term 2 2025,5,1,0,50,0.8494,42.57,43
2025-06-04,Term 2 2025,5,2,0,50,0.8502,42.57,42
2025-06-05,Term 2 2025,5,3,0,50,0.8486,42.43,46
2025-06-06,Term 2 2025,5,4,0,50,0.8585,43.0,42
2025-06-09,Term 2 2025,6,0,0,50,0.8498,42.57,43
2025-06-10,Term 2 2025,6,1,0,50,0.8488,42.43,44
2025-06-11,Term 2 2025,6,2,0,50,0.8573,42.86,43
2025-06-12,Term 2 2025,6,3,0,50,0.8669,43.29,45
2025-06-13,Term 2 2025,6,4,0,50,0.8732,43.57,41
2025-06-16,Term 2 2025,7,0,0,50,0.8692,43.43,41
2025-06-17,Term 2 2025,7,1,0,50,0.8555,42.71,45
2025-06-18,Term 2 2025,7,2,0,50,0.8642,43.14,45
2025-06-19,Term 2 2025,7,3,0,50,0.87,43.43,43
2025-06-20,Term 2 2025,7,4,0,50,0.8676,43.29,40
2025-06-23,Term 2 2025,8,0,0,50,0.8604,42.86,41
2025-06-24,Term 2 2025,8,1,0,50,0.8488,42.29,46
2025-06-25,Term 2 2025,8,2,0,50,0.8625,43.0,45
2025-06-26,Term 2 2025,8,3,0,50,0.8741,43.57,46
2025-06-27,Term 2 2025,8,4,0,50,0.8754,43.71,42
2025-06-30,Term 2 2025,9,0,0,50,0.8642,43.29,43
2025-07-01,Term 2 2025,9,1,0,50,0.8644,43.29,44
2025-07-02,Term 2 2025,9,2,0,50,0.8743,43.86,44
2025-07-03,Term 2 2025,9,3,0,50,0.8829,44.29,46
2025-07-04,Term 2 2025,9,4,0,50,0.8833,44.29,42
2025-07-07,Term 2 2025,10,0,0,50,0.875,43.86,43
2025-07-08,Term 2 2025,10,1,0,50,0.8668,43.43,45
2025-07-09,Term 2 2025,10,2,0,50,0.8764,43.86,42
2025-07-10,Term 2 2025,10,3,0,50,0.8734,43.71,44
2025-07-11,Term 2 2025,10,4,0,50,0.8746,43.71,43
2025-07-14,Term 2 2025,11,0,0,50,0.8726,43.57,42
2025-07-15,Term 2 2025,11,1,0,50,0.8611,43.0,43
2025-07-16,Term 2 2025,11,2,0,50,0.8646,43.14,42
2025-07-17,Term 2 2025,11,3,0,50,0.8635,43.0,45
2025-07-18,Term 2 2025,11,4,0,50,0.8627,43.0,41
2025-07-21,Term 2 2025,12,0,1,50,0.8596,42.86,36
2025-07-22,Term 2 2025,12,1,1,50,0.8353,41.71,38
2025-07-23,Term 2 2025,12,2,1,50,0.8193,41.0,39
2025-07-24,Term 2 2025,12,3,1,50,0.811,40.57,37
2025-07-25,Term 2 2025,12,4,1,50,0.7942,39.71,34
2025-07-28,Term 2 2025,13,0,1,50,0.7709,38.57,37
2025-07-29,Term 2 2025,13,1,1,50,0.749,37.43,37
2025-07-30,Term 2 2025,13,2,1,50,0.7381,36.86,40
2025-07-31,Term 2 2025,13,3,1,50,0.7498,37.43,37
2025-08-01,Term 2 2025,13,4,1,50,0.7481,37.29,38
2025-08-18,Term 3 2025,1,0,0,50,0.7457,37.14,39
2025-08-19,Term 3 2025,1,1,0,50,0.751,37.43,38
2025-08-20,Term 3 2025,1,2,0,50,0.7628,38.0,41
2025-08-21,Term 3 2025,1,3,0,50,0.773,38.57,39
2025-08-22,Term 3 2025,1,4,0,50,0.7789,38.86,39
2025-08-25,Term 3 2025,2,0,0,50,0.7766,38.71,42
2025-08-26,Term 3 2025,2,1,0,50,0.7913,39.43,46
2025-08-27,Term 3 2025,2,2,0,50,0.8138,40.57,43
2025-08-28,Term 3 2025,2,3,0,50,0.8232,41.14,44
2025-08-29,Term 3 2025,2,4,0,50,0.8407,42.0,43
2025-09-01,Term 3 2025,3,0,0,50,0.848,42.29,40
2025-09-02,Term 3 2025,3,1,0,50,0.8486,42.43,42
2025-09-03,Term 3 2025,3,2,0,50,0.8573,42.86,45
2025-09-04,Term 3 2025,3,3,0,50,0.8656,43.29,43
2025-09-05,Term 3 2025,3,4,0,50,0.8589,42.86,42
2025-09-08,Term 3 2025,4,0,0,50,0.8559,42.71,42
2025-09-09,Term 3 2025,4,1,0,50,0.8483,42.43,44
2025-09-10,Term 3 2025,4,2,0,50,0.852,42.57,45
2025-09-11,Term 3 2025,4,3,0,50,0.8665,43.29,46
2025-09-12,Term 3 2025,4,4,0,50,0.8766,43.86,41
2025-09-15,Term 3 2025,5,0,0,50,0.8662,43.29,43
2025-09-16,Term 3 2025,5,1,0,50,0.8636,43.29,44
2025-09-17,Term 3 2025,5,2,0,50,0.8715,43.57,44
2025-09-18,Term 3 2025,5,3,0,50,0.8782,43.86,44
2025-09-19,Term 3 2025,5,4,0,50,0.8759,43.86,43
2025-09-22,Term 3 2025,6,0,0,50,0.8698,43.57,40
2025-09-23,Term 3 2025,6,1,0,50,0.8547,42.71,42
2025-09-24,Term 3 2025,6,2,0,50,0.8575,42.86,45
2025-09-25,Term 3 2025,6,3,0,50,0.8643,43.14,44
2025-09-26,Term 3 2025,6,4,0,50,0.8634,43.14,42
2025-09-29,Term 3 2025,7,0,0,50,0.8561,42.86,42
2025-09-30,Term 3 2025,7,1,0,50,0.8508,42.57,43
2025-10-01,Term 3 2025,7,2,0,50,0.8521,42.57,43
2025-10-02,Term 3 2025,7,3,0,50,0.8594,43.0,44
2025-10-03,Term 3 2025,7,4,0,50,0.8632,43.29,44
2025-10-06,Term 3 2025,8,0,0,50,0.8604,43.14,41
2025-10-07,Term 3 2025,8,1,0,50,0.8508,42.71,46
2025-10-08,Term 3 2025,8,2,0,50,0.8626,43.29,44
2025-10-09,Term 3 2025,8,3,0,50,0.8689,43.57,42
2025-10-10,Term 3 2025,8,4,0,50,0.8673,43.43,43
2025-10-13,Term 3 2025,9,0,0,50,0.8684,43.43,41
2025-10-14,Term 3 2025,9,1,0,50,0.8613,43.0,46
2025-10-15,Term 3 2025,9,2,0,50,0.8659,43.29,44
2025-10-16,Term 3 2025,9,3,0,50,0.8749,43.71,42
2025-10-17,Term 3 2025,9,4,0,50,0.8654,43.14,43
2025-10-20,Term 3 2025,10,0,0,50,0.8619,43.0,43
2025-10-21,Term 3 2025,10,1,0,50,0.863,43.14,43
2025-10-22,Term 3 2025,10,2,0,50,0.8626,43.14,43
2025-10-23,Term 3 2025,10,3,0,50,0.8686,43.43,42
2025-10-24,Term 3 2025,10,4,0,50,0.8591,42.86,42
2025-10-27,Term 3 2025,11,0,0,50,0.8545,42.57,43
2025-10-28,Term 3 2025,11,1,0,50,0.8565,42.71,45
2025-10-29,Term 3 2025,11,2,0,50,0.8641,43.0,45
2025-10-30,Term 3 2025,11,3,0,50,0.8698,43.29,46
2025-10-31,Term 3 2025,11,4,0,50,0.8767,43.71,43
2025-11-03,Term 3 2025,12,0,1,50,0.8743,43.71,37
2025-11-04,Term 3 2025,12,1,1,50,0.8583,43.0,38
2025-11-05,Term 3 2025,12,2,1,50,0.8465,42.43,36
2025-11-06,Term 3 2025,12,3,1,50,0.8277,41.43,37
2025-11-07,Term 3 2025,12,4,1,50,0.8032,40.29,35
2025-11-10,Term 3 2025,13,0,1,50,0.7738,38.86,37
2025-11-11,Term 3 2025,13,1,1,50,0.7479,37.57,36
2025-11-12,Term 3 2025,13,2,1,50,0.7295,36.57,38
2025-11-13,Term 3 2025,13,3,1,50,0.7339,36.71,37
2025-11-14,Term 3 2025,13,4,1,50,0.7323,36.57,37
2025-12-01,Term 1 2025,1,0,0,50,0.7344,36.71,38
2025-12-02,Term 1 2025,1,1,0,50,0.7369,36.86,40
2025-12-03,Term 1 2025,1,2,0,50,0.7538,37.57,38
2025-12-04,Term 1 2025,1,3,0,50,0.7586,37.71,39
2025-12-05,Term 1 2025,1,4,0,50,0.7675,38.14,40
2025-12-08,Term 1 2025,2,0,0,50,0.7726,38.43,42
2025-12-09,Term 1 2025,2,1,0,50,0.7866,39.14,44
2025-12-10,Term 1 2025,2,2,0,50,0.8063,40.14,45
2025-12-11,Term 1 2025,2,3,0,50,0.8274,41.14,45
2025-12-12,Term 1 2025,2,4,0,50,0.8412,41.86,40
2025-12-15,Term 1 2025,3,0,0,50,0.8468,42.14,43
2025-12-16,Term 1 2025,3,1,0,50,0.8587,42.71,45
2025-12-17,Term 1 2025,3,2,0,50,0.8717,43.43,44
2025-12-18,Term 1 2025,3,3,0,50,0.8758,43.71,45
2025-12-19,Term 1 2025,3,4,0,50,0.8776,43.86,41
2025-12-22,Term 1 2025,4,0,0,50,0.867,43.29,43
2025-12-23,Term 1 2025,4,1,0,50,0.8605,43.0,45
2025-12-24,Term 1 2025,4,2,0,50,0.8743,43.71,45
2025-12-25,Term 1 2025,4,3,0,50,0.8776,44.0,43
2025-12-26,Term 1 2025,4,4,0,50,0.8723,43.71,44
2025-12-29,Term 1 2025,5,0,0,50,0.8725,43.71,41
2025-12-30,Term 1 2025,5,1,0,50,0.8626,43.14,46
2025-12-31,Term 1 2025,5,2,0,50,0.8747,43.86,42
2026-01-01,Term 1 2025,5,3,0,50,0.8725,43.71,42
2026-01-02,Term 1 2025,5,4,0,50,0.865,43.29,41
2026-01-05,Term 1 2025,6,0,0,50,0.8537,42.71,40
2026-01-06,Term 1 2025,6,1,0,50,0.8464,42.29,43
2026-01-07,Term 1 2025,6,2,0,50,0.8447,42.14,45
2026-01-08,Term 1 2025,6,3,0,50,0.855,42.71,43
2026-01-09,Term 1 2025,6,4,0,50,0.8486,42.29,44
2026-01-12,Term 1 2025,7,0,0,50,0.853,42.57,43
2026-01-13,Term 1 2025,7,1,0,50,0.8546,42.71,45
2026-01-14,Term 1 2025,7,2,0,50,0.8683,43.29,43
2026-01-15,Term 1 2025,7,3,0,50,0.8764,43.71,45
2026-01-16,Term 1 2025,7,4,0,50,0.88,44.0,42
2026-01-19,Term 1 2025,8,0,0,50,0.8725,43.57,40
2026-01-20,Term 1 2025,8,1,0,50,0.8628,43.14,43
2026-01-21,Term 1 2025,8,2,0,50,0.8612,43.0,44
2026-01-22,Term 1 2025,8,3,0,50,0.8642,43.14,44
2026-01-23,Term 1 2025,8,4,0,50,0.8603,43.0,41
2026-01-26,Term 1 2025,9,0,0,50,0.8536,42.71,43
2026-01-27,Term 1 2025,9,1,0,50,0.85,42.43,43
2026-01-28,Term 1 2025,9,2,0,50,0.8512,42.57,45
2026-01-29,Term 1 2025,9,3,0,50,0.8644,43.29,45
2026-01-30,Term 1 2025,9,4,0,50,0.8692,43.57,42
2026-02-02,Term 1 2025,10,0,0,50,0.8643,43.29,43
2026-02-03,Term 1 2025,10,1,0,50,0.861,43.14,44
2026-02-04,Term 1 2025,10,2,0,50,0.8713,43.57,45
2026-02-05,Term 1 2025,10,3,0,50,0.8771,43.86,42
2026-02-06,Term 1 2025,10,4,0,50,0.8757,43.71,40
2026-02-09,Term 1 2025,11,0,0,50,0.8629,43.0,42
2026-02-10,Term 1 2025,11,1,0,50,0.8549,42.57,44
2026-02-11,Term 1 2025,11,2,0,50,0.8603,42.86,45
2026-02-12,Term 1 2025,11,3,0,50,0.8652,43.14,45
2026-02-13,Term 1 2025,11,4,0,50,0.8675,43.29,42
2026-02-16,Term 1 2025,12,0,1,50,0.8572,42.86,36
2026-02-17,Term 1 2025,12,1,1,50,0.8398,42.0,38
2026-02-18,Term 1 2025,12,2,1,50,0.8336,41.71,39
2026-02-19,Term 1 2025,12,3,1,50,0.8234,41.29,37
2026-02-20,Term 1 2025,12,4,1,50,0.803,40.29,38
2026-02-23,Term 1 2025,13,0,1,50,0.7836,39.29,35
2026-02-24,Term 1 2025,13,1,1,50,0.7561,37.86,39
2026-02-25,Term 1 2025,13,2,1,50,0.7491,37.43,39
2026-02-26,Term 1 2025,13,3,1,50,0.7568,37.86,37
2026-02-27,Term 1 2025,13,4,1,50,0.7545,37.71,34
2026-03-16,Term 2 2026,1,0,0,50,0.7424,37.0,36
2026-03-17,Term 2 2026,1,1,0,50,0.7384,36.86,40
2026-03-18,Term 2 2026,1,2,0,50,0.7439,37.14,40
2026-03-19,Term 2 2026,1,3,0,50,0.7568,37.86,39
2026-03-20,Term 2 2026,1,4,0,50,0.7556,37.86,38
2026-03-23,Term 2 2026,2,0,0,50,0.7547,37.71,41
2026-03-24,Term 2 2026,2,1,0,50,0.7649,38.29,45
2026-03-25,Term 2 2026,2,2,0,50,0.7951,39.86,45
2026-03-26,Term 2 2026,2,3,0,50,0.8214,41.14,45
2026-03-27,Term 2 2026,2,4,0,50,0.8377,41.86,44
2026-03-30,Term 2 2026,3,0,0,50,0.849,42.43,40
2026-03-31,Term 2 2026,3,1,0,50,0.8524,42.57,43
2026-04-01,Term 2 2026,3,2,0,50,0.8669,43.29,44
2026-04-02,Term 2 2026,3,3,0,50,0.8769,43.71,43
2026-04-03,Term 2 2026,3,4,0,50,0.8723,43.43,42
2026-04-06,Term 2 2026,4,0,0,50,0.8635,43.0,41
2026-04-07,Term 2 2026,4,1,0,50,0.8496,42.43,43
2026-04-08,Term 2 2026,4,2,0,50,0.847,42.29,42
2026-04-09,Term 2 2026,4,3,0,50,0.8537,42.57,43
2026-04-10,Term 2 2026,4,4,0,50,0.8528,42.57,42
2026-04-13,Term 2 2026,5,0,0,50,0.8451,42.29,42
2026-04-14,Term 2 2026,5,1,0,50,0.8413,42.14,43
2026-04-15,Term 2 2026,5,2,0,50,0.8446,42.29,45
2026-04-16,Term 2 2026,5,3,0,50,0.8585,42.86,43
2026-04-17,Term 2 2026,5,4,0,50,0.8575,42.86,41
2026-04-20,Term 2 2026,6,0,0,50,0.8545,42.71,42
2026-04-21,Term 2 2026,6,1,0,50,0.8506,42.57,43
2026-04-22,Term 2 2026,6,2,0,50,0.8555,42.71,45
2026-04-23,Term 2 2026,6,3,0,50,0.8643,43.14,44
2026-04-24,Term 2 2026,6,4,0,50,0.8672,43.29,42
2026-04-27,Term 2 2026,7,0,0,50,0.8575,42.86,41
2026-04-28,Term 2 2026,7,1,0,50,0.8542,42.57,43
2026-04-29,Term 2 2026,7,2,0,50,0.8597,42.86,42
2026-04-30,Term 2 2026,7,3,0,50,0.8605,42.86,46
2026-05-01,Term 2 2026,7,4,0,50,0.8677,43.29,42
2026-05-04,Term 2 2026,8,0,0,50,0.8591,42.86,43
2026-05-05,Term 2 2026,8,1,0,50,0.8573,42.71,43
2026-05-06,Term 2 2026,8,2,0,50,0.8596,42.86,43
2026-05-07,Term 2 2026,8,3,0,50,0.865,43.14,42
2026-05-08,Term 2 2026,8,4,0,50,0.8621,43.0,42
2026-05-11,Term 2 2026,9,0,0,50,0.8618,43.0,43
2026-05-12,Term 2 2026,9,1,0,50,0.8539,42.57,45
2026-05-13,Term 2 2026,9,2,0,50,0.8613,43.0,44
2026-05-14,Term 2 2026,9,3,0,50,0.8628,43.14,44
2026-05-15,Term 2 2026,9,4,0,50,0.8665,43.29,43
2026-05-18,Term 2 2026,10,0,0,50,0.8664,43.29,41
2026-05-19,Term 2 2026,10,1,0,50,0.8636,43.14,46
2026-05-20,Term 2 2026,10,2,0,50,0.8738,43.71,45
2026-05-21,Term 2 2026,10,3,0,50,0.8791,44.0,45
2026-05-22,Term 2 2026,10,4,0,50,0.8804,44.0,41
2026-05-25,Term 2 2026,11,0,0,50,0.8735,43.57,41
2026-05-26,Term 2 2026,11,1,0,50,0.8648,43.14,44
2026-05-27,Term 2 2026,11,2,0,50,0.8673,43.29,43
2026-05-28,Term 2 2026,11,3,0,50,0.8718,43.57,44
2026-05-29,Term 2 2026,11,4,0,50,0.868,43.29,40
2026-06-01,Term 2 2026,12,0,1,50,0.8548,42.57,36
2026-06-02,Term 2 2026,12,1,1,50,0.8276,41.29,39
2026-06-03,Term 2 2026,12,2,1,50,0.8207,41.0,37
2026-06-04,Term 2 2026,12,3,1,50,0.8093,40.43,40
2026-06-05,Term 2 2026,12,4,1,50,0.797,39.86,37
2026-06-08,Term 2 2026,13,0,1,50,0.7797,39.0,34
2026-06-09,Term 2 2026,13,1,1,50,0.7504,37.57,40
2026-06-10,Term 2 2026,13,2,1,50,0.7493,37.57,38
2026-06-11,Term 2 2026,13,3,1,50,0.7552,37.86,39
2026-06-12,Term 2 2026,13,4,1,50,0.7555,37.86,35
2026-06-29,Term 3 2026,1,0,0,50,0.7505,37.57,39
2026-06-30,Term 3 2026,1,1,0,50,0.7485,37.43,41
2026-07-01,Term 3 2026,1,2,0,50,0.7607,38.0,39
2026-07-02,Term 3 2026,1,3,0,50,0.7745,38.71,40
2026-07-03,Term 3 2026,1,4,0,50,0.7749,38.71,38
2026-07-06,Term 3 2026,2,0,0,50,0.7761,38.71,40
2026-07-07,Term 3 2026,2,1,0,50,0.7775,38.86,43
2026-07-08,Term 3 2026,2,2,0,50,0.7981,40.0,43
2026-07-09,Term 3 2026,2,3,0,50,0.8097,40.57,44
2026-07-10,Term 3 2026,2,4,0,50,0.818,41.0,42
2026-07-13,Term 3 2026,3,0,0,50,0.8266,41.43,42
2026-07-14,Term 3 2026,3,1,0,50,0.832,41.71,44
2026-07-15,Term 3 2026,3,2,0,50,0.8493,42.57,43
2026-07-16,Term 3 2026,3,3,0,50,0.8597,43.0,44
2026-07-17,Term 3 2026,3,4,0,50,0.8651,43.14,41
2026-07-20,Term 3 2026,4,0,0,50,0.8575,42.86,43
2026-07-21,Term 3 2026,4,1,0,50,0.8562,42.71,45
2026-07-22,Term 3 2026,4,2,0,50,0.8652,43.14,43
2026-07-23,Term 3 2026,4,3,0,50,0.8688,43.29,43
2026-07-24,Term 3 2026,4,4,0,50,0.8668,43.14,43
2026-07-27,Term 3 2026,5,0,0,50,0.8668,43.14,42
2026-07-28,Term 3 2026,5,1,0,50,0.8587,42.86,45
2026-07-29,Term 3 2026,5,2,0,50,0.8707,43.43,43
2026-07-30,Term 3 2026,5,3,0,50,0.8699,43.43,45
2026-07-31,Term 3 2026,5,4,0,50,0.8708,43.43,41
2026-08-03,Term 3 2026,6,0,0,50,0.8659,43.14,42
2026-08-04,Term 3 2026,6,1,0,50,0.8626,43.0,46
2026-08-05,Term 3 2026,6,2,0,50,0.8701,43.43,44
2026-08-06,Term 3 2026,6,3,0,50,0.8778,43.71,45
2026-08-07,Term 3 2026,6,4,0,50,0.8788,43.71,43
2026-08-10,Term 3 2026,7,0,0,50,0.8779,43.71,42
2026-08-11,Term 3 2026,7,1,0,50,0.8693,43.29,42
2026-08-12,Term 3 2026,7,2,0,50,0.8711,43.43,44
2026-08-13,Term 3 2026,7,3,0,50,0.876,43.71,46
2026-08-14,Term 3 2026,7,4,0,50,0.8758,43.71,43
2026-08-17,Term 3 2026,8,0,0,50,0.8724,43.57,43
2026-08-18,Term 3 2026,8,1,0,50,0.865,43.29,44
2026-08-19,Term 3 2026,8,2,0,50,0.8691,43.43,45
2026-08-20,Term 3 2026,8,3,0,50,0.8766,43.86,44
2026-08-21,Term 3 2026,8,4,0,50,0.883,44.14,41
2026-08-24,Term 3 2026,9,0,0,50,0.8738,43.71,42
2026-08-25,Term 3 2026,9,1,0,50,0.8627,43.14,44
2026-08-26,Term 3 2026,9,2,0,50,0.8666,43.29,45
2026-08-27,Term 3 2026,9,3,0,50,0.8745,43.57,43
2026-08-28,Term 3 2026,9,4,0,50,0.8696,43.43,43
2026-08-31,Term 3 2026,10,0,0,50,0.8634,43.14,40
2026-09-01,Term 3 2026,10,1,0,50,0.8499,42.57,46
2026-09-02,Term 3 2026,10,2,0,50,0.8646,43.29,42
2026-09-03,Term 3 2026,10,3,0,50,0.8658,43.29,42
2026-09-04,Term 3 2026,10,4,0,50,0.8589,43.0,41
2026-09-07,Term 3 2026,11,0,0,50,0.8472,42.43,40
2026-09-08,Term 3 2026,11,1,0,50,0.8401,42.0,45
2026-09-09,Term 3 2026,11,2,0,50,0.8459,42.29,44
2026-09-10,Term 3 2026,11,3,0,50,0.8573,42.86,45
2026-09-11,Term 3 2026,11,4,0,50,0.8554,42.71,44
2026-09-14,Term 3 2026,12,0,1,50,0.8589,43.0,37
2026-09-15,Term 3 2026,12,1,1,50,0.8444,42.29,39
2026-09-16,Term 3 2026,12,2,1,50,0.8378,42.0,36
2026-09-17,Term 3 2026,12,3,1,50,0.8268,41.43,37
2026-09-18,Term 3 2026,12,4,1,50,0.8033,40.29,35
2026-09-21,Term 3 2026,13,0,1,50,0.7781,39.0,35
2026-09-22,Term 3 2026,13,1,1,50,0.7487,37.57,39
2026-09-23,Term 3 2026,13,2,1,50,0.7343,36.86,38
2026-09-24,Term 3 2026,13,3,1,50,0.7375,37.0,37
2026-09-25,Term 3 2026,13,4,1,50,0.7327,36.71,35
2026-10-12,Term 1 2026,1,0,0,50,0.7282,36.57,39
2026-10-13,Term 1 2026,1,1,0,50,0.7357,36.86,39
2026-10-14,Term 1 2026,1,2,0,50,0.7486,37.43,39
2026-10-15,Term 1 2026,1,3,0,50,0.7618,38.0,41
2026-10-16,Term 1 2026,1,4,0,50,0.7688,38.29,39
2026-10-19,Term 1 2026,2,0,0,50,0.771,38.43,42
2026-10-20,Term 1 2026,2,1,0,50,0.7848,39.14,45
2026-10-21,Term 1 2026,2,2,0,50,0.8136,40.57,44
2026-10-22,Term 1 2026,2,3,0,50,0.8287,41.29,43
2026-10-23,Term 1 2026,2,4,0,50,0.8384,41.86,41
2026-10-26,Term 1 2026,3,0,0,50,0.8429,42.14,42
2026-10-27,Term 1 2026,3,1,0,50,0.8447,42.29,43
2026-10-28,Term 1 2026,3,2,0,50,0.8562,42.86,46
2026-10-29,Term 1 2026,3,3,0,50,0.8671,43.43,43
2026-10-30,Term 1 2026,3,4,0,50,0.8626,43.14,41
2026-11-02,Term 1 2026,4,0,0,50,0.8532,42.71,40
2026-11-03,Term 1 2026,4,1,0,50,0.8462,42.29,45
2026-11-04,Term 1 2026,4,2,0,50,0.8572,42.86,43
2026-11-05,Term 1 2026,4,3,0,50,0.8616,43.0,43
2026-11-06,Term 1 2026,4,4,0,50,0.863,43.0,44
2026-11-09,Term 1 2026,5,0,0,50,0.8568,42.71,43
2026-11-10,Term 1 2026,5,1,0,50,0.8554,42.71,43
2026-11-11,Term 1 2026,5,2,0,50,0.8609,43.0,42
2026-11-12,Term 1 2026,5,3,0,50,0.8671,43.29,45
2026-11-13,Term 1 2026,5,4,0,50,0.8668,43.29,42
2026-11-16,Term 1 2026,6,0,0,50,0.8618,43.14,43
2026-11-17,Term 1 2026,6,1,0,50,0.8618,43.14,45
2026-11-18,Term 1 2026,6,2,0,50,0.8662,43.29,46
2026-11-19,Term 1 2026,6,3,0,50,0.8752,43.71,45
2026-11-20,Term 1 2026,6,4,0,50,0.8813,44.0,41
2026-11-23,Term 1 2026,7,0,0,50,0.8775,43.86,41
2026-11-24,Term 1 2026,7,1,0,50,0.8659,43.29,45
2026-11-25,Term 1 2026,7,2,0,50,0.8754,43.71,43
2026-11-26,Term 1 2026,7,3,0,50,0.8753,43.71,44
2026-11-27,Term 1 2026,7,4,0,50,0.871,43.57,41
2026-11-30,Term 1 2026,8,0,0,50,0.8573,42.86,41
2026-12-01,Term 1 2026,8,1,0,50,0.8465,42.29,43
2026-12-02,Term 1 2026,8,2,0,50,0.8512,42.57,44
2026-12-03,Term 1 2026,8,3,0,50,0.8612,43.0,46
2026-12-04,Term 1 2026,8,4,0,50,0.8637,43.14,43
2026-12-07,Term 1 2026,9,0,0,50,0.862,43.14,40
2026-12-08,Term 1 2026,9,1,0,50,0.8513,42.57,44
2026-12-09,Term 1 2026,9,2,0,50,0.8612,43.0,44
2026-12-10,Term 1 2026,9,3,0,50,0.8695,43.43,43
2026-12-11,Term 1 2026,9,4,0,50,0.87,43.43,43
2026-12-14,Term 1 2026,10,0,0,50,0.8658,43.29,42
2026-12-15,Term 1 2026,10,1,0,50,0.8541,42.71,45
2026-12-16,Term 1 2026,10,2,0,50,0.8591,43.0,42
2026-12-17,Term 1 2026,10,3,0,50,0.8653,43.29,44
2026-12-18,Term 1 2026,10,4,0,50,0.863,43.29,43
2026-12-21,Term 1 2026,11,0,0,50,0.8587,43.14,40
2026-12-22,Term 1 2026,11,1,0,50,0.85,42.71,45
2026-12-23,Term 1 2026,11,2,0,50,0.8568,43.0,42
2026-12-24,Term 1 2026,11,3,0,50,0.858,43.0,44
2026-12-25,Term 1 2026,11,4,0,50,0.857,42.86,44
2026-12-28,Term 1 2026,12,0,1,50,0.8613,43.14,35
2026-12-29,Term 1 2026,12,1,1,50,0.8369,41.86,40
2026-12-30,Term 1 2026,12,2,1,50,0.828,41.43,40
2026-12-31,Term 1 2026,12,3,1,50,0.8269,41.43,38
2027-01-01,Term 1 2026,12,4,1,50,0.8064,40.43,35
2027-01-04,Term 1 2026,13,0,1,50,0.7857,39.43,37
2027-01-05,Term 1 2026,13,1,1,50,0.7662,38.43,37
2027-01-06,Term 1 2026,13,2,1,50,0.7478,37.43,39
2027-01-07,Term 1 2026,13,3,1,50,0.7577,38.0,40
2027-01-08,Term 1 2026,13,4,1,50,0.7574,38.0,34
2027-01-25,Term 2 2027,1,0,0,50,0.7426,37.14,38
2027-01-26,Term 2 2027,1,1,0,50,0.7423,37.14,40
2027-01-27,Term 2 2027,1,2,0,50,0.7576,37.86,41
2027-01-28,Term 2 2027,1,3,0,50,0.7677,38.43,42
2027-01-29,Term 2 2027,1,4,0,50,0.7804,39.14,40
2027-02-01,Term 2 2027,2,0,0,50,0.7835,39.29,40
2027-02-02,Term 2 2027,2,1,0,50,0.7851,39.29,46
2027-02-03,Term 2 2027,2,2,0,50,0.817,41.0,43
2027-02-04,Term 2 2027,2,3,0,50,0.831,41.71,46
2027-02-05,Term 2 2027,2,4,0,50,0.8469,42.57,44
2027-02-08,Term 2 2027,3,0,0,50,0.8557,43.0,41
2027-02-09,Term 2 2027,3,1,0,50,0.8539,42.86,44
2027-02-10,Term 2 2027,3,2,0,50,0.8662,43.43,46
2027-02-11,Term 2 2027,3,3,0,50,0.8821,44.29,46
2027-02-12,Term 2 2027,3,4,0,50,0.883,44.29,44
2027-02-15,Term 2 2027,4,0,0,50,0.8858,44.43,43
2027-02-16,Term 2 2027,4,1,0,50,0.8782,44.0,42
2027-02-17,Term 2 2027,4,2,0,50,0.8726,43.71,44
2027-02-18,Term 2 2027,4,3,0,50,0.8817,44.14,42
2027-02-19,Term 2 2027,4,4,0,50,0.8773,43.86,44
2027-02-22,Term 2 2027,5,0,0,50,0.8721,43.57,41
2027-02-23,Term 2 2027,5,1,0,50,0.8572,42.86,46
2027-02-24,Term 2 2027,5,2,0,50,0.8636,43.14,44
2027-02-25,Term 2 2027,5,3,0,50,0.867,43.29,44
2027-02-26,Term 2 2027,5,4,0,50,0.8725,43.57,44
2027-03-01,Term 2 2027,6,0,0,50,0.871,43.57,43
2027-03-02,Term 2 2027,6,1,0,50,0.8724,43.71,44
2027-03-03,Term 2 2027,6,2,0,50,0.8722,43.71,43
2027-03-04,Term 2 2027,6,3,0,50,0.8783,44.0,42
2027-03-05,Term 2 2027,6,4,0,50,0.8683,43.43,41
2027-03-08,Term 2 2027,7,0,0,50,0.8582,43.0,41
2027-03-09,Term 2 2027,7,1,0,50,0.8507,42.57,43
2027-03-10,Term 2 2027,7,2,0,50,0.8486,42.43,43
2027-03-11,Term 2 2027,7,3,0,50,0.8481,42.43,45
2027-03-12,Term 2 2027,7,4,0,50,0.8512,42.57,43
2027-03-15,Term 2 2027,8,0,0,50,0.8523,42.57,42
2027-03-16,Term 2 2027,8,1,0,50,0.8504,42.57,45
2027-03-17,Term 2 2027,8,2,0,50,0.8629,43.14,43
2027-03-18,Term 2 2027,8,3,0,50,0.8668,43.43,45
2027-03-19,Term 2 2027,8,4,0,50,0.8737,43.71,44
2027-03-22,Term 2 2027,9,0,0,50,0.8761,43.86,43
2027-03-23,Term 2 2027,9,1,0,50,0.87,43.57,44
2027-03-24,Term 2 2027,9,2,0,50,0.8725,43.71,42
2027-03-25,Term 2 2027,9,3,0,50,0.8742,43.71,45
2027-03-26,Term 2 2027,9,4,0,50,0.8732,43.71,41
2027-03-29,Term 2 2027,10,0,0,50,0.8676,43.43,40
2027-03-30,Term 2 2027,10,1,0,50,0.8522,42.71,43
2027-03-31,Term 2 2027,10,2,0,50,0.8514,42.57,43
2027-04-01,Term 2 2027,10,3,0,50,0.8519,42.57,43
2027-04-02,Term 2 2027,10,4,0,50,0.849,42.43,41
2027-04-05,Term 2 2027,11,0,0,50,0.845,42.29,43
2027-04-06,Term 2 2027,11,1,0,50,0.8388,42.0,46
2027-04-07,Term 2 2027,11,2,0,50,0.8533,42.71,43
2027-04-08,Term 2 2027,11,3,0,50,0.8623,43.14,45
2027-04-09,Term 2 2027,11,4,0,50,0.8669,43.43,40
2027-04-12,Term 2 2027,12,0,1,50,0.8585,43.0,36
2027-04-13,Term 2 2027,12,1,1,50,0.8387,42.0,39
2027-04-14,Term 2 2027,12,2,1,50,0.8325,41.71,36
2027-04-15,Term 2 2027,12,3,1,50,0.8146,40.71,36
2027-04-16,Term 2 2027,12,4,1,50,0.7879,39.29,35
2027-04-19,Term 2 2027,13,0,1,50,0.7651,38.14,35
2027-04-20,Term 2 2027,13,1,1,50,0.7371,36.71,38
2027-04-21,Term 2 2027,13,2,1,50,0.7313,36.43,40
2027-04-22,Term 2 2027,13,3,1,50,0.7412,37.0,39
2027-04-23,Term 2 2027,13,4,1,50,0.7414,37.0,35
2027-05-10,Term 3 2027,1,0,0,50,0.7385,36.86,36
2027-05-11,Term 3 2027,1,1,0,50,0.737,36.86,42
2027-05-12,Term 3 2027,1,2,0,50,0.7554,37.86,39
2027-05-13,Term 3 2027,1,3,0,50,0.767,38.43,40
2027-05-14,Term 3 2027,1,4,0,50,0.774,38.71,37
2027-05-17,Term 3 2027,2,0,0,50,0.7663,38.29,40
2027-05-18,Term 3 2027,2,1,0,50,0.7698,38.43,43
2027-05-19,Term 3 2027,2,2,0,50,0.7909,39.57,45
2027-05-20,Term 3 2027,2,3,0,50,0.8166,40.86,44
2027-05-21,Term 3 2027,2,4,0,50,0.8245,41.14,42
2027-05-24,Term 3 2027,3,0,0,50,0.8316,41.57,42
2027-05-25,Term 3 2027,3,1,0,50,0.8351,41.86,44
2027-05-26,Term 3 2027,3,2,0,50,0.8552,42.86,44
2027-05-27,Term 3 2027,3,3,0,50,0.8669,43.43,45
2027-05-28,Term 3 2027,3,4,0,50,0.8728,43.71,41
2027-05-31,Term 3 2027,4,0,0,50,0.861,43.14,40
2027-06-01,Term 3 2027,4,1,0,50,0.8498,42.57,45
2027-06-02,Term 3 2027,4,2,0,50,0.8593,43.0,45
2027-06-03,Term 3 2027,4,3,0,50,0.8702,43.43,42
2027-06-04,Term 3 2027,4,4,0,50,0.8657,43.14,42
2027-06-07,Term 3 2027,5,0,0,50,0.859,42.86,42
2027-06-08,Term 3 2027,5,1,0,50,0.8523,42.43,42
2027-06-09,Term 3 2027,5,2,0,50,0.8564,42.57,44
2027-06-10,Term 3 2027,5,3,0,50,0.8672,43.14,42
2027-06-11,Term 3 2027,5,4,0,50,0.8592,42.71,42
2027-06-14,Term 3 2027,6,0,0,50,0.8498,42.29,42
2027-06-15,Term 3 2027,6,1,0,50,0.8475,42.29,44
2027-06-16,Term 3 2027,6,2,0,50,0.8546,42.57,43
2027-06-17,Term 3 2027,6,3,0,50,0.8555,42.71,43
2027-06-18,Term 3 2027,6,4,0,50,0.8583,42.86,42
2027-06-21,Term 3 2027,7,0,0,50,0.8521,42.57,40
2027-06-22,Term 3 2027,7,1,0,50,0.8456,42.29,43
2027-06-23,Term 3 2027,7,2,0,50,0.8474,42.43,44
2027-06-24,Term 3 2027,7,3,0,50,0.8554,42.71,42
2027-06-25,Term 3 2027,7,4,0,50,0.8499,42.43,42
2027-06-28,Term 3 2027,8,0,0,50,0.8483,42.29,43
2027-06-29,Term 3 2027,8,1,0,50,0.8467,42.29,44
2027-06-30,Term 3 2027,8,2,0,50,0.8516,42.57,44
2027-07-01,Term 3 2027,8,3,0,50,0.8633,43.14,44
2027-07-02,Term 3 2027,8,4,0,50,0.8662,43.29,40
2027-07-05,Term 3 2027,9,0,0,50,0.8545,42.71,41
2027-07-06,Term 3 2027,9,1,0,50,0.8516,42.57,45
2027-07-07,Term 3 2027,9,2,0,50,0.8607,43.0,45
2027-07-08,Term 3 2027,9,3,0,50,0.8669,43.29,44
2027-07-09,Term 3 2027,9,4,0,50,0.8662,43.29,43
2027-07-12,Term 3 2027,10,0,0,50,0.8639,43.14,42
2027-07-13,Term 3 2027,10,1,0,50,0.8601,42.86,44
2027-07-14,Term 3 2027,10,2,0,50,0.8718,43.43,42
2027-07-15,Term 3 2027,10,3,0,50,0.8742,43.57,43
2027-07-16,Term 3 2027,10,4,0,50,0.8689,43.29,40
2027-07-19,Term 3 2027,11,0,0,50,0.8556,42.57,43
2027-07-20,Term 3 2027,11,1,0,50,0.8553,42.43,46
2027-07-21,Term 3 2027,11,2,0,50,0.8624,42.86,42
2027-07-22,Term 3 2027,11,3,0,50,0.8618,42.86,46
2027-07-23,Term 3 2027,11,4,0,50,0.8658,43.14,40
2027-07-26,Term 3 2027,12,0,1,50,0.86,42.86,35
2027-07-27,Term 3 2027,12,1,1,50,0.8364,41.71,39
2027-07-28,Term 3 2027,12,2,1,50,0.833,41.57,39
2027-07-29,Term 3 2027,12,3,1,50,0.8204,41.0,40
2027-07-30,Term 3 2027,12,4,1,50,0.8038,40.14,37
2027-08-02,Term 3 2027,13,0,1,50,0.7875,39.43,35
2027-08-03,Term 3 2027,13,1,1,50,0.7574,37.86,40
2027-08-04,Term 3 2027,13,2,1,50,0.7569,37.86,38
2027-08-05,Term 3 2027,13,3,1,50,0.7638,38.29,39
2027-08-06,Term 3 2027,13,4,1,50,0.7649,38.29,38
2027-08-23,Term 1 2027,1,0,0,50,0.7608,38.14,37
2027-08-24,Term 1 2027,1,1,0,50,0.7525,37.71,41
2027-08-25,Term 1 2027,1,2,0,50,0.7643,38.29,41
2027-08-26,Term 1 2027,1,3,0,50,0.78,39.14,40
2027-08-27,Term 1 2027,1,4,0,50,0.7805,39.14,39
2027-08-30,Term 1 2027,2,0,0,50,0.7836,39.29,41
2027-08-31,Term 1 2027,2,1,0,50,0.7876,39.57,43
2027-09-01,Term 1 2027,2,2,0,50,0.8022,40.29,44
2027-09-02,Term 1 2027,2,3,0,50,0.8226,41.29,44
2027-09-03,Term 1 2027,2,4,0,50,0.8322,41.71,43
2027-09-06,Term 1 2027,3,0,0,50,0.8387,42.0,40
2027-09-07,Term 1 2027,3,1,0,50,0.8394,42.0,42
2027-09-08,Term 1 2027,3,2,0,50,0.8491,42.43,42
2027-09-09,Term 1 2027,3,3,0,50,0.8525,42.57,43
2027-09-10,Term 1 2027,3,4,0,50,0.8539,42.57,43
2027-09-13,Term 1 2027,4,0,0,50,0.8497,42.43,42
2027-09-14,Term 1 2027,4,1,0,50,0.8428,42.14,44
2027-09-15,Term 1 2027,4,2,0,50,0.8463,42.29,45
2027-09-16,Term 1 2027,4,3,0,50,0.8603,43.0,43
2027-09-17,Term 1 2027,4,4,0,50,0.8631,43.14,41
2027-09-20,Term 1 2027,5,0,0,50,0.8611,43.0,41
2027-09-21,Term 1 2027,5,1,0,50,0.8537,42.71,46
2027-09-22,Term 1 2027,5,2,0,50,0.8624,43.14,45
2027-09-23,Term 1 2027,5,3,0,50,0.8716,43.57,42
2027-09-24,Term 1 2027,5,4,0,50,0.8668,43.29,43
2027-09-27,Term 1 2027,6,0,0,50,0.8609,43.0,41
2027-09-28,Term 1 2027,6,1,0,50,0.8557,42.71,45
2027-09-29,Term 1 2027,6,2,0,50,0.8662,43.29,46
2027-09-30,Term 1 2027,6,3,0,50,0.8803,44.0,42
2027-10-01,Term 1 2027,6,4,0,50,0.8698,43.43,41
2027-10-04,Term 1 2027,7,0,0,50,0.8582,42.86,40
2027-10-05,Term 1 2027,7,1,0,50,0.8509,42.57,42
2027-10-06,Term 1 2027,7,2,0,50,0.8477,42.43,44
2027-10-07,Term 1 2027,7,3,0,50,0.8569,42.86,45
2027-10-08,Term 1 2027,7,4,0,50,0.8562,42.86,40
2027-10-11,Term 1 2027,8,0,0,50,0.8409,42.0,42
2027-10-12,Term 1 2027,8,1,0,50,0.8421,42.0,44
2027-10-13,Term 1 2027,8,2,0,50,0.85,42.43,43
2027-10-14,Term 1 2027,8,3,0,50,0.8587,42.86,43
2027-10-15,Term 1 2027,8,4,0,50,0.8608,43.0,43
2027-10-18,Term 1 2027,9,0,0,50,0.8581,42.86,40
2027-10-19,Term 1 2027,9,1,0,50,0.8436,42.14,44
2027-10-20,Term 1 2027,9,2,0,50,0.8545,42.71,43
2027-10-21,Term 1 2027,9,3,0,50,0.8565,42.86,45
2027-10-22,Term 1 2027,9,4,0,50,0.8612,43.0,43
2027-10-25,Term 1 2027,10,0,0,50,0.8612,43.0,41
2027-10-26,Term 1 2027,10,1,0,50,0.8552,42.71,44
2027-10-27,Term 1 2027,10,2,0,50,0.8579,42.86,45
2027-10-28,Term 1 2027,10,3,0,50,0.872,43.57,43
2027-10-29,Term 1 2027,10,4,0,50,0.87,43.43,41
2027-11-01,Term 1 2027,11,0,0,50,0.8644,43.14,40
2027-11-02,Term 1 2027,11,1,0,50,0.8496,42.43,45
2027-11-03,Term 1 2027,11,2,0,50,0.8545,42.71,43
2027-11-04,Term 1 2027,11,3,0,50,0.8605,43.0,43
2027-11-05,Term 1 2027,11,4,0,50,0.8571,42.86,40
2027-11-08,Term 1 2027,12,0,1,50,0.8444,42.14,37
2027-11-09,Term 1 2027,12,1,1,50,0.8273,41.29,40
2027-11-10,Term 1 2027,12,2,1,50,0.8225,41.14,40
2027-11-11,Term 1 2027,12,3,1,50,0.8212,41.14,39
2027-11-12,Term 1 2027,12,4,1,50,0.8037,40.29,36
2027-11-15,Term 1 2027,13,0,1,50,0.7832,39.29,35
2027-11-16,Term 1 2027,13,1,1,50,0.7611,38.14,40
2027-11-17,Term 1 2027,13,2,1,50,0.7601,38.14,40
2027-11-18,Term 1 2027,13,3,1,50,0.7672,38.57,39
2027-11-19,Term 1 2027,13,4,1,50,0.7648,38.43,37
2027-12-06,Term 2 2027,1,0,0,50,0.7577,38.0,37
2027-12-07,Term 2 2027,1,1,0,50,0.7527,37.71,40
2027-12-08,Term 2 2027,1,2,0,50,0.764,38.29,39
2027-12-09,Term 2 2027,1,3,0,50,0.7729,38.86,40
2027-12-10,Term 2 2027,1,4,0,50,0.7718,38.86,39
2027-12-13,Term 2 2027,2,0,0,50,0.7697,38.71,41
2027-12-14,Term 2 2027,2,1,0,50,0.7774,39.0,45
2027-12-15,Term 2 2027,2,2,0,50,0.801,40.14,43
2027-12-16,Term 2 2027,2,3,0,50,0.8194,41.0,45
2027-12-17,Term 2 2027,2,4,0,50,0.8341,41.71,43
2027-12-20,Term 2 2027,3,0,0,50,0.8474,42.29,43
2027-12-21,Term 2 2027,3,1,0,50,0.8578,42.71,44
2027-12-22,Term 2 2027,3,2,0,50,0.8727,43.43,46
2027-12-23,Term 2 2027,3,3,0,50,0.8855,44.14,44
2027-12-24,Term 2 2027,3,4,0,50,0.8822,44.0,41
2027-12-27,Term 2 2027,4,0,0,50,0.8746,43.71,40
2027-12-28,Term 2 2027,4,1,0,50,0.8621,43.0,43
2027-12-29,Term 2 2027,4,2,0,50,0.8609,43.0,45
2027-12-30,Term 2 2027,4,3,0,50,0.865,43.29,46
2027-12-31,Term 2 2027,4,4,0,50,0.8691,43.57,43
2028-01-03,Term 2 2027,5,0,0,50,0.862,43.14,40
2028-01-04,Term 2 2027,5,1,0,50,0.8496,42.57,45
2028-01-05,Term 2 2027,5,2,0,50,0.8621,43.14,43
2028-01-06,Term 2 2027,5,3,0,50,0.8686,43.57,43
2028-01-07,Term 2 2027,5,4,0,50,0.8693,43.57,43
2028-01-10,Term 2 2027,6,0,0,50,0.8639,43.29,42
2028-01-11,Term 2 2027,6,1,0,50,0.8531,42.71,45
2028-01-12,Term 2 2027,6,2,0,50,0.8592,43.0,43
2028-01-13,Term 2 2027,6,3,0,50,0.8674,43.43,45
2028-01-14,Term 2 2027,6,4,0,50,0.8678,43.43,43
2028-01-17,Term 2 2027,7,0,0,50,0.8682,43.43,42
2028-01-18,Term 2 2027,7,1,0,50,0.8644,43.29,44
2028-01-19,Term 2 2027,7,2,0,50,0.8679,43.43,45
2028-01-20,Term 2 2027,7,3,0,50,0.8781,43.86,43
2028-01-21,Term 2 2027,7,4,0,50,0.8719,43.57,44
2028-01-24,Term 2 2027,8,0,0,50,0.875,43.71,40
2028-01-25,Term 2 2027,8,1,0,50,0.8593,43.0,46
2028-01-26,Term 2 2027,8,2,0,50,0.8674,43.43,46
2028-01-27,Term 2 2027,8,3,0,50,0.8792,44.0,42
2028-01-28,Term 2 2027,8,4,0,50,0.8751,43.71,44
2028-01-31,Term 2 2027,9,0,0,50,0.8708,43.57,41
2028-02-01,Term 2 2027,9,1,0,50,0.8654,43.29,43
2028-02-02,Term 2 2027,9,2,0,50,0.8629,43.14,44
2028-02-03,Term 2 2027,9,3,0,50,0.8768,43.71,43
2028-02-04,Term 2 2027,9,4,0,50,0.8684,43.29,44
2028-02-07,Term 2 2027,10,0,0,50,0.8622,43.0,42
2028-02-08,Term 2 2027,10,1,0,50,0.86,43.0,45
2028-02-09,Term 2 2027,10,2,0,50,0.8631,43.14,44
2028-02-10,Term 2 2027,10,3,0,50,0.8692,43.57,44
2028-02-11,Term 2 2027,10,4,0,50,0.8725,43.71,41
2028-02-14,Term 2 2027,11,0,0,50,0.864,43.29,41
2028-02-15,Term 2 2027,11,1,0,50,0.8575,43.0,44
2028-02-16,Term 2 2027,11,2,0,50,0.8586,43.0,44
2028-02-17,Term 2 2027,11,3,0,50,0.8651,43.29,42
2028-02-18,Term 2 2027,11,4,0,50,0.8574,42.86,44
2028-02-21,Term 2 2027,12,0,1,50,0.8585,42.86,35
2028-02-22,Term 2 2027,12,1,1,50,0.8335,41.57,39
2028-02-23,Term 2 2027,12,2,1,50,0.8276,41.29,40
2028-02-24,Term 2 2027,12,3,1,50,0.825,41.14,37
2028-02-25,Term 2 2027,12,4,1,50,0.8063,40.14,36
2028-02-28,Term 2 2027,13,0,1,50,0.7824,39.0,36
2028-02-29,Term 2 2027,13,1,1,50,0.7635,38.14,37
2028-03-01,Term 2 2027,13,2,1,50,0.7433,37.14,37
2028-03-02,Term 2 2027,13,3,1,50,0.7468,37.43,37
2028-03-03,Term 2 2027,13,4,1,50,0.7402,37.14,38
2028-03-20,Term 3 2028,1,0,0,50,0.7347,36.86,38
2028-03-21,Term 3 2028,1,1,0,50,0.7356,37.0,40
2028-03-22,Term 3 2028,1,2,0,50,0.7471,37.57,39
2028-03-23,Term 3 2028,1,3,0,50,0.7553,38.0,39
2028-03-24,Term 3 2028,1,4,0,50,0.7622,38.29,38
2028-03-27,Term 3 2028,2,0,0,50,0.7649,38.43,43
2028-03-28,Term 3 2028,2,1,0,50,0.7815,39.29,44
2028-03-29,Term 3 2028,2,2,0,50,0.7993,40.14,45
2028-03-30,Term 3 2028,2,3,0,50,0.8188,41.14,45
2028-03-31,Term 3 2028,2,4,0,50,0.8333,41.86,41
2028-04-03,Term 3 2028,3,0,0,50,0.8402,42.14,43
2028-04-04,Term 3 2028,3,1,0,50,0.8501,42.71,46
2028-04-05,Term 3 2028,3,2,0,50,0.8739,43.86,45
2028-04-06,Term 3 2028,3,3,0,50,0.8789,44.14,44
2028-04-07,Term 3 2028,3,4,0,50,0.8788,44.14,41
2028-04-10,Term 3 2028,4,0,0,50,0.8675,43.57,43
2028-04-11,Term 3 2028,4,1,0,50,0.8616,43.29,43
2028-04-12,Term 3 2028,4,2,0,50,0.8663,43.57,45
2028-04-13,Term 3 2028,4,3,0,50,0.8723,43.86,44
2028-04-14,Term 3 2028,4,4,0,50,0.8668,43.57,44
2028-04-17,Term 3 2028,5,0,0,50,0.8643,43.43,42
2028-04-18,Term 3 2028,5,1,0,50,0.8577,43.14,45
2028-04-19,Term 3 2028,5,2,0,50,0.8688,43.71,42
2028-04-20,Term 3 2028,5,3,0,50,0.8676,43.57,42
2028-04-21,Term 3 2028,5,4,0,50,0.866,43.43,43
2028-04-24,Term 3 2028,6,0,0,50,0.8618,43.14,43
2028-04-25,Term 3 2028,6,1,0,50,0.8598,43.0,45
2028-04-26,Term 3 2028,6,2,0,50,0.8627,43.14,45
2028-04-27,Term 3 2028,6,3,0,50,0.8724,43.57,44
2028-04-28,Term 3 2028,6,4,0,50,0.8698,43.43,43
2028-05-01,Term 3 2028,7,0,0,50,0.873,43.57,40
2028-05-02,Term 3 2028,7,1,0,50,0.8681,43.29,45
2028-05-03,Term 3 2028,7,2,0,50,0.8722,43.57,42
2028-05-04,Term 3 2028,7,3,0,50,0.8687,43.43,44
2028-05-05,Term 3 2028,7,4,0,50,0.8668,43.29,41
2028-05-08,Term 3 2028,8,0,0,50,0.8567,42.71,42
2028-05-09,Term 3 2028,8,1,0,50,0.8519,42.43,45
2028-05-10,Term 3 2028,8,2,0,50,0.8556,42.71,44
2028-05-11,Term 3 2028,8,3,0,50,0.8671,43.29,44
2028-05-12,Term 3 2028,8,4,0,50,0.8645,43.14,42
2028-05-15,Term 3 2028,9,0,0,50,0.8643,43.14,40
2028-05-16,Term 3 2028,9,1,0,50,0.8514,42.57,44
2028-05-17,Term 3 2028,9,2,0,50,0.8592,43.0,42
2028-05-18,Term 3 2028,9,3,0,50,0.8594,43.0,44
2028-05-19,Term 3 2028,9,4,0,50,0.8578,42.86,41
2028-05-22,Term 3 2028,10,0,0,50,0.8482,42.43,43
2028-05-23,Term 3 2028,10,1,0,50,0.8467,42.29,42
2028-05-24,Term 3 2028,10,2,0,50,0.8471,42.29,45
2028-05-25,Term 3 2028,10,3,0,50,0.8634,43.0,45
2028-05-26,Term 3 2028,10,4,0,50,0.8648,43.14,43
2028-05-29,Term 3 2028,11,0,0,50,0.8682,43.29,43
2028-05-30,Term 3 2028,11,1,0,50,0.8654,43.14,42
2028-05-31,Term 3 2028,11,2,0,50,0.8692,43.29,42
2028-06-01,Term 3 2028,11,3,0,50,0.8663,43.14,43
2028-06-02,Term 3 2028,11,4,0,50,0.8678,43.29,41
2028-06-05,Term 3 2028,12,0,1,50,0.855,42.71,36
2028-06-06,Term 3 2028,12,1,1,50,0.829,41.43,39
2028-06-07,Term 3 2028,12,2,1,50,0.8177,40.86,37
2028-06-08,Term 3 2028,12,3,1,50,0.8003,40.0,38
2028-06-09,Term 3 2028,12,4,1,50,0.7865,39.43,35
2028-06-12,Term 3 2028,13,0,1,50,0.7668,38.43,35
2028-06-13,Term 3 2028,13,1,1,50,0.7455,37.29,38
2028-06-14,Term 3 2028,13,2,1,50,0.7383,36.86,40
2028-06-15,Term 3 2028,13,3,1,50,0.7507,37.43,37
2028-06-16,Term 3 2028,13,4,1,50,0.744,37.14,37
2028-07-03,Term 1 2028,1,0,0,50,0.743,37.14,39
2028-07-04,Term 1 2028,1,1,0,50,0.7468,37.29,41
2028-07-05,Term 1 2028,1,2,0,50,0.7614,38.14,41
2028-07-06,Term 1 2028,1,3,0,50,0.7794,39.0,41
2028-07-07,Term 1 2028,1,4,0,50,0.7874,39.43,36
2028-07-10,Term 1 2028,2,0,0,50,0.7771,38.86,41
2028-07-11,Term 1 2028,2,1,0,50,0.7889,39.43,44
2028-07-12,Term 1 2028,2,2,0,50,0.8102,40.43,42
2028-07-13,Term 1 2028,2,3,0,50,0.8198,40.86,42
2028-07-14,Term 1 2028,2,4,0,50,0.8238,41.0,41
2028-07-17,Term 1 2028,3,0,0,50,0.8217,41.0,41
2028-07-18,Term 1 2028,3,1,0,50,0.823,41.0,44
2028-07-19,Term 1 2028,3,2,0,50,0.844,42.14,45
2028-07-20,Term 1 2028,3,3,0,50,0.8558,42.71,44
2028-07-21,Term 1 2028,3,4,0,50,0.856,42.71,43
2028-07-24,Term 1 2028,4,0,0,50,0.8594,42.86,40
2028-07-25,Term 1 2028,4,1,0,50,0.8532,42.57,44
2028-07-26,Term 1 2028,4,2,0,50,0.863,43.0,42
2028-07-27,Term 1 2028,4,3,0,50,0.865,43.14,43
2028-07-28,Term 1 2028,4,4,0,50,0.8624,43.0,43
2028-07-31,Term 1 2028,5,0,0,50,0.8576,42.71,43
2028-08-01,Term 1 2028,5,1,0,50,0.8542,42.57,44
2028-08-02,Term 1 2028,5,2,0,50,0.8555,42.71,42
2028-08-03,Term 1 2028,5,3,0,50,0.8621,43.0,42
2028-08-04,Term 1 2028,5,4,0,50,0.8569,42.71,44
2028-08-07,Term 1 2028,6,0,0,50,0.8613,43.0,43
2028-08-08,Term 1 2028,6,1,0,50,0.862,43.0,44
2028-08-09,Term 1 2028,6,2,0,50,0.8642,43.14,42
2028-08-10,Term 1 2028,6,3,0,50,0.8616,43.0,46
2028-08-11,Term 1 2028,6,4,0,50,0.8668,43.29,41
2028-08-14,Term 1 2028,7,0,0,50,0.8641,43.14,43
2028-08-15,Term 1 2028,7,1,0,50,0.8671,43.29,44
2028-08-16,Term 1 2028,7,2,0,50,0.869,43.29,45
2028-08-17,Term 1 2028,7,3,0,50,0.8745,43.57,45
2028-08-18,Term 1 2028,7,4,0,50,0.8762,43.71,42
2028-08-21,Term 1 2028,8,0,0,50,0.8746,43.71,40
2028-08-22,Term 1 2028,8,1,0,50,0.8578,42.86,43
2028-08-23,Term 1 2028,8,2,0,50,0.8617,43.14,43
2028-08-24,Term 1 2028,8,3,0,50,0.8606,43.14,45
2028-08-25,Term 1 2028,8,4,0,50,0.8635,43.29,42
2028-08-28,Term 1 2028,9,0,0,50,0.8536,42.86,43
2028-08-29,Term 1 2028,9,1,0,50,0.8486,42.57,43
2028-08-30,Term 1 2028,9,2,0,50,0.8535,42.71,45
2028-08-31,Term 1 2028,9,3,0,50,0.8684,43.43,43
2028-09-01,Term 1 2028,9,4,0,50,0.8681,43.43,44
2028-09-04,Term 1 2028,10,0,0,50,0.871,43.57,42
2028-09-05,Term 1 2028,10,1,0,50,0.8626,43.14,44
2028-09-06,Term 1 2028,10,2,0,50,0.8696,43.43,46
2028-09-07,Term 1 2028,10,3,0,50,0.8776,43.86,42
2028-09-08,Term 1 2028,10,4,0,50,0.8744,43.71,42
2028-09-11,Term 1 2028,11,0,0,50,0.8651,43.29,43
2028-09-12,Term 1 2028,11,1,0,50,0.8659,43.29,43
2028-09-13,Term 1 2028,11,2,0,50,0.8642,43.14,45
2028-09-14,Term 1 2028,11,3,0,50,0.8719,43.57,46
2028-09-15,Term 1 2028,11,4,0,50,0.8771,43.86,42
2028-09-18,Term 1 2028,12,0,1,50,0.8647,43.29,37
2028-09-19,Term 1 2028,12,1,1,50,0.8487,42.57,36
2028-09-20,Term 1 2028,12,2,1,50,0.8326,41.71,37
2028-09-21,Term 1 2028,12,3,1,50,0.8161,40.86,40
2028-09-22,Term 1 2028,12,4,1,50,0.8065,40.43,36
2028-09-25,Term 1 2028,13,0,1,50,0.7804,39.14,35
2028-09-26,Term 1 2028,13,1,1,50,0.7493,37.57,40
2028-09-27,Term 1 2028,13,2,1,50,0.7441,37.29,38
2028-09-28,Term 1 2028,13,3,1,50,0.7473,37.43,39
2028-09-29,Term 1 2028,13,4,1,50,0.7547,37.86,37
2028-10-16,Term 2 2028,1,0,0,50,0.7535,37.86,36
2028-10-17,Term 2 2028,1,1,0,50,0.7417,37.29,40
2028-10-18,Term 2 2028,1,2,0,50,0.7546,37.86,41
2028-10-19,Term 2 2028,1,3,0,50,0.7725,38.71,41
2028-10-20,Term 2 2028,1,4,0,50,0.7756,38.86,36
2028-10-23,Term 2 2028,2,0,0,50,0.7716,38.57,40
2028-10-24,Term 2 2028,2,1,0,50,0.7756,38.71,45
2028-10-25,Term 2 2028,2,2,0,50,0.799,39.86,45
2028-10-26,Term 2 2028,2,3,0,50,0.8238,41.14,45
2028-10-27,Term 2 2028,2,4,0,50,0.8366,41.86,41
2028-10-30,Term 2 2028,3,0,0,50,0.8369,41.86,40
2028-10-31,Term 2 2028,3,1,0,50,0.8342,41.71,42
2028-11-01,Term 2 2028,3,2,0,50,0.8505,42.57,43
2028-11-02,Term 2 2028,3,3,0,50,0.8594,43.0,43
2028-11-03,Term 2 2028,3,4,0,50,0.8554,42.71,41
2028-11-06,Term 2 2028,4,0,0,50,0.8455,42.14,40
2028-11-07,Term 2 2028,4,1,0,50,0.8314,41.43,43
2028-11-08,Term 2 2028,4,2,0,50,0.8357,41.71,44
2028-11-09,Term 2 2028,4,3,0,50,0.8467,42.29,44
2028-11-10,Term 2 2028,4,4,0,50,0.853,42.57,42
2028-11-13,Term 2 2028,5,0,0,50,0.8484,42.43,40
2028-11-14,Term 2 2028,5,1,0,50,0.8375,42.0,43
2028-11-15,Term 2 2028,5,2,0,50,0.8441,42.29,42
2028-11-16,Term 2 2028,5,3,0,50,0.8508,42.57,44
2028-11-17,Term 2 2028,5,4,0,50,0.8555,42.71,41
2028-11-20,Term 2 2028,6,0,0,50,0.8484,42.29,41
2028-11-21,Term 2 2028,6,1,0,50,0.8393,41.86,43
2028-11-22,Term 2 2028,6,2,0,50,0.8437,42.0,44
2028-11-23,Term 2 2028,6,3,0,50,0.8549,42.57,42
2028-11-24,Term 2 2028,6,4,0,50,0.8519,42.43,44
2028-11-27,Term 2 2028,7,0,0,50,0.8554,42.71,43
2028-11-28,Term 2 2028,7,1,0,50,0.8518,42.57,46
2028-11-29,Term 2 2028,7,2,0,50,0.865,43.29,44
2028-11-30,Term 2 2028,7,3,0,50,0.8742,43.71,43
2028-12-01,Term 2 2028,7,4,0,50,0.8729,43.71,42
2028-12-04,Term 2 2028,8,0,0,50,0.8671,43.43,40
2028-12-05,Term 2 2028,8,1,0,50,0.8605,43.14,43
2028-12-06,Term 2 2028,8,2,0,50,0.8594,43.0,44
2028-12-07,Term 2 2028,8,3,0,50,0.8618,43.14,42
2028-12-08,Term 2 2028,8,4,0,50,0.8514,42.57,42
2028-12-11,Term 2 2028,9,0,0,50,0.8441,42.29,41
2028-12-12,Term 2 2028,9,1,0,50,0.8398,42.0,44
2028-12-13,Term 2 2028,9,2,0,50,0.8467,42.29,42
2028-12-14,Term 2 2028,9,3,0,50,0.8531,42.57,43
2028-12-15,Term 2 2028,9,4,0,50,0.8526,42.57,41
2028-12-18,Term 2 2028,10,0,0,50,0.844,42.14,42
2028-12-19,Term 2 2028,10,1,0,50,0.8433,42.14,44
2028-12-20,Term 2 2028,10,2,0,50,0.8508,42.43,43
2028-12-21,Term 2 2028,10,3,0,50,0.8554,42.71,42
2028-12-22,Term 2 2028,10,4,0,50,0.8511,42.43,41
2028-12-25,Term 2 2028,11,0,0,50,0.848,42.29,43
2028-12-26,Term 2 2028,11,1,0,50,0.8488,42.29,43
2028-12-27,Term 2 2028,11,2,0,50,0.8555,42.57,44
2028-12-28,Term 2 2028,11,3,0,50,0.8626,42.86,45
2028-12-29,Term 2 2028,11,4,0,50,0.865,43.0,41
2029-01-01,Term 2 2028,12,0,1,50,0.8608,42.71,35
2029-01-02,Term 2 2028,12,1,1,50,0.8391,41.71,39
2029-01-03,Term 2 2028,12,2,1,50,0.8335,41.43,39
2029-01-04,Term 2 2028,12,3,1,50,0.8225,40.86,40
2029-01-05,Term 2 2028,12,4,1,50,0.8127,40.43,35
2029-01-08,Term 2 2028,13,0,1,50,0.7843,39.14,35
2029-01-09,Term 2 2028,13,1,1,50,0.7545,37.71,40
2029-01-10,Term 2 2028,13,2,1,50,0.7502,37.57,37
2029-01-11,Term 2 2028,13,3,1,50,0.7558,37.86,37
2029-01-12,Term 2 2028,13,4,1,50,0.75,37.57,38
2029-01-29,Term 3 2029,1,0,0,50,0.7455,37.43,39
2029-01-30,Term 3 2029,1,1,0,50,0.744,37.29,39
2029-01-31,Term 3 2029,1,2,0,50,0.7572,37.86,41
2029-02-01,Term 3 2029,1,3,0,50,0.7744,38.71,40
2029-02-02,Term 3 2029,1,4,0,50,0.7749,38.71,38
2029-02-05,Term 3 2029,2,0,0,50,0.7792,38.86,40
2029-02-06,Term 3 2029,2,1,0,50,0.7883,39.29,44
2029-02-07,Term 3 2029,2,2,0,50,0.8045,40.14,45
2029-02-08,Term 3 2029,2,3,0,50,0.8213,41.0,44
2029-02-09,Term 3 2029,2,4,0,50,0.8339,41.71,40
2029-02-12,Term 3 2029,3,0,0,50,0.833,41.57,42
2029-02-13,Term 3 2029,3,1,0,50,0.8381,41.86,44
2029-02-14,Term 3 2029,3,2,0,50,0.8554,42.71,44
2029-02-15,Term 3 2029,3,3,0,50,0.866,43.29,45
2029-02-16,Term 3 2029,3,4,0,50,0.8695,43.43,42
2029-02-19,Term 3 2029,4,0,0,50,0.8607,43.0,43
2029-02-20,Term 3 2029,4,1,0,50,0.86,42.86,44
2029-02-21,Term 3 2029,4,2,0,50,0.8697,43.43,45
2029-02-22,Term 3 2029,4,3,0,50,0.8785,43.86,44
2029-02-23,Term 3 2029,4,4,0,50,0.8767,43.86,41
2029-02-26,Term 3 2029,5,0,0,50,0.8681,43.43,42
2029-02-27,Term 3 2029,5,1,0,50,0.8611,43.0,45
2029-02-28,Term 3 2029,5,2,0,50,0.8699,43.43,45
2029-03-01,Term 3 2029,5,3,0,50,0.8752,43.71,44
2029-03-02,Term 3 2029,5,4,0,50,0.8746,43.71,42
2029-03-05,Term 3 2029,6,0,0,50,0.8665,43.29,42
2029-03-06,Term 3 2029,6,1,0,50,0.8616,43.0,43
2029-03-07,Term 3 2029,6,2,0,50,0.8668,43.29,45
2029-03-08,Term 3 2029,6,3,0,50,0.8735,43.71,45
2029-03-09,Term 3 2029,6,4,0,50,0.8723,43.71,43
2029-03-12,Term 3 2029,7,0,0,50,0.8665,43.43,40
2029-03-13,Term 3 2029,7,1,0,50,0.8556,42.86,46
2029-03-14,Term 3 2029,7,2,0,50,0.8669,43.43,44
2029-03-15,Term 3 2029,7,3,0,50,0.8723,43.71,44
2029-03-16,Term 3 2029,7,4,0,50,0.8741,43.86,42
2029-03-19,Term 3 2029,8,0,0,50,0.8666,43.43,43
2029-03-20,Term 3 2029,8,1,0,50,0.8618,43.14,45
2029-03-21,Term 3 2029,8,2,0,50,0.8664,43.43,44
2029-03-22,Term 3 2029,8,3,0,50,0.8789,44.0,45
2029-03-23,Term 3 2029,8,4,0,50,0.8767,43.86,41
2029-03-26,Term 3 2029,9,0,0,50,0.8696,43.43,43
2029-03-27,Term 3 2029,9,1,0,50,0.8681,43.29,44
2029-03-28,Term 3 2029,9,2,0,50,0.8742,43.57,45
2029-03-29,Term 3 2029,9,3,0,50,0.8781,43.86,42
2029-03-30,Term 3 2029,9,4,0,50,0.8712,43.43,43
2029-04-02,Term 3 2029,10,0,0,50,0.868,43.29,42
2029-04-03,Term 3 2029,10,1,0,50,0.8593,42.86,43
2029-04-04,Term 3 2029,10,2,0,50,0.865,43.14,45
2029-04-05,Term 3 2029,10,3,0,50,0.8693,43.43,42
2029-04-06,Term 3 2029,10,4,0,50,0.8637,43.14,44
2029-04-09,Term 3 2029,11,0,0,50,0.8619,43.0,42
2029-04-10,Term 3 2029,11,1,0,50,0.8615,43.0,44
2029-04-11,Term 3 2029,11,2,0,50,0.863,43.14,45
2029-04-12,Term 3 2029,11,3,0,50,0.8713,43.57,46
2029-04-13,Term 3 2029,11,4,0,50,0.8782,44.0,42
2029-04-16,Term 3 2029,12,0,1,50,0.87,43.57,34
2029-04-17,Term 3 2029,12,1,1,50,0.8454,42.43,37
2029-04-18,Term 3 2029,12,2,1,50,0.8257,41.43,38
2029-04-19,Term 3 2029,12,3,1,50,0.8138,40.86,38
2029-04-20,Term 3 2029,12,4,1,50,0.798,40.0,36
2029-04-23,Term 3 2029,13,0,1,50,0.7731,38.71,36
2029-04-24,Term 3 2029,13,1,1,50,0.7444,37.29,38
2029-04-25,Term 3 2029,13,2,1,50,0.7331,36.71,38
2029-04-26,Term 3 2029,13,3,1,50,0.7446,37.29,39
2029-04-27,Term 3 2029,13,4,1,50,0.7505,37.57,36
2029-05-14,Term 1 2029,1,0,0,50,0.7457,37.29,38
2029-05-15,Term 1 2029,1,1,0,50,0.744,37.29,39
2029-05-16,Term 1 2029,1,2,0,50,0.7528,37.71,38
2029-05-17,Term 1 2029,1,3,0,50,0.7594,38.0,38
2029-05-18,Term 1 2029,1,4,0,50,0.7612,38.0,38
2029-05-21,Term 1 2029,2,0,0,50,0.7615,38.0,43
2029-05-22,Term 1 2029,2,1,0,50,0.7736,38.57,42
2029-05-23,Term 1 2029,2,2,0,50,0.7911,39.43,46
2029-05-24,Term 1 2029,2,3,0,50,0.8147,40.57,43
2029-05-25,Term 1 2029,2,4,0,50,0.8238,41.14,41
2029-05-28,Term 1 2029,3,0,0,50,0.8328,41.57,41
2029-05-29,Term 1 2029,3,1,0,50,0.8411,42.0,43
2029-05-30,Term 1 2029,3,2,0,50,0.8558,42.71,44
2029-05-31,Term 1 2029,3,3,0,50,0.8575,42.86,44
2029-06-01,Term 1 2029,3,4,0,50,0.8616,43.14,42
2029-06-04,Term 1 2029,4,0,0,50,0.8501,42.57,42
2029-06-05,Term 1 2029,4,1,0,50,0.8493,42.43,43
2029-06-06,Term 1 2029,4,2,0,50,0.8551,42.71,43
2029-06-07,Term 1 2029,4,3,0,50,0.8605,43.0,45
2029-06-08,Term 1 2029,4,4,0,50,0.8674,43.29,40
2029-06-11,Term 1 2029,5,0,0,50,0.8575,42.71,43
2029-06-12,Term 1 2029,5,1,0,50,0.8546,42.57,45
2029-06-13,Term 1 2029,5,2,0,50,0.8627,43.0,45
2029-06-14,Term 1 2029,5,3,0,50,0.8696,43.43,43
2029-06-15,Term 1 2029,5,4,0,50,0.8679,43.43,44
2029-06-18,Term 1 2029,6,0,0,50,0.87,43.57,40
2029-06-19,Term 1 2029,6,1,0,50,0.8563,42.86,43
2029-06-20,Term 1 2029,6,2,0,50,0.8627,43.29,43
2029-06-21,Term 1 2029,6,3,0,50,0.862,43.29,44
2029-06-22,Term 1 2029,6,4,0,50,0.861,43.14,44
2029-06-25,Term 1 2029,7,0,0,50,0.8585,43.0,40
2029-06-26,Term 1 2029,7,1,0,50,0.8521,42.57,44
2029-06-27,Term 1 2029,7,2,0,50,0.8512,42.57,43
2029-06-28,Term 1 2029,7,3,0,50,0.8577,43.0,45
2029-06-29,Term 1 2029,7,4,0,50,0.863,43.29,42
2029-07-02,Term 1 2029,8,0,0,50,0.8604,43.14,40
2029-07-03,Term 1 2029,8,1,0,50,0.8472,42.57,44
2029-07-04,Term 1 2029,8,2,0,50,0.849,42.57,43
2029-07-05,Term 1 2029,8,3,0,50,0.8557,43.0,44
2029-07-06,Term 1 2029,8,4,0,50,0.8579,43.0,42
2029-07-09,Term 1 2029,9,0,0,50,0.8545,42.86,42
2029-07-10,Term 1 2029,9,1,0,50,0.8481,42.43,43
2029-07-11,Term 1 2029,9,2,0,50,0.8512,42.57,45
2029-07-12,Term 1 2029,9,3,0,50,0.8666,43.29,45
2029-07-13,Term 1 2029,9,4,0,50,0.8689,43.43,40
2029-07-16,Term 1 2029,10,0,0,50,0.8616,43.0,40
2029-07-17,Term 1 2029,10,1,0,50,0.8489,42.43,45
2029-07-18,Term 1 2029,10,2,0,50,0.8601,42.86,43
2029-07-19,Term 1 2029,10,3,0,50,0.8613,43.0,43
2029-07-20,Term 1 2029,10,4,0,50,0.8627,43.0,42
2029-07-23,Term 1 2029,11,0,0,50,0.8536,42.57,41
2029-07-24,Term 1 2029,11,1,0,50,0.8402,42.0,45
2029-07-25,Term 1 2029,11,2,0,50,0.8551,42.71,44
2029-07-26,Term 1 2029,11,3,0,50,0.8671,43.29,45
2029-07-27,Term 1 2029,11,4,0,50,0.8644,43.29,42
2029-07-30,Term 1 2029,12,0,1,50,0.8634,43.14,36
2029-07-31,Term 1 2029,12,1,1,50,0.8424,42.14,38
2029-08-01,Term 1 2029,12,2,1,50,0.8324,41.57,37
2029-08-02,Term 1 2029,12,3,1,50,0.8234,41.0,39
2029-08-03,Term 1 2029,12,4,1,50,0.8061,40.14,36
2029-08-06,Term 1 2029,13,0,1,50,0.7842,39.0,37
2029-08-07,Term 1 2029,13,1,1,50,0.7619,37.86,39
2029-08-08,Term 1 2029,13,2,1,50,0.7518,37.43,37
2029-08-09,Term 1 2029,13,3,1,50,0.7553,37.57,38
2029-08-10,Term 1 2029,13,4,1,50,0.7556,37.57,34
2029-08-27,Term 2 2029,1,0,0,50,0.7469,37.14,36
2029-08-28,Term 2 2029,1,1,0,50,0.7374,36.71,38
2029-08-29,Term 2 2029,1,2,0,50,0.7431,37.0,39
2029-08-30,Term 2 2029,1,3,0,50,0.7501,37.29,39
2029-08-31,Term 2 2029,1,4,0,50,0.7498,37.29,39
2029-09-03,Term 2 2029,2,0,0,50,0.7544,37.57,42
2029-09-04,Term 2 2029,2,1,0,50,0.7632,38.14,44
2029-09-05,Term 2 2029,2,2,0,50,0.7899,39.57,43
2029-09-06,Term 2 2029,2,3,0,50,0.8085,40.57,44
2029-09-07,Term 2 2029,2,4,0,50,0.8229,41.43,41
2029-09-10,Term 2 2029,3,0,0,50,0.8273,41.71,42
2029-09-11,Term 2 2029,3,1,0,50,0.8368,42.14,45
2029-09-12,Term 2 2029,3,2,0,50,0.8539,43.0,45
2029-09-13,Term 2 2029,3,3,0,50,0.8626,43.43,46
2029-09-14,Term 2 2029,3,4,0,50,0.8692,43.71,42
2029-09-17,Term 2 2029,4,0,0,50,0.8683,43.57,41
2029-09-18,Term 2 2029,4,1,0,50,0.8623,43.14,43
2029-09-19,Term 2 2029,4,2,0,50,0.8675,43.43,43
2029-09-20,Term 2 2029,4,3,0,50,0.871,43.57,44
2029-09-21,Term 2 2029,4,4,0,50,0.8682,43.43,40
2029-09-24,Term 2 2029,5,0,0,50,0.8558,42.71,41
2029-09-25,Term 2 2029,5,1,0,50,0.8413,42.0,42
2029-09-26,Term 2 2029,5,2,0,50,0.8408,42.0,43
2029-09-27,Term 2 2029,5,3,0,50,0.8439,42.29,45
2029-09-28,Term 2 2029,5,4,0,50,0.8516,42.57,44
2029-10-01,Term 2 2029,6,0,0,50,0.8533,42.71,42
2029-10-02,Term 2 2029,6,1,0,50,0.8468,42.43,44
2029-10-03,Term 2 2029,6,2,0,50,0.8575,43.0,45
2029-10-04,Term 2 2029,6,3,0,50,0.8684,43.57,44
2029-10-05,Term 2 2029,6,4,0,50,0.873,43.86,43
2029-10-08,Term 2 2029,7,0,0,50,0.8754,43.86,41
2029-10-09,Term 2 2029,7,1,0,50,0.8645,43.29,42
2029-10-10,Term 2 2029,7,2,0,50,0.8601,43.0,42
2029-10-11,Term 2 2029,7,3,0,50,0.8619,43.0,45
2029-10-12,Term 2 2029,7,4,0,50,0.8649,43.14,41
2029-10-15,Term 2 2029,8,0,0,50,0.8547,42.57,41
2029-10-16,Term 2 2029,8,1,0,50,0.846,42.14,44
2029-10-17,Term 2 2029,8,2,0,50,0.8482,42.29,43
2029-10-18,Term 2 2029,8,3,0,50,0.8517,42.57,44
2029-10-19,Term 2 2029,8,4,0,50,0.856,42.86,43
2029-10-22,Term 2 2029,9,0,0,50,0.8584,43.0,43
2029-10-23,Term 2 2029,9,1,0,50,0.8513,42.71,44
2029-10-24,Term 2 2029,9,2,0,50,0.86,43.14,42
2029-10-25,Term 2 2029,9,3,0,50,0.8653,43.29,42
2029-10-26,Term 2 2029,9,4,0,50,0.8604,43.0,43
2029-10-29,Term 2 2029,10,0,0,50,0.8616,43.0,43
2029-10-30,Term 2 2029,10,1,0,50,0.8587,42.86,43
2029-10-31,Term 2 2029,10,2,0,50,0.8601,42.86,45
2029-11-01,Term 2 2029,10,3,0,50,0.8679,43.14,42
2029-11-02,Term 2 2029,10,4,0,50,0.8621,42.86,43
2029-11-05,Term 2 2029,11,0,0,50,0.8633,43.0,42
2029-11-06,Term 2 2029,11,1,0,50,0.8611,43.0,46
2029-11-07,Term 2 2029,11,2,0,50,0.8692,43.43,42
2029-11-08,Term 2 2029,11,3,0,50,0.8681,43.29,45
2029-11-09,Term 2 2029,11,4,0,50,0.8734,43.57,43
2029-11-12,Term 2 2029,12,0,1,50,0.8669,43.29,35
2029-11-13,Term 2 2029,12,1,1,50,0.8456,42.29,40
2029-11-14,Term 2 2029,12,2,1,50,0.8373,41.86,38
2029-11-15,Term 2 2029,12,3,1,50,0.8262,41.29,37
2029-11-16,Term 2 2029,12,4,1,50,0.8018,40.0,37
2029-11-19,Term 2 2029,13,0,1,50,0.7871,39.29,35
2029-11-20,Term 2 2029,13,1,1,50,0.7583,37.86,40
2029-11-21,Term 2 2029,13,2,1,50,0.7496,37.43,39
2029-11-22,Term 2 2029,13,3,1,50,0.7623,38.0,37
2029-11-23,Term 2 2029,13,4,1,50,0.7536,37.57,37
2029-12-10,Term 3 2029,1,0,0,50,0.752,37.43,38
2029-12-11,Term 3 2029,1,1,0,50,0.7533,37.57,39
2029-12-12,Term 3 2029,1,2,0,50,0.7594,37.86,41
2029-12-13,Term 3 2029,1,3,0,50,0.7754,38.71,41
2029-12-14,Term 3 2029,1,4,0,50,0.7769,38.86,37
2029-12-17,Term 3 2029,2,0,0,50,0.77,38.57,40
2029-12-18,Term 3 2029,2,1,0,50,0.7788,39.0,43
2029-12-19,Term 3 2029,2,2,0,50,0.7948,39.86,43
2029-12-20,Term 3 2029,2,3,0,50,0.809,40.57,42
2029-12-21,Term 3 2029,2,4,0,50,0.8171,41.0,41
2029-12-24,Term 3 2029,3,0,0,50,0.8187,41.0,41
2029-12-25,Term 3 2029,3,1,0,50,0.819,41.0,44
2029-12-26,Term 3 2029,3,2,0,50,0.8404,42.0,43
2029-12-27,Term 3 2029,3,3,0,50,0.8496,42.43,45
2029-12-28,Term 3 2029,3,4,0,50,0.8553,42.71,41
2029-12-31,Term 3 2029,4,0,0,50,0.8505,42.43,41
2030-01-01,Term 3 2029,4,1,0,50,0.8458,42.29,45
2030-01-02,Term 3 2029,4,2,0,50,0.8573,42.86,46
2030-01-03,Term 3 2029,4,3,0,50,0.8725,43.57,45
2030-01-04,Term 3 2029,4,4,0,50,0.8741,43.71,40
2030-01-07,Term 3 2029,5,0,0,50,0.8657,43.29,43
2030-01-08,Term 3 2029,5,1,0,50,0.8615,43.0,45
2030-01-09,Term 3 2029,5,2,0,50,0.8729,43.57,46
2030-01-10,Term 3 2029,5,3,0,50,0.8875,44.29,46
2030-01-11,Term 3 2029,5,4,0,50,0.8891,44.43,43
2030-01-14,Term 3 2029,6,0,0,50,0.882,44.0,40
2030-01-15,Term 3 2029,6,1,0,50,0.8686,43.29,45
2030-01-16,Term 3 2029,6,2,0,50,0.8831,44.0,43
2030-01-17,Term 3 2029,6,3,0,50,0.8821,44.0,45
2030-01-18,Term 3 2029,6,4,0,50,0.8812,44.0,43
2030-01-21,Term 3 2029,7,0,0,50,0.8745,43.57,43
2030-01-22,Term 3 2029,7,1,0,50,0.8647,43.14,45
2030-01-23,Term 3 2029,7,2,0,50,0.8682,43.43,44
2030-01-24,Term 3 2029,7,3,0,50,0.8795,44.0,44
2030-01-25,Term 3 2029,7,4,0,50,0.8762,43.86,41
2030-01-28,Term 3 2029,8,0,0,50,0.8707,43.57,41
2030-01-29,Term 3 2029,8,1,0,50,0.8602,43.0,44
2030-01-30,Term 3 2029,8,2,0,50,0.8616,43.14,45
2030-01-31,Term 3 2029,8,3,0,50,0.8673,43.43,46
2030-02-01,Term 3 2029,8,4,0,50,0.8696,43.57,40
2030-02-04,Term 3 2029,9,0,0,50,0.8594,43.0,42
2030-02-05,Term 3 2029,9,1,0,50,0.8515,42.71,43
2030-02-06,Term 3 2029,9,2,0,50,0.8573,43.0,46
2030-02-07,Term 3 2029,9,3,0,50,0.8704,43.71,43
2030-02-08,Term 3 2029,9,4,0,50,0.8695,43.57,44
2030-02-11,Term 3 2029,10,0,0,50,0.8674,43.43,41
2030-02-12,Term 3 2029,10,1,0,50,0.8539,42.71,42
2030-02-13,Term 3 2029,10,2,0,50,0.8586,43.0,45
2030-02-14,Term 3 2029,10,3,0,50,0.8687,43.43,45
2030-02-15,Term 3 2029,10,4,0,50,0.8739,43.71,43
2030-02-18,Term 3 2029,11,0,0,50,0.8658,43.29,41
2030-02-19,Term 3 2029,11,1,0,50,0.8597,43.0,45
2030-02-20,Term 3 2029,11,2,0,50,0.8622,43.14,43
2030-02-21,Term 3 2029,11,3,0,50,0.8697,43.43,42
2030-02-22,Term 3 2029,11,4,0,50,0.8704,43.43,42
2030-02-25,Term 3 2029,12,0,1,50,0.8619,43.0,34
2030-02-26,Term 3 2029,12,1,1,50,0.8318,41.43,38
2030-02-27,Term 3 2029,12,2,1,50,0.8169,40.71,37
2030-02-28,Term 3 2029,12,3,1,50,0.8041,40.14,37
2030-03-01,Term 3 2029,12,4,1,50,0.7824,39.0,37
2030-03-04,Term 3 2029,13,0,1,50,0.7649,38.14,35
2030-03-05,Term 3 2029,13,1,1,50,0.7438,37.14,38
2030-03-06,Term 3 2029,13,2,1,50,0.7328,36.57,38
2030-03-07,Term 3 2029,13,3,1,50,0.7439,37.14,38
2030-03-08,Term 3 2029,13,4,1,50,0.7446,37.14,35
2030-03-25,Term 1 2030,1,0,0,50,0.7404,36.86,38
2030-03-26,Term 1 2030,1,1,0,50,0.7437,37.0,38
2030-03-27,Term 1 2030,1,2,0,50,0.7462,37.14,38
2030-03-28,Term 1 2030,1,3,0,50,0.7563,37.57,41
2030-03-29,Term 1 2030,1,4,0,50,0.7644,38.0,38
2030-04-01,Term 1 2030,2,0,0,50,0.7632,38.0,40
2030-04-02,Term 1 2030,2,1,0,50,0.7691,38.29,45
2030-04-03,Term 1 2030,2,2,0,50,0.7978,39.71,44
2030-04-04,Term 1 2030,2,3,0,50,0.8136,40.57,42
2030-04-05,Term 1 2030,2,4,0,50,0.8245,41.14,44
2030-04-08,Term 1 2030,3,0,0,50,0.84,42.0,40
2030-04-09,Term 1 2030,3,1,0,50,0.8376,41.86,45
2030-04-10,Term 1 2030,3,2,0,50,0.8574,42.86,43
2030-04-11,Term 1 2030,3,3,0,50,0.8646,43.29,45
2030-04-12,Term 1 2030,3,4,0,50,0.8623,43.29,41
2030-04-15,Term 1 2030,4,0,0,50,0.8533,42.86,43
2030-04-16,Term 1 2030,4,1,0,50,0.8568,43.0,43
2030-04-17,Term 1 2030,4,2,0,50,0.8547,42.86,45
2030-04-18,Term 1 2030,4,3,0,50,0.867,43.57,43
2030-04-19,Term 1 2030,4,4,0,50,0.862,43.29,41
2030-04-22,Term 1 2030,5,0,0,50,0.859,43.0,43
2030-04-23,Term 1 2030,5,1,0,50,0.8548,42.71,43
2030-04-24,Term 1 2030,5,2,0,50,0.8606,43.0,44
2030-04-25,Term 1 2030,5,3,0,50,0.8616,43.14,43
2030-04-26,Term 1 2030,5,4,0,50,0.862,43.14,43
2030-04-29,Term 1 2030,6,0,0,50,0.8568,42.86,40
2030-04-30,Term 1 2030,6,1,0,50,0.8494,42.43,45
2030-05-01,Term 1 2030,6,2,0,50,0.8584,43.0,45
2030-05-02,Term 1 2030,6,3,0,50,0.8632,43.29,42
2030-05-03,Term 1 2030,6,4,0,50,0.8614,43.14,42
2030-05-06,Term 1 2030,7,0,0,50,0.8566,42.86,40
2030-05-07,Term 1 2030,7,1,0,50,0.8475,42.43,43
2030-05-08,Term 1 2030,7,2,0,50,0.8478,42.43,45
2030-05-09,Term 1 2030,7,3,0,50,0.86,43.14,42
2030-05-10,Term 1 2030,7,4,0,50,0.8526,42.71,43
2030-05-13,Term 1 2030,8,0,0,50,0.8468,42.43,43
2030-05-14,Term 1 2030,8,1,0,50,0.849,42.57,46
2030-05-15,Term 1 2030,8,2,0,50,0.8606,43.14,44
2030-05-16,Term 1 2030,8,3,0,50,0.871,43.71,43
2030-05-17,Term 1 2030,8,4,0,50,0.8699,43.71,40
2030-05-20,Term 1 2030,9,0,0,50,0.8573,43.0,41
2030-05-21,Term 1 2030,9,1,0,50,0.8544,42.86,45
2030-05-22,Term 1 2030,9,2,0,50,0.8605,43.14,42
2030-05-23,Term 1 2030,9,3,0,50,0.8595,43.0,43
2030-05-24,Term 1 2030,9,4,0,50,0.8518,42.57,44
2030-05-27,Term 1 2030,10,0,0,50,0.8513,42.57,40
2030-05-28,Term 1 2030,10,1,0,50,0.8442,42.14,45
2030-05-29,Term 1 2030,10,2,0,50,0.858,42.86,45
2030-05-30,Term 1 2030,10,3,0,50,0.8694,43.43,43
2030-05-31,Term 1 2030,10,4,0,50,0.8625,43.14,44
2030-06-03,Term 1 2030,11,0,0,50,0.867,43.43,40
2030-06-04,Term 1 2030,11,1,0,50,0.8579,43.0,44
2030-06-05,Term 1 2030,11,2,0,50,0.8596,43.0,42
2030-06-06,Term 1 2030,11,3,0,50,0.8653,43.29,45
2030-06-07,Term 1 2030,11,4,0,50,0.8638,43.29,42
2030-06-10,Term 1 2030,12,0,1,50,0.8545,42.86,36
2030-06-11,Term 1 2030,12,1,1,50,0.837,41.86,39
2030-06-12,Term 1 2030,12,2,1,50,0.8214,41.14,37
2030-06-13,Term 1 2030,12,3,1,50,0.8115,40.71,38
2030-06-14,Term 1 2030,12,4,1,50,0.793,39.86,37
2030-06-17,Term 1 2030,13,0,1,50,0.7779,39.14,37
2030-06-18,Term 1 2030,13,1,1,50,0.756,38.0,36
2030-06-19,Term 1 2030,13,2,1,50,0.7405,37.14,36
2030-06-20,Term 1 2030,13,3,1,50,0.7405,37.14,39
2030-06-21,Term 1 2030,13,4,1,50,0.742,37.14,36
2030-07-08,Term 2 2030,1,0,0,50,0.7413,37.0,37
2030-07-09,Term 2 2030,1,1,0,50,0.7395,36.86,42
2030-07-10,Term 2 2030,1,2,0,50,0.7541,37.57,39
2030-07-11,Term 2 2030,1,3,0,50,0.7608,37.86,39
2030-07-12,Term 2 2030,1,4,0,50,0.7671,38.29,37
2030-07-15,Term 2 2030,2,0,0,50,0.7691,38.43,40
2030-07-16,Term 2 2030,2,1,0,50,0.7715,38.57,44
2030-07-17,Term 2 2030,2,2,0,50,0.7939,39.71,44
2030-07-18,Term 2 2030,2,3,0,50,0.815,40.71,44
2030-07-19,Term 2 2030,2,4,0,50,0.8223,41.0,43
2030-07-22,Term 2 2030,3,0,0,50,0.8333,41.57,42
2030-07-23,Term 2 2030,3,1,0,50,0.8439,42.0,45
2030-07-24,Term 2 2030,3,2,0,50,0.8676,43.14,45
2030-07-25,Term 2 2030,3,3,0,50,0.8813,43.86,43
2030-07-26,Term 2 2030,3,4,0,50,0.8784,43.71,42
2030-07-29,Term 2 2030,4,0,0,50,0.8717,43.43,42
2030-07-30,Term 2 2030,4,1,0,50,0.8635,43.14,45
2030-07-31,Term 2 2030,4,2,0,50,0.8688,43.43,43
2030-08-01,Term 2 2030,4,3,0,50,0.8715,43.57,42
2030-08-02,Term 2 2030,4,4,0,50,0.8624,43.14,44
2030-08-05,Term 2 2030,5,0,0,50,0.8594,43.0,43
2030-08-06,Term 2 2030,5,1,0,50,0.8597,43.0,44
2030-08-07,Term 2 2030,5,2,0,50,0.8652,43.29,42
2030-08-08,Term 2 2030,5,3,0,50,0.8678,43.29,44
2030-08-09,Term 2 2030,5,4,0,50,0.865,43.14,42
2030-08-12,Term 2 2030,6,0,0,50,0.8627,43.0,42
2030-08-13,Term 2 2030,6,1,0,50,0.8609,43.0,46
2030-08-14,Term 2 2030,6,2,0,50,0.8676,43.29,46
2030-08-15,Term 2 2030,6,3,0,50,0.8751,43.71,46
2030-08-16,Term 2 2030,6,4,0,50,0.8801,44.0,41
2030-08-19,Term 2 2030,7,0,0,50,0.8746,43.86,43
2030-08-20,Term 2 2030,7,1,0,50,0.8716,43.71,44
2030-08-21,Term 2 2030,7,2,0,50,0.877,44.0,43
2030-08-22,Term 2 2030,7,3,0,50,0.8823,44.14,45
2030-08-23,Term 2 2030,7,4,0,50,0.8789,44.0,43
2030-08-26,Term 2 2030,8,0,0,50,0.8706,43.57,43
2030-08-27,Term 2 2030,8,1,0,50,0.8637,43.14,45
2030-08-28,Term 2 2030,8,2,0,50,0.8767,43.71,42
2030-08-29,Term 2 2030,8,3,0,50,0.8742,43.57,42
2030-08-30,Term 2 2030,8,4,0,50,0.8685,43.29,41
2030-09-02,Term 2 2030,9,0,0,50,0.8616,43.0,40
2030-09-03,Term 2 2030,9,1,0,50,0.8471,42.29,42
2030-09-04,Term 2 2030,9,2,0,50,0.8448,42.14,45
2030-09-05,Term 2 2030,9,3,0,50,0.8501,42.43,44
2030-09-06,Term 2 2030,9,4,0,50,0.847,42.29,43
2030-09-09,Term 2 2030,10,0,0,50,0.8483,42.43,42
2030-09-10,Term 2 2030,10,1,0,50,0.8461,42.43,44
2030-09-11,Term 2 2030,10,2,0,50,0.8536,42.86,45
2030-09-12,Term 2 2030,10,3,0,50,0.8683,43.57,42
2030-09-13,Term 2 2030,10,4,0,50,0.8686,43.57,42
2030-09-16,Term 2 2030,11,0,0,50,0.86,43.14,42
2030-09-17,Term 2 2030,11,1,0,50,0.8541,42.86,43
2030-09-18,Term 2 2030,11,2,0,50,0.8558,42.86,43
2030-09-19,Term 2 2030,11,3,0,50,0.8607,43.0,44
2030-09-20,Term 2 2030,11,4,0,50,0.8618,43.0,41
2030-09-23,Term 2 2030,12,0,1,50,0.8504,42.43,37
2030-09-24,Term 2 2030,12,1,1,50,0.8344,41.71,38
2030-09-25,Term 2 2030,12,2,1,50,0.823,41.14,38
2030-09-26,Term 2 2030,12,3,1,50,0.8104,40.57,39
2030-09-27,Term 2 2030,12,4,1,50,0.7974,40.0,37
2030-09-30,Term 2 2030,13,0,1,50,0.7805,39.14,36
2030-10-01,Term 2 2030,13,1,1,50,0.7582,38.0,36
2030-10-02,Term 2 2030,13,2,1,50,0.7452,37.29,39
2030-10-03,Term 2 2030,13,3,1,50,0.7511,37.57,39
2030-10-04,Term 2 2030,13,4,1,50,0.7533,37.71,37
2030-10-21,Term 3 2030,1,0,0,50,0.7528,37.57,36
2030-10-22,Term 3 2030,1,1,0,50,0.7447,37.14,38
2030-10-23,Term 3 2030,1,2,0,50,0.7476,37.29,40
2030-10-24,Term 3 2030,1,3,0,50,0.7577,37.86,40
2030-10-25,Term 3 2030,1,4,0,50,0.7678,38.43,38
2030-10-28,Term 3 2030,2,0,0,50,0.7668,38.29,41
2030-10-29,Term 3 2030,2,1,0,50,0.772,38.57,45
2030-10-30,Term 3 2030,2,2,0,50,0.7936,39.71,45
2030-10-31,Term 3 2030,2,3,0,50,0.82,41.0,42
2030-11-01,Term 3 2030,2,4,0,50,0.8318,41.57,43
2030-11-04,Term 3 2030,3,0,0,50,0.8406,42.0,42
2030-11-05,Term 3 2030,3,1,0,50,0.8478,42.29,43
2030-11-06,Term 3 2030,3,2,0,50,0.8598,43.0,46
2030-11-07,Term 3 2030,3,3,0,50,0.8743,43.71,44
2030-11-08,Term 3 2030,3,4,0,50,0.8718,43.57,43
2030-11-11,Term 3 2030,4,0,0,50,0.8666,43.29,42
2030-11-12,Term 3 2030,4,1,0,50,0.8663,43.29,43
2030-11-13,Term 3 2030,4,2,0,50,0.8658,43.29,43
2030-11-14,Term 3 2030,4,3,0,50,0.8664,43.43,45
2030-11-15,Term 3 2030,4,4,0,50,0.8735,43.71,41
2030-11-18,Term 3 2030,5,0,0,50,0.86,43.0,43
2030-11-19,Term 3 2030,5,1,0,50,0.857,42.86,45
2030-11-20,Term 3 2030,5,2,0,50,0.8626,43.14,42
2030-11-21,Term 3 2030,5,3,0,50,0.8618,43.14,45
2030-11-22,Term 3 2030,5,4,0,50,0.8691,43.43,41
2030-11-25,Term 3 2030,6,0,0,50,0.865,43.14,40
2030-11-26,Term 3 2030,6,1,0,50,0.8497,42.43,45
2030-11-27,Term 3 2030,6,2,0,50,0.8605,43.0,44
2030-11-28,Term 3 2030,6,3,0,50,0.8641,43.14,42
2030-11-29,Term 3 2030,6,4,0,50,0.8562,42.71,42
2030-12-02,Term 3 2030,7,0,0,50,0.8553,42.71,41
2030-12-03,Term 3 2030,7,1,0,50,0.8431,42.14,44
2030-12-04,Term 3 2030,7,2,0,50,0.8514,42.57,44
2030-12-05,Term 3 2030,7,3,0,50,0.8643,43.14,43
2030-12-06,Term 3 2030,7,4,0,50,0.8603,42.86,41
2030-12-09,Term 3 2030,8,0,0,50,0.8509,42.43,40
2030-12-10,Term 3 2030,8,1,0,50,0.8441,42.14,44
2030-12-11,Term 3 2030,8,2,0,50,0.8512,42.43,45
2030-12-12,Term 3 2030,8,3,0,50,0.8624,43.0,43
2030-12-13,Term 3 2030,8,4,0,50,0.8593,42.86,42
2030-12-16,Term 3 2030,9,0,0,50,0.853,42.57,40
2030-12-17,Term 3 2030,9,1,0,50,0.8421,42.14,45
2030-12-18,Term 3 2030,9,2,0,50,0.8548,42.71,43
2030-12-19,Term 3 2030,9,3,0,50,0.8635,43.14,44
2030-12-20,Term 3 2030,9,4,0,50,0.8624,43.14,42
2030-12-23,Term 3 2030,10,0,0,50,0.8528,42.71,40
2030-12-24,Term 3 2030,10,1,0,50,0.8447,42.29,46
2030-12-25,Term 3 2030,10,2,0,50,0.8553,42.86,45
2030-12-26,Term 3 2030,10,3,0,50,0.8717,43.57,44
2030-12-27,Term 3 2030,10,4,0,50,0.8682,43.43,44
2030-12-30,Term 3 2030,11,0,0,50,0.8701,43.57,42
2030-12-31,Term 3 2030,11,1,0,50,0.866,43.29,44
2031-01-01,Term 3 2030,11,2,0,50,0.8722,43.57,43
2031-01-02,Term 3 2030,11,3,0,50,0.8813,44.0,44
2031-01-03,Term 3 2030,11,4,0,50,0.8754,43.71,43
2031-01-06,Term 3 2030,12,0,1,50,0.8681,43.43,35
2031-01-07,Term 3 2030,12,1,1,50,0.8406,42.14,36
2031-01-08,Term 3 2030,12,2,1,50,0.8196,41.0,37
2031-01-09,Term 3 2030,12,3,1,50,0.8054,40.29,38
2031-01-10,Term 3 2030,12,4,1,50,0.7892,39.43,38
2031-01-13,Term 3 2030,13,0,1,50,0.773,38.71,34
2031-01-14,Term 3 2030,13,1,1,50,0.746,37.29,39
2031-01-15,Term 3 2030,13,2,1,50,0.7355,36.71,40
2031-01-16,Term 3 2030,13,3,1,50,0.7508,37.43,40
2031-01-17,Term 3 2030,13,4,1,50,0.7608,38.0,34
2031-02-03,Term 1 2031,1,0,0,50,0.7516,37.57,37
2031-02-04,Term 1 2031,1,1,0,50,0.7498,37.43,39
2031-02-05,Term 1 2031,1,2,0,50,0.7541,37.57,41
2031-02-06,Term 1 2031,1,3,0,50,0.7746,38.57,39
2031-02-07,Term 1 2031,1,4,0,50,0.7748,38.57,38
2031-02-10,Term 1 2031,2,0,0,50,0.7699,38.29,40
2031-02-11,Term 1 2031,2,1,0,50,0.7691,38.29,43
2031-02-12,Term 1 2031,2,2,0,50,0.7935,39.57,44
2031-02-13,Term 1 2031,2,3,0,50,0.8132,40.57,43
2031-02-14,Term 1 2031,2,4,0,50,0.8249,41.14,42
2031-02-17,Term 1 2031,3,0,0,50,0.828,41.29,41
2031-02-18,Term 1 2031,3,1,0,50,0.8339,41.57,44
2031-02-19,Term 1 2031,3,2,0,50,0.8515,42.43,44
2031-02-20,Term 1 2031,3,3,0,50,0.8642,43.0,45
2031-02-21,Term 1 2031,3,4,0,50,0.8707,43.29,41
2031-02-24,Term 1 2031,4,0,0,50,0.8608,42.86,43
2031-02-25,Term 1 2031,4,1,0,50,0.8604,42.86,45
2031-02-26,Term 1 2031,4,2,0,50,0.8677,43.29,43
2031-02-27,Term 1 2031,4,3,0,50,0.8724,43.57,42
2031-02-28,Term 1 2031,4,4,0,50,0.8657,43.29,42
2031-03-03,Term 1 2031,5,0,0,50,0.859,43.0,40
2031-03-04,Term 1 2031,5,1,0,50,0.8457,42.29,43
2031-03-05,Term 1 2031,5,2,0,50,0.8531,42.57,45
2031-03-06,Term 1 2031,5,3,0,50,0.8596,42.86,46
2031-03-07,Term 1 2031,5,4,0,50,0.8609,43.0,44
2031-03-10,Term 1 2031,6,0,0,50,0.8633,43.14,40
2031-03-11,Term 1 2031,6,1,0,50,0.8561,42.86,45
2031-03-12,Term 1 2031,6,2,0,50,0.8646,43.29,45
2031-03-13,Term 1 2031,6,3,0,50,0.8788,44.0,45
2031-03-14,Term 1 2031,6,4,0,50,0.8832,44.29,40
2031-03-17,Term 1 2031,7,0,0,50,0.8691,43.57,42
2031-03-18,Term 1 2031,7,1,0,50,0.8579,43.0,43
2031-03-19,Term 1 2031,7,2,0,50,0.8555,42.86,44
2031-03-20,Term 1 2031,7,3,0,50,0.8683,43.43,42
2031-03-21,Term 1 2031,7,4,0,50,0.8614,43.0,44
2031-03-24,Term 1 2031,8,0,0,50,0.8574,42.86,42
2031-03-25,Term 1 2031,8,1,0,50,0.8501,42.43,42
2031-03-26,Term 1 2031,8,2,0,50,0.8557,42.71,46
2031-03-27,Term 1 2031,8,3,0,50,0.8673,43.29,46
2031-03-28,Term 1 2031,8,4,0,50,0.8748,43.71,42
2031-03-31,Term 1 2031,9,0,0,50,0.8694,43.43,42
2031-04-01,Term 1 2031,9,1,0,50,0.8696,43.43,43
2031-04-02,Term 1 2031,9,2,0,50,0.8682,43.29,46
2031-04-03,Term 1 2031,9,3,0,50,0.8783,43.86,42
2031-04-04,Term 1 2031,9,4,0,50,0.8783,43.86,40
2031-04-07,Term 1 2031,10,0,0,50,0.8631,43.0,40
2031-04-08,Term 1 2031,10,1,0,50,0.8472,42.14,45
2031-04-09,Term 1 2031,10,2,0,50,0.8564,42.57,42
2031-04-10,Term 1 2031,10,3,0,50,0.8564,42.57,44
2031-04-11,Term 1 2031,10,4,0,50,0.8586,42.71,42
2031-04-14,Term 1 2031,11,0,0,50,0.8467,42.14,43
2031-04-15,Term 1 2031,11,1,0,50,0.8496,42.29,43
2031-04-16,Term 1 2031,11,2,0,50,0.8569,42.71,43
2031-04-17,Term 1 2031,11,3,0,50,0.8655,43.14,43
2031-04-18,Term 1 2031,11,4,0,50,0.8598,42.86,43
2031-04-21,Term 1 2031,12,0,1,50,0.8623,43.0,36
2031-04-22,Term 1 2031,12,1,1,50,0.8396,41.86,39
2031-04-23,Term 1 2031,12,2,1,50,0.8316,41.43,37
2031-04-24,Term 1 2031,12,3,1,50,0.8142,40.57,37
2031-04-25,Term 1 2031,12,4,1,50,0.7975,39.71,34
2031-04-28,Term 1 2031,13,0,1,50,0.7725,38.43,34
2031-04-29,Term 1 2031,13,1,1,50,0.7469,37.14,39
2031-04-30,Term 1 2031,13,2,1,50,0.7352,36.57,38
2031-05-01,Term 1 2031,13,3,1,50,0.7411,36.86,37
2031-05-02,Term 1 2031,13,4,1,50,0.7344,36.57,35
2031-05-19,Term 2 2031,1,0,0,50,0.727,36.29,37
2031-05-20,Term 2 2031,1,1,0,50,0.7277,36.29,40
2031-05-21,Term 2 2031,1,2,0,50,0.743,37.14,40
2031-05-22,Term 2 2031,1,3,0,50,0.7596,38.0,42
2031-05-23,Term 2 2031,1,4,0,50,0.7675,38.43,37
2031-05-26,Term 2 2031,2,0,0,50,0.7631,38.29,41
2031-05-27,Term 2 2031,2,1,0,50,0.7749,38.86,43
2031-05-28,Term 2 2031,2,2,0,50,0.7989,40.0,42
2031-05-29,Term 2 2031,2,3,0,50,0.8135,40.71,43
2031-05-30,Term 2 2031,2,4,0,50,0.8221,41.14,43
2031-06-02,Term 2 2031,3,0,0,50,0.8295,41.57,43
2031-06-03,Term 2 2031,3,1,0,50,0.8322,41.71,45
2031-06-04,Term 2 2031,3,2,0,50,0.855,42.86,42
2031-06-05,Term 2 2031,3,3,0,50,0.8591,43.0,45
2031-06-06,Term 2 2031,3,4,0,50,0.8656,43.29,41
2031-06-09,Term 2 2031,4,0,0,50,0.8622,43.14,40
2031-06-10,Term 2 2031,4,1,0,50,0.8543,42.71,43
2031-06-11,Term 2 2031,4,2,0,50,0.8551,42.71,43
2031-06-12,Term 2 2031,4,3,0,50,0.8568,42.71,44
2031-06-13,Term 2 2031,4,4,0,50,0.8547,42.57,43
2031-06-16,Term 2 2031,5,0,0,50,0.8563,42.71,41
2031-06-17,Term 2 2031,5,1,0,50,0.8426,42.14,46
2031-06-18,Term 2 2031,5,2,0,50,0.8559,42.86,42
2031-06-19,Term 2 2031,5,3,0,50,0.8623,43.14,44
2031-06-20,Term 2 2031,5,4,0,50,0.8641,43.29,42
2031-06-23,Term 2 2031,6,0,0,50,0.8595,43.14,42
2031-06-24,Term 2 2031,6,1,0,50,0.855,42.86,43
2031-06-25,Term 2 2031,6,2,0,50,0.8559,42.86,44
2031-06-26,Term 2 2031,6,3,0,50,0.8653,43.29,45
2031-06-27,Term 2 2031,6,4,0,50,0.8632,43.14,41
2031-06-30,Term 2 2031,7,0,0,50,0.8587,43.0,40
2031-07-01,Term 2 2031,7,1,0,50,0.8471,42.43,45
2031-07-02,Term 2 2031,7,2,0,50,0.8571,42.86,46
2031-07-03,Term 2 2031,7,3,0,50,0.8669,43.43,43
2031-07-04,Term 2 2031,7,4,0,50,0.8656,43.43,43
2031-07-07,Term 2 2031,8,0,0,50,0.864,43.29,41
2031-07-08,Term 2 2031,8,1,0,50,0.8519,42.71,45
2031-07-09,Term 2 2031,8,2,0,50,0.8632,43.29,45
2031-07-10,Term 2 2031,8,3,0,50,0.8776,44.0,44
2031-07-11,Term 2 2031,8,4,0,50,0.8748,43.86,41
2031-07-14,Term 2 2031,9,0,0,50,0.8608,43.14,43
2031-07-15,Term 2 2031,9,1,0,50,0.8614,43.14,42
2031-07-16,Term 2 2031,9,2,0,50,0.858,43.0,42
2031-07-17,Term 2 2031,9,3,0,50,0.8616,43.14,46
2031-07-18,Term 2 2031,9,4,0,50,0.8647,43.29,42
2031-07-21,Term 2 2031,10,0,0,50,0.8567,42.86,40
2031-07-22,Term 2 2031,10,1,0,50,0.8444,42.29,46
2031-07-23,Term 2 2031,10,2,0,50,0.8575,43.0,45
2031-07-24,Term 2 2031,10,3,0,50,0.8648,43.29,43
2031-07-25,Term 2 2031,10,4,0,50,0.8683,43.43,40
2031-07-28,Term 2 2031,11,0,0,50,0.8624,43.14,41
2031-07-29,Term 2 2031,11,1,0,50,0.8502,42.43,43
2031-07-30,Term 2 2031,11,2,0,50,0.8527,42.57,44
2031-07-31,Term 2 2031,11,3,0,50,0.865,43.14,45
2031-08-01,Term 2 2031,11,4,0,50,0.864,43.0,42
2031-08-04,Term 2 2031,12,0,1,50,0.8533,42.57,34
2031-08-05,Term 2 2031,12,1,1,50,0.8256,41.29,39
2031-08-06,Term 2 2031,12,2,1,50,0.8215,41.14,37
2031-08-07,Term 2 2031,12,3,1,50,0.8082,40.57,37
2031-08-08,Term 2 2031,12,4,1,50,0.7916,39.71,35
2031-08-11,Term 2 2031,13,0,1,50,0.7643,38.43,35
2031-08-12,Term 2 2031,13,1,1,50,0.7339,37.0,40
2031-08-13,Term 2 2031,13,2,1,50,0.728,36.71,36
2031-08-14,Term 2 2031,13,3,1,50,0.7352,37.0,38
2031-08-15,Term 2 2031,13,4,1,50,0.7345,36.86,35
2031-09-01,Term 3 2031,1,0,0,50,0.7296,36.57,37
2031-09-02,Term 3 2031,1,1,0,50,0.7291,36.57,40
2031-09-03,Term 3 2031,1,2,0,50,0.7431,37.29,40
2031-09-04,Term 3 2031,1,3,0,50,0.7591,38.0,38
2031-09-05,Term 3 2031,1,4,0,50,0.7554,37.71,37
2031-09-08,Term 3 2031,2,0,0,50,0.7582,37.86,40
2031-09-09,Term 3 2031,2,1,0,50,0.7627,38.14,43
2031-09-10,Term 3 2031,2,2,0,50,0.785,39.29,46
2031-09-11,Term 3 2031,2,3,0,50,0.8103,40.57,44
2031-09-12,Term 3 2031,2,4,0,50,0.823,41.14,43
2031-09-15,Term 3 2031,3,0,0,50,0.8297,41.57,43
2031-09-16,Term 3 2031,3,1,0,50,0.8424,42.29,45
2031-09-17,Term 3 2031,3,2,0,50,0.8655,43.43,46
2031-09-18,Term 3 2031,3,3,0,50,0.8823,44.29,45
2031-09-19,Term 3 2031,3,4,0,50,0.889,44.57,41
2031-09-22,Term 3 2031,4,0,0,50,0.8773,43.86,42
2031-09-23,Term 3 2031,4,1,0,50,0.8703,43.57,44
2031-09-24,Term 3 2031,4,2,0,50,0.8744,43.71,46
2031-09-25,Term 3 2031,4,3,0,50,0.8828,44.14,44
2031-09-26,Term 3 2031,4,4,0,50,0.8794,44.0,42
2031-09-29,Term 3 2031,5,0,0,50,0.8669,43.43,40
2031-09-30,Term 3 2031,5,1,0,50,0.8528,42.71,43
2031-10-01,Term 3 2031,5,2,0,50,0.8581,43.0,43
2031-10-02,Term 3 2031,5,3,0,50,0.8615,43.14,46
2031-10-03,Term 3 2031,5,4,0,50,0.8662,43.43,43
2031-10-06,Term 3 2031,6,0,0,50,0.859,43.0,40
2031-10-07,Term 3 2031,6,1,0,50,0.8467,42.43,46
2031-10-08,Term 3 2031,6,2,0,50,0.8593,43.0,44
2031-10-09,Term 3 2031,6,3,0,50,0.8705,43.57,45
2031-10-10,Term 3 2031,6,4,0,50,0.8756,43.86,44
2031-10-13,Term 3 2031,7,0,0,50,0.8788,44.0,43
2031-10-14,Term 3 2031,7,1,0,50,0.8726,43.57,42
2031-10-15,Term 3 2031,7,2,0,50,0.8705,43.43,45
2031-10-16,Term 3 2031,7,3,0,50,0.8845,44.14,43
2031-10-17,Term 3 2031,7,4,0,50,0.8762,43.71,43
2031-10-20,Term 3 2031,8,0,0,50,0.8738,43.57,43
2031-10-21,Term 3 2031,8,1,0,50,0.8683,43.29,42
2031-10-22,Term 3 2031,8,2,0,50,0.8633,43.0,46
2031-10-23,Term 3 2031,8,3,0,50,0.8707,43.43,43
2031-10-24,Term 3 2031,8,4,0,50,0.872,43.57,43
2031-10-27,Term 3 2031,9,0,0,50,0.8685,43.29,43
2031-10-28,Term 3 2031,9,1,0,50,0.8674,43.29,43
2031-10-29,Term 3 2031,9,2,0,50,0.8679,43.29,45
2031-10-30,Term 3 2031,9,3,0,50,0.8741,43.57,45
2031-10-31,Term 3 2031,9,4,0,50,0.8831,44.0,41
2031-11-03,Term 3 2031,10,0,0,50,0.868,43.29,42
2031-11-04,Term 3 2031,10,1,0,50,0.8652,43.14,45
2031-11-05,Term 3 2031,10,2,0,50,0.8704,43.43,45
2031-11-06,Term 3 2031,10,3,0,50,0.8764,43.71,46
2031-11-07,Term 3 2031,10,4,0,50,0.8828,44.14,40
2031-11-10,Term 3 2031,11,0,0,50,0.8678,43.43,42
2031-11-11,Term 3 2031,11,1,0,50,0.859,43.0,46
2031-11-12,Term 3 2031,11,2,0,50,0.8736,43.71,44
2031-11-13,Term 3 2031,11,3,0,50,0.8804,44.0,44
2031-11-14,Term 3 2031,11,4,0,50,0.8776,43.86,41
2031-11-17,Term 3 2031,12,0,1,50,0.8661,43.29,37
2031-11-18,Term 3 2031,12,1,1,50,0.8426,42.0,40
2031-11-19,Term 3 2031,12,2,1,50,0.8409,42.0,38
2031-11-20,Term 3 2031,12,3,1,50,0.8286,41.43,37
2031-11-21,Term 3 2031,12,4,1,50,0.8041,40.14,36
2031-11-24,Term 3 2031,13,0,1,50,0.7804,39.0,34
2031-11-25,Term 3 2031,13,1,1,50,0.7507,37.57,37
2031-11-26,Term 3 2031,13,2,1,50,0.7398,37.0,37
2031-11-27,Term 3 2031,13,3,1,50,0.7382,37.0,38
2031-11-28,Term 3 2031,13,4,1,50,0.7341,36.71,34
2031-12-15,Term 1 2031,1,0,0,50,0.7228,36.14,39
2031-12-16,Term 1 2031,1,1,0,50,0.7283,36.43,39
2031-12-17,Term 1 2031,1,2,0,50,0.7364,36.86,39
2031-12-18,Term 1 2031,1,3,0,50,0.7497,37.57,41
2031-12-19,Term 1 2031,1,4,0,50,0.761,38.14,40
2031-12-22,Term 1 2031,2,0,0,50,0.769,38.57,43
2031-12-23,Term 1 2031,2,1,0,50,0.7826,39.29,43
2031-12-24,Term 1 2031,2,2,0,50,0.8092,40.57,42
2031-12-25,Term 1 2031,2,3,0,50,0.8175,41.0,44
2031-12-26,Term 1 2031,2,4,0,50,0.8333,41.71,44
2031-12-29,Term 1 2031,3,0,0,50,0.8481,42.43,43
2031-12-30,Term 1 2031,3,1,0,50,0.853,42.71,45
2031-12-31,Term 1 2031,3,2,0,50,0.8693,43.43,45
2032-01-01,Term 1 2031,3,3,0,50,0.8766,43.71,46
2032-01-02,Term 1 2031,3,4,0,50,0.8839,44.14,41
2032-01-05,Term 1 2031,4,0,0,50,0.8822,44.0,43
2032-01-06,Term 1 2031,4,1,0,50,0.8791,43.86,44
2032-01-07,Term 1 2031,4,2,0,50,0.8789,43.86,42
2032-01-08,Term 1 2031,4,3,0,50,0.8783,43.71,43
2032-01-09,Term 1 2031,4,4,0,50,0.8721,43.43,41
2032-01-12,Term 1 2031,5,0,0,50,0.8581,42.86,40
2032-01-13,Term 1 2031,5,1,0,50,0.8418,42.0,46
2032-01-14,Term 1 2031,5,2,0,50,0.8541,42.71,45
2032-01-15,Term 1 2031,5,3,0,50,0.8595,43.0,46
2032-01-16,Term 1 2031,5,4,0,50,0.866,43.29,43
2032-01-19,Term 1 2031,6,0,0,50,0.8665,43.43,40
2032-01-20,Term 1 2031,6,1,0,50,0.8579,43.0,46
2032-01-21,Term 1 2031,6,2,0,50,0.8731,43.71,45
2032-01-22,Term 1 2031,6,3,0,50,0.8864,44.43,46
2032-01-23,Term 1 2031,6,4,0,50,0.8862,44.43,43
2032-01-26,Term 1 2031,7,0,0,50,0.8804,44.14,40
2032-01-27,Term 1 2031,7,1,0,50,0.8649,43.29,44
2032-01-28,Term 1 2031,7,2,0,50,0.8699,43.43,43
2032-01-29,Term 1 2031,7,3,0,50,0.877,43.86,43
2032-01-30,Term 1 2031,7,4,0,50,0.8695,43.43,43
2032-02-02,Term 1 2031,8,0,0,50,0.8637,43.14,40
2032-02-03,Term 1 2031,8,1,0,50,0.8474,42.29,45
2032-02-04,Term 1 2031,8,2,0,50,0.8524,42.57,46
2032-02-05,Term 1 2031,8,3,0,50,0.8679,43.43,46
2032-02-06,Term 1 2031,8,4,0,50,0.872,43.71,42
2032-02-09,Term 1 2031,9,0,0,50,0.8687,43.57,43
2032-02-10,Term 1 2031,9,1,0,50,0.8695,43.57,46
2032-02-11,Term 1 2031,9,2,0,50,0.8783,44.0,42
2032-02-12,Term 1 2031,9,3,0,50,0.8844,44.29,44
2032-02-13,Term 1 2031,9,4,0,50,0.8829,44.14,44
2032-02-16,Term 1 2031,10,0,0,50,0.8769,43.86,43
2032-02-17,Term 1 2031,10,1,0,50,0.87,43.43,43
2032-02-18,Term 1 2031,10,2,0,50,0.8738,43.57,44
2032-02-19,Term 1 2031,10,3,0,50,0.876,43.71,46
2032-02-20,Term 1 2031,10,4,0,50,0.8757,43.71,41
2032-02-23,Term 1 2031,11,0,0,50,0.8712,43.57,42
2032-02-24,Term 1 2031,11,1,0,50,0.8657,43.29,43
2032-02-25,Term 1 2031,11,2,0,50,0.8636,43.14,46
2032-02-26,Term 1 2031,11,3,0,50,0.8709,43.57,43
2032-02-27,Term 1 2031,11,4,0,50,0.8703,43.57,44
2032-03-01,Term 1 2031,12,0,1,50,0.8682,43.57,34
2032-03-02,Term 1 2031,12,1,1,50,0.8343,41.86,39
2032-03-03,Term 1 2031,12,2,1,50,0.8293,41.57,39
2032-03-04,Term 1 2031,12,3,1,50,0.8181,41.14,40
2032-03-05,Term 1 2031,12,4,1,50,0.8084,40.71,36
2032-03-08,Term 1 2031,13,0,1,50,0.7794,39.29,35
2032-03-09,Term 1 2031,13,1,1,50,0.7562,38.14,37
2032-03-10,Term 1 2031,13,2,1,50,0.7375,37.14,36
2032-03-11,Term 1 2031,13,3,1,50,0.7444,37.43,37
2032-03-12,Term 1 2031,13,4,1,50,0.7393,37.14,34
2032-03-29,Term 2 2032,1,0,0,50,0.7275,36.43,36
2032-03-30,Term 2 2032,1,1,0,50,0.7159,35.86,40
2032-03-31,Term 2 2032,1,2,0,50,0.7267,36.43,41
2032-04-01,Term 2 2032,1,3,0,50,0.7449,37.29,42
2032-04-02,Term 2 2032,1,4,0,50,0.7588,38.0,40
2032-04-05,Term 2 2032,2,0,0,50,0.7681,38.57,41
2032-04-06,Term 2 2032,2,1,0,50,0.7808,39.14,44
2032-04-07,Term 2 2032,2,2,0,50,0.8068,40.57,44
2032-04-08,Term 2 2032,2,3,0,50,0.8316,41.71,42
2032-04-09,Term 2 2032,2,4,0,50,0.8398,42.0,42
2032-04-12,Term 2 2032,3,0,0,50,0.8426,42.14,43
2032-04-13,Term 2 2032,3,1,0,50,0.8457,42.29,45
2032-04-14,Term 2 2032,3,2,0,50,0.8602,43.0,45
2032-04-15,Term 2 2032,3,3,0,50,0.8695,43.57,43
2032-04-16,Term 2 2032,3,4,0,50,0.8671,43.43,40
2032-04-19,Term 2 2032,4,0,0,50,0.8559,42.86,43
2032-04-20,Term 2 2032,4,1,0,50,0.8573,43.0,43
2032-04-21,Term 2 2032,4,2,0,50,0.8609,43.14,43
2032-04-22,Term 2 2032,4,3,0,50,0.8618,43.14,46
2032-04-23,Term 2 2032,4,4,0,50,0.8653,43.29,40
2032-04-26,Term 2 2032,5,0,0,50,0.8525,42.57,40
2032-04-27,Term 2 2032,5,1,0,50,0.8455,42.14,44
2032-04-28,Term 2 2032,5,2,0,50,0.8546,42.71,45
2032-04-29,Term 2 2032,5,3,0,50,0.8605,43.0,44
2032-04-30,Term 2 2032,5,4,0,50,0.8634,43.14,44
2032-05-03,Term 2 2032,6,0,0,50,0.8643,43.29,40
2032-05-04,Term 2 2032,6,1,0,50,0.8473,42.43,44
2032-05-05,Term 2 2032,6,2,0,50,0.859,43.0,44
2032-05-06,Term 2 2032,6,3,0,50,0.8712,43.57,44
2032-05-07,Term 2 2032,6,4,0,50,0.8724,43.57,40
2032-05-10,Term 2 2032,7,0,0,50,0.8587,42.86,43
2032-05-11,Term 2 2032,7,1,0,50,0.856,42.71,43
2032-05-12,Term 2 2032,7,2,0,50,0.8534,42.57,46
2032-05-13,Term 2 2032,7,3,0,50,0.8696,43.43,43
2032-05-14,Term 2 2032,7,4,0,50,0.8647,43.29,40
2032-05-17,Term 2 2032,8,0,0,50,0.8531,42.71,40
2032-05-18,Term 2 2032,8,1,0,50,0.8428,42.14,43
2032-05-19,Term 2 2032,8,2,0,50,0.8503,42.57,45
2032-05-20,Term 2 2032,8,3,0,50,0.8546,42.86,45
2032-05-21,Term 2 2032,8,4,0,50,0.861,43.14,43
2032-05-24,Term 2 2032,9,0,0,50,0.8535,42.71,41
2032-05-25,Term 2 2032,9,1,0,50,0.8476,42.43,43
2032-05-26,Term 2 2032,9,2,0,50,0.8553,42.86,43
2032-05-27,Term 2 2032,9,3,0,50,0.8628,43.29,42
2032-05-28,Term 2 2032,9,4,0,50,0.8612,43.14,42
2032-05-31,Term 2 2032,10,0,0,50,0.8541,42.71,43
2032-06-01,Term 2 2032,10,1,0,50,0.8483,42.43,43
2032-06-02,Term 2 2032,10,2,0,50,0.8474,42.43,43
2032-06-03,Term 2 2032,10,3,0,50,0.8557,42.71,44
2032-06-04,Term 2 2032,10,4,0,50,0.8573,42.86,41
2032-06-07,Term 2 2032,11,0,0,50,0.8523,42.57,42
2032-06-08,Term 2 2032,11,1,0,50,0.8521,42.57,44
2032-06-09,Term 2 2032,11,2,0,50,0.8582,42.86,43
2032-06-10,Term 2 2032,11,3,0,50,0.858,42.86,42
2032-06-11,Term 2 2032,11,4,0,50,0.8565,42.71,41
2032-06-14,Term 2 2032,12,0,1,50,0.8487,42.43,35
2032-06-15,Term 2 2032,12,1,1,50,0.8228,41.14,36
2032-06-16,Term 2 2032,12,2,1,50,0.809,40.43,39
2032-06-17,Term 2 2032,12,3,1,50,0.801,40.0,37
2032-06-18,Term 2 2032,12,4,1,50,0.7806,39.0,36
2032-06-21,Term 2 2032,13,0,1,50,0.76,38.0,35
2032-06-22,Term 2 2032,13,1,1,50,0.741,37.0,39
2032-06-23,Term 2 2032,13,2,1,50,0.7351,36.71,36
2032-06-24,Term 2 2032,13,3,1,50,0.74,36.86,38
2032-06-25,Term 2 2032,13,4,1,50,0.7453,37.14,35
2032-07-12,Term 3 2032,1,0,0,50,0.732,36.57,39
2032-07-13,Term 3 2032,1,1,0,50,0.7372,36.86,39
2032-07-14,Term 3 2032,1,2,0,50,0.7483,37.29,40
2032-07-15,Term 3 2032,1,3,0,50,0.7607,38.0,39
2032-07-16,Term 3 2032,1,4,0,50,0.7618,38.0,38
2032-07-19,Term 3 2032,2,0,0,50,0.7661,38.29,40
2032-07-20,Term 3 2032,2,1,0,50,0.7725,38.57,43
2032-07-21,Term 3 2032,2,2,0,50,0.7963,39.71,42
2032-07-22,Term 3 2032,2,3,0,50,0.8054,40.14,45
2032-07-23,Term 3 2032,2,4,0,50,0.8212,41.0,43
2032-07-26,Term 3 2032,3,0,0,50,0.8295,41.43,40
2032-07-27,Term 3 2032,3,1,0,50,0.8317,41.57,43
2032-07-28,Term 3 2032,3,2,0,50,0.8475,42.29,44
2032-07-29,Term 3 2032,3,3,0,50,0.8582,42.86,46
2032-07-30,Term 3 2032,3,4,0,50,0.8663,43.29,42
2032-08-02,Term 3 2032,4,0,0,50,0.8666,43.29,42
2032-08-03,Term 3 2032,4,1,0,50,0.8572,42.86,45
2032-08-04,Term 3 2032,4,2,0,50,0.8649,43.14,45
2032-08-05,Term 3 2032,4,3,0,50,0.8804,43.86,44
2032-08-06,Term 3 2032,4,4,0,50,0.8813,44.0,42
2032-08-09,Term 3 2032,5,0,0,50,0.8755,43.71,43
2032-08-10,Term 3 2032,5,1,0,50,0.8671,43.29,44
2032-08-11,Term 3 2032,5,2,0,50,0.8715,43.57,46
2032-08-12,Term 3 2032,5,3,0,50,0.8824,44.14,44
2032-08-13,Term 3 2032,5,4,0,50,0.8783,44.0,40
2032-08-16,Term 3 2032,6,0,0,50,0.8641,43.29,43
2032-08-17,Term 3 2032,6,1,0,50,0.8625,43.14,45
2032-08-18,Term 3 2032,6,2,0,50,0.8702,43.57,44
2032-08-19,Term 3 2032,6,3,0,50,0.8732,43.71,46
2032-08-20,Term 3 2032,6,4,0,50,0.8781,44.0,43
2032-08-23,Term 3 2032,7,0,0,50,0.8714,43.57,42
2032-08-24,Term 3 2032,7,1,0,50,0.8666,43.29,44
2032-08-25,Term 3 2032,7,2,0,50,0.8785,43.86,42
2032-08-26,Term 3 2032,7,3,0,50,0.8767,43.71,45
2032-08-27,Term 3 2032,7,4,0,50,0.8772,43.71,41
2032-08-30,Term 3 2032,8,0,0,50,0.8677,43.29,43
2032-08-31,Term 3 2032,8,1,0,50,0.8615,42.86,46
2032-09-01,Term 3 2032,8,2,0,50,0.8692,43.29,45
2032-09-02,Term 3 2032,8,3,0,50,0.8778,43.71,43
2032-09-03,Term 3 2032,8,4,0,50,0.8722,43.57,42
2032-09-06,Term 3 2032,9,0,0,50,0.8699,43.57,43
2032-09-07,Term 3 2032,9,1,0,50,0.8654,43.29,44
2032-09-08,Term 3 2032,9,2,0,50,0.8742,43.71,46
2032-09-09,Term 3 2032,9,3,0,50,0.8815,44.14,45
2032-09-10,Term 3 2032,9,4,0,50,0.8775,44.0,43
2032-09-13,Term 3 2032,10,0,0,50,0.8721,43.71,41
2032-09-14,Term 3 2032,10,1,0,50,0.8664,43.43,46
2032-09-15,Term 3 2032,10,2,0,50,0.8777,44.0,46
2032-09-16,Term 3 2032,10,3,0,50,0.884,44.43,42
2032-09-17,Term 3 2032,10,4,0,50,0.8798,44.14,42
2032-09-20,Term 3 2032,11,0,0,50,0.8671,43.57,41
2032-09-21,Term 3 2032,11,1,0,50,0.8574,43.0,43
2032-09-22,Term 3 2032,11,2,0,50,0.8573,43.0,43
2032-09-23,Term 3 2032,11,3,0,50,0.8646,43.29,44
2032-09-24,Term 3 2032,11,4,0,50,0.8595,43.0,43
2032-09-27,Term 3 2032,12,0,1,50,0.8533,42.57,37
2032-09-28,Term 3 2032,12,1,1,50,0.8372,41.86,38
2032-09-29,Term 3 2032,12,2,1,50,0.8285,41.29,38
2032-09-30,Term 3 2032,12,3,1,50,0.8199,40.86,38
2032-10-01,Term 3 2032,12,4,1,50,0.8038,40.14,36
2032-10-04,Term 3 2032,13,0,1,50,0.7826,39.14,34
2032-10-05,Term 3 2032,13,1,1,50,0.7547,37.71,38
2032-10-06,Term 3 2032,13,2,1,50,0.74,37.0,39
2032-10-07,Term 3 2032,13,3,1,50,0.7469,37.29,40
2032-10-08,Term 3 2032,13,4,1,50,0.7505,37.57,38
2032-10-25,Term 1 2032,1,0,0,50,0.7494,37.57,38
2032-10-26,Term 1 2032,1,1,0,50,0.7496,37.57,38
2032-10-27,Term 1 2032,1,2,0,50,0.7574,37.86,39
2032-10-28,Term 1 2032,1,3,0,50,0.7718,38.57,40
2032-10-29,Term 1 2032,1,4,0,50,0.777,38.86,37
2032-11-01,Term 1 2032,2,0,0,50,0.7722,38.57,41
2032-11-02,Term 1 2032,2,1,0,50,0.7762,38.71,44
2032-11-03,Term 1 2032,2,2,0,50,0.7928,39.57,44
2032-11-04,Term 1 2032,2,3,0,50,0.8105,40.43,44
2032-11-05,Term 1 2032,2,4,0,50,0.8278,41.29,40
2032-11-08,Term 1 2032,3,0,0,50,0.8306,41.43,41
2032-11-09,Term 1 2032,3,1,0,50,0.8319,41.57,43
2032-11-10,Term 1 2032,3,2,0,50,0.8468,42.43,44
2032-11-11,Term 1 2032,3,3,0,50,0.8562,42.86,45
2032-11-12,Term 1 2032,3,4,0,50,0.8597,43.0,40
2032-11-15,Term 1 2032,4,0,0,50,0.8489,42.43,43
2032-11-16,Term 1 2032,4,1,0,50,0.845,42.29,43
2032-11-17,Term 1 2032,4,2,0,50,0.8541,42.71,43
2032-11-18,Term 1 2032,4,3,0,50,0.8608,43.0,45
2032-11-19,Term 1 2032,4,4,0,50,0.8677,43.29,44
2032-11-22,Term 1 2032,5,0,0,50,0.8655,43.29,43
2032-11-23,Term 1 2032,5,1,0,50,0.8607,43.0,42
2032-11-24,Term 1 2032,5,2,0,50,0.8662,43.29,45
2032-11-25,Term 1 2032,5,3,0,50,0.8725,43.57,43
2032-11-26,Term 1 2032,5,4,0,50,0.8722,43.57,41
2032-11-29,Term 1 2032,6,0,0,50,0.867,43.29,41
2032-11-30,Term 1 2032,6,1,0,50,0.8569,42.71,45
2032-12-01,Term 1 2032,6,2,0,50,0.8601,42.86,42
2032-12-02,Term 1 2032,6,3,0,50,0.8581,42.71,45
2032-12-03,Term 1 2032,6,4,0,50,0.8678,43.14,41
2032-12-06,Term 1 2032,7,0,0,50,0.8543,42.57,43
2032-12-07,Term 1 2032,7,1,0,50,0.8548,42.57,44
2032-12-08,Term 1 2032,7,2,0,50,0.8624,43.0,45
2032-12-09,Term 1 2032,7,3,0,50,0.8733,43.57,43
2032-12-10,Term 1 2032,7,4,0,50,0.8685,43.29,42
2032-12-13,Term 1 2032,8,0,0,50,0.8664,43.29,42
2032-12-14,Term 1 2032,8,1,0,50,0.8567,42.86,43
2032-12-15,Term 1 2032,8,2,0,50,0.863,43.14,43
2032-12-16,Term 1 2032,8,3,0,50,0.8614,43.14,45
2032-12-17,Term 1 2032,8,4,0,50,0.8658,43.29,43
2032-12-20,Term 1 2032,9,0,0,50,0.8591,43.0,43
2032-12-21,Term 1 2032,9,1,0,50,0.8575,43.0,45
2032-12-22,Term 1 2032,9,2,0,50,0.8684,43.43,45
2032-12-23,Term 1 2032,9,3,0,50,0.8776,43.86,44
2032-12-24,Term 1 2032,9,4,0,50,0.8813,44.0,41
2032-12-27,Term 1 2032,10,0,0,50,0.875,43.71,41
2032-12-28,Term 1 2032,10,1,0,50,0.862,43.14,44
2032-12-29,Term 1 2032,10,2,0,50,0.865,43.29,43
2032-12-30,Term 1 2032,10,3,0,50,0.865,43.29,45
2032-12-31,Term 1 2032,10,4,0,50,0.8649,43.29,44
2033-01-03,Term 1 2032,11,0,0,50,0.8598,43.14,40
2033-01-04,Term 1 2032,11,1,0,50,0.8471,42.57,43
2033-01-05,Term 1 2032,11,2,0,50,0.8532,42.86,45
2033-01-06,Term 1 2032,11,3,0,50,0.8663,43.43,45
2033-01-07,Term 1 2032,11,4,0,50,0.8701,43.57,41
2033-01-10,Term 1 2032,12,0,1,50,0.8657,43.29,35
2033-01-11,Term 1 2032,12,1,1,50,0.8369,41.86,40
2033-01-12,Term 1 2032,12,2,1,50,0.8259,41.29,39
2033-01-13,Term 1 2032,12,3,1,50,0.8236,41.14,37
2033-01-14,Term 1 2032,12,4,1,50,0.8074,40.29,37
2033-01-17,Term 1 2032,13,0,1,50,0.7844,39.14,36
2033-01-18,Term 1 2032,13,1,1,50,0.7564,37.86,39
2033-01-19,Term 1 2032,13,2,1,50,0.7493,37.57,36
2033-01-20,Term 1 2032,13,3,1,50,0.7527,37.71,36
2033-01-21,Term 1 2032,13,4,1,50,0.7425,37.14,35
2033-02-07,Term 2 2033,1,0,0,50,0.733,36.57,38
2033-02-08,Term 2 2033,1,1,0,50,0.7352,36.71,39
2033-02-09,Term 2 2033,1,2,0,50,0.7393,37.0,41
2033-02-10,Term 2 2033,1,3,0,50,0.7563,37.71,40
2033-02-11,Term 2 2033,1,4,0,50,0.7615,37.86,37
2033-02-14,Term 2 2033,2,0,0,50,0.7641,38.0,40
2033-02-15,Term 2 2033,2,1,0,50,0.7756,38.57,46
2033-02-16,Term 2 2033,2,2,0,50,0.8044,40.14,45
2033-02-17,Term 2 2033,2,3,0,50,0.8248,41.14,45
2033-02-18,Term 2 2033,2,4,0,50,0.842,42.0,41
2033-02-21,Term 2 2033,3,0,0,50,0.8411,42.0,41
2033-02-22,Term 2 2033,3,1,0,50,0.8431,42.14,43
2033-02-23,Term 2 2033,3,2,0,50,0.8581,43.0,44
2033-02-24,Term 2 2033,3,3,0,50,0.8699,43.57,46
2033-02-25,Term 2 2033,3,4,0,50,0.8707,43.57,43
2033-02-28,Term 2 2033,4,0,0,50,0.8662,43.29,42
2033-03-01,Term 2 2033,4,1,0,50,0.8586,42.86,45
2033-03-02,Term 2 2033,4,2,0,50,0.8688,43.43,43
2033-03-03,Term 2 2033,4,3,0,50,0.8746,43.71,44
2033-03-04,Term 2 2033,4,4,0,50,0.8774,43.86,40
2033-03-07,Term 2 2033,5,0,0,50,0.8654,43.29,43
2033-03-08,Term 2 2033,5,1,0,50,0.8561,42.86,45
2033-03-09,Term 2 2033,5,2,0,50,0.8608,43.14,42
2033-03-10,Term 2 2033,5,3,0,50,0.8607,43.14,46
2033-03-11,Term 2 2033,5,4,0,50,0.8633,43.29,43
2033-03-14,Term 2 2033,6,0,0,50,0.8619,43.29,42
2033-03-15,Term 2 2033,6,1,0,50,0.857,43.0,42
2033-03-16,Term 2 2033,6,2,0,50,0.8626,43.29,43
2033-03-17,Term 2 2033,6,3,0,50,0.8637,43.29,45
2033-03-18,Term 2 2033,6,4,0,50,0.8641,43.29,41
2033-03-21,Term 2 2033,7,0,0,50,0.8618,43.14,43
2033-03-22,Term 2 2033,7,1,0,50,0.8553,42.71,45
2033-03-23,Term 2 2033,7,2,0,50,0.8609,43.0,44
2033-03-24,Term 2 2033,7,3,0,50,0.8661,43.29,44
2033-03-25,Term 2 2033,7,4,0,50,0.8703,43.57,41
2033-03-28,Term 2 2033,8,0,0,50,0.8656,43.29,41
2033-03-29,Term 2 2033,8,1,0,50,0.8522,42.71,44
2033-03-30,Term 2 2033,8,2,0,50,0.8597,43.14,45
2033-03-31,Term 2 2033,8,3,0,50,0.8636,43.43,45
2033-04-01,Term 2 2033,8,4,0,50,0.8656,43.43,42
2033-04-04,Term 2 2033,9,0,0,50,0.8596,43.14,40
2033-04-05,Term 2 2033,9,1,0,50,0.8494,42.57,44
2033-04-06,Term 2 2033,9,2,0,50,0.8569,43.0,45
2033-04-07,Term 2 2033,9,3,0,50,0.8688,43.57,45
2033-04-08,Term 2 2033,9,4,0,50,0.8731,43.71,41
2033-04-11,Term 2 2033,10,0,0,50,0.8639,43.14,42
2033-04-12,Term 2 2033,10,1,0,50,0.8547,42.71,44
2033-04-13,Term 2 2033,10,2,0,50,0.8629,43.0,43
2033-04-14,Term 2 2033,10,3,0,50,0.8722,43.43,42
2033-04-15,Term 2 2033,10,4,0,50,0.8676,43.14,40
2033-04-18,Term 2 2033,11,0,0,50,0.8551,42.43,43
2033-04-19,Term 2 2033,11,1,0,50,0.8496,42.14,45
2033-04-20,Term 2 2033,11,2,0,50,0.8583,42.71,45
2033-04-21,Term 2 2033,11,3,0,50,0.8679,43.14,43
2033-04-22,Term 2 2033,11,4,0,50,0.864,43.0,43
2033-04-25,Term 2 2033,12,0,1,50,0.863,43.0,37
2033-04-26,Term 2 2033,12,1,1,50,0.8476,42.29,37
2033-04-27,Term 2 2033,12,2,1,50,0.8389,41.86,37
2033-04-28,Term 2 2033,12,3,1,50,0.8193,41.0,39
2033-04-29,Term 2 2033,12,4,1,50,0.8036,40.14,38
2033-05-02,Term 2 2033,13,0,1,50,0.7812,39.14,37
2033-05-03,Term 2 2033,13,1,1,50,0.7631,38.29,39
2033-05-04,Term 2 2033,13,2,1,50,0.7527,37.71,38
2033-05-05,Term 2 2033,13,3,1,50,0.7565,37.86,39
2033-05-06,Term 2 2033,13,4,1,50,0.7607,38.14,37
2033-05-23,Term 3 2033,1,0,0,50,0.761,38.14,38
2033-05-24,Term 3 2033,1,1,0,50,0.7591,38.0,41
2033-05-25,Term 3 2033,1,2,0,50,0.7677,38.43,42
2033-05-26,Term 3 2033,1,3,0,50,0.7828,39.14,39
2033-05-27,Term 3 2033,1,4,0,50,0.7823,39.14,38
2033-05-30,Term 3 2033,2,0,0,50,0.7802,39.14,41
2033-05-31,Term 3 2033,2,1,0,50,0.7871,39.43,42
2033-06-01,Term 3 2033,2,2,0,50,0.8026,40.14,45
2033-06-02,Term 3 2033,2,3,0,50,0.821,41.14,44
2033-06-03,Term 3 2033,2,4,0,50,0.8315,41.57,41
2033-06-06,Term 3 2033,3,0,0,50,0.828,41.43,42
2033-06-07,Term 3 2033,3,1,0,50,0.8376,41.86,43
2033-06-08,Term 3 2033,3,2,0,50,0.8525,42.57,44
2033-06-09,Term 3 2033,3,3,0,50,0.8613,43.0,45
2033-06-10,Term 3 2033,3,4,0,50,0.8699,43.43,44
2033-06-13,Term 3 2033,4,0,0,50,0.8664,43.29,42
2033-06-14,Term 3 2033,4,1,0,50,0.8604,43.0,44
2033-06-15,Term 3 2033,4,2,0,50,0.8698,43.43,45
2033-06-16,Term 3 2033,4,3,0,50,0.8783,43.86,45
2033-06-17,Term 3 2033,4,4,0,50,0.8853,44.14,44
2033-06-20,Term 3 2033,5,0,0,50,0.8835,44.14,40
2033-06-21,Term 3 2033,5,1,0,50,0.8695,43.43,42
2033-06-22,Term 3 2033,5,2,0,50,0.8659,43.14,43
2033-06-23,Term 3 2033,5,3,0,50,0.8669,43.29,43
2033-06-24,Term 3 2033,5,4,0,50,0.864,43.14,43
2033-06-27,Term 3 2033,6,0,0,50,0.8579,42.86,43
2033-06-28,Term 3 2033,6,1,0,50,0.8499,42.57,43
2033-06-29,Term 3 2033,6,2,0,50,0.8476,42.43,45
2033-06-30,Term 3 2033,6,3,0,50,0.8605,43.14,43
2033-07-01,Term 3 2033,6,4,0,50,0.8632,43.29,40
2033-07-04,Term 3 2033,7,0,0,50,0.8571,42.86,41
2033-07-05,Term 3 2033,7,1,0,50,0.851,42.57,45
2033-07-06,Term 3 2033,7,2,0,50,0.856,42.86,43
2033-07-07,Term 3 2033,7,3,0,50,0.8579,42.86,45
2033-07-08,Term 3 2033,7,4,0,50,0.8648,43.14,41
2033-07-11,Term 3 2033,8,0,0,50,0.8551,42.57,41
2033-07-12,Term 3 2033,8,1,0,50,0.8471,42.29,43
2033-07-13,Term 3 2033,8,2,0,50,0.8552,42.71,45
2033-07-14,Term 3 2033,8,3,0,50,0.868,43.29,44
2033-07-15,Term 3 2033,8,4,0,50,0.8649,43.14,43
2033-07-18,Term 3 2033,9,0,0,50,0.8655,43.14,42
2033-07-19,Term 3 2033,9,1,0,50,0.8561,42.71,46
2033-07-20,Term 3 2033,9,2,0,50,0.8688,43.43,42
2033-07-21,Term 3 2033,9,3,0,50,0.8738,43.57,46
2033-07-22,Term 3 2033,9,4,0,50,0.8806,44.0,42
2033-07-25,Term 3 2033,10,0,0,50,0.8709,43.57,43
2033-07-26,Term 3 2033,10,1,0,50,0.8683,43.43,44
2033-07-27,Term 3 2033,10,2,0,50,0.8684,43.57,43
2033-07-28,Term 3 2033,10,3,0,50,0.8723,43.71,42
2033-07-29,Term 3 2033,10,4,0,50,0.8621,43.14,43
2033-08-01,Term 3 2033,11,0,0,50,0.8654,43.29,40
2033-08-02,Term 3 2033,11,1,0,50,0.8496,42.43,43
2033-08-03,Term 3 2033,11,2,0,50,0.8519,42.57,44
2033-08-04,Term 3 2033,11,3,0,50,0.8538,42.71,44
2033-08-05,Term 3 2033,11,4,0,50,0.856,42.71,44
2033-08-08,Term 3 2033,12,0,1,50,0.8572,42.86,35
2033-08-09,Term 3 2033,12,1,1,50,0.8375,41.86,37
2033-08-10,Term 3 2033,12,2,1,50,0.82,41.0,39
2033-08-11,Term 3 2033,12,3,1,50,0.8166,40.86,39
2033-08-12,Term 3 2033,12,4,1,50,0.806,40.29,36
2033-08-15,Term 3 2033,13,0,1,50,0.7841,39.14,36
2033-08-16,Term 3 2033,13,1,1,50,0.7605,38.0,37
2033-08-17,Term 3 2033,13,2,1,50,0.7407,37.0,39
2033-08-18,Term 3 2033,13,3,1,50,0.7499,37.57,36
2033-08-19,Term 3 2033,13,4,1,50,0.7463,37.43,35
2033-09-05,Term 1 2033,1,0,0,50,0.7356,36.86,39
2033-09-06,Term 1 2033,1,1,0,50,0.7339,36.86,39
2033-09-07,Term 1 2033,1,2,0,50,0.7417,37.29,41
2033-09-08,Term 1 2033,1,3,0,50,0.7561,38.0,40
2033-09-09,Term 1 2033,1,4,0,50,0.7654,38.43,39
2033-09-12,Term 1 2033,2,0,0,50,0.7669,38.43,40
2033-09-13,Term 1 2033,2,1,0,50,0.7778,39.0,44
2033-09-14,Term 1 2033,2,2,0,50,0.8046,40.29,45
2033-09-15,Term 1 2033,2,3,0,50,0.8217,41.14,44
2033-09-16,Term 1 2033,2,4,0,50,0.8358,41.86,44
2033-09-19,Term 1 2033,3,0,0,50,0.8438,42.29,41
2033-09-20,Term 1 2033,3,1,0,50,0.8469,42.43,42
2033-09-21,Term 1 2033,3,2,0,50,0.8557,42.86,43
2033-09-22,Term 1 2033,3,3,0,50,0.8642,43.29,43
2033-09-23,Term 1 2033,3,4,0,50,0.8614,43.14,40
2033-09-26,Term 1 2033,4,0,0,50,0.8486,42.43,41
2033-09-27,Term 1 2033,4,1,0,50,0.8405,42.0,45
2033-09-28,Term 1 2033,4,2,0,50,0.8447,42.14,43
2033-09-29,Term 1 2033,4,3,0,50,0.8497,42.43,45
2033-09-30,Term 1 2033,4,4,0,50,0.857,42.86,43
2033-10-03,Term 1 2033,5,0,0,50,0.8561,42.86,40
2033-10-04,Term 1 2033,5,1,0,50,0.8476,42.43,45
2033-10-05,Term 1 2033,5,2,0,50,0.861,43.14,43
2033-10-06,Term 1 2033,5,3,0,50,0.8684,43.43,43
2033-10-07,Term 1 2033,5,4,0,50,0.8604,43.14,42
2033-10-10,Term 1 2033,6,0,0,50,0.8569,43.0,42
2033-10-11,Term 1 2033,6,1,0,50,0.8487,42.57,43
2033-10-12,Term 1 2033,6,2,0,50,0.8492,42.57,45
2033-10-13,Term 1 2033,6,3,0,50,0.8629,43.29,43
2033-10-14,Term 1 2033,6,4,0,50,0.8584,43.0,41
2033-10-17,Term 1 2033,7,0,0,50,0.8521,42.71,42
2033-10-18,Term 1 2033,7,1,0,50,0.8518,42.57,44
2033-10-19,Term 1 2033,7,2,0,50,0.8599,42.86,43
2033-10-20,Term 1 2033,7,3,0,50,0.8642,43.0,46
2033-10-21,Term 1 2033,7,4,0,50,0.8724,43.43,44
2033-10-24,Term 1 2033,8,0,0,50,0.8687,43.29,41
2033-10-25,Term 1 2033,8,1,0,50,0.862,43.0,46
2033-10-26,Term 1 2033,8,2,0,50,0.8747,43.71,43
2033-10-27,Term 1 2033,8,3,0,50,0.8776,43.86,43
2033-10-28,Term 1 2033,8,4,0,50,0.873,43.71,44
2033-10-31,Term 1 2033,9,0,0,50,0.8742,43.86,43
2033-11-01,Term 1 2033,9,1,0,50,0.8675,43.43,44
2033-11-02,Term 1 2033,9,2,0,50,0.8664,43.43,43
2033-11-03,Term 1 2033,9,3,0,50,0.8723,43.71,45
2033-11-04,Term 1 2033,9,4,0,50,0.8703,43.57,41
2033-11-07,Term 1 2033,10,0,0,50,0.862,43.29,42
2033-11-08,Term 1 2033,10,1,0,50,0.861,43.14,44
2033-11-09,Term 1 2033,10,2,0,50,0.8627,43.14,43
2033-11-10,Term 1 2033,10,3,0,50,0.8612,43.14,43
2033-11-11,Term 1 2033,10,4,0,50,0.8608,43.0,43
2033-11-14,Term 1 2033,11,0,0,50,0.8599,43.0,40
2033-11-15,Term 1 2033,11,1,0,50,0.8449,42.29,46
2033-11-16,Term 1 2033,11,2,0,50,0.8591,43.0,43
2033-11-17,Term 1 2033,11,3,0,50,0.8608,43.14,44
2033-11-18,Term 1 2033,11,4,0,50,0.8602,43.14,40
2033-11-21,Term 1 2033,12,0,1,50,0.8531,42.71,37
2033-11-22,Term 1 2033,12,1,1,50,0.836,41.86,39
2033-11-23,Term 1 2033,12,2,1,50,0.8247,41.29,39
2033-11-24,Term 1 2033,12,3,1,50,0.8217,41.14,36
2033-11-25,Term 1 2033,12,4,1,50,0.7948,39.71,37
2033-11-28,Term 1 2033,13,0,1,50,0.7769,38.86,35
2033-11-29,Term 1 2033,13,1,1,50,0.7513,37.57,38
2033-11-30,Term 1 2033,13,2,1,50,0.7436,37.29,38
2033-12-01,Term 1 2033,13,3,1,50,0.7457,37.43,38
2033-12-02,Term 1 2033,13,4,1,50,0.7435,37.29,35
2033-12-19,Term 2 2033,1,0,0,50,0.7321,36.71,38
2033-12-20,Term 2 2033,1,1,0,50,0.7384,37.0,41
2033-12-21,Term 2 2033,1,2,0,50,0.7491,37.57,39
2033-12-22,Term 2 2033,1,3,0,50,0.7607,38.14,41
2033-12-23,Term 2 2033,1,4,0,50,0.7696,38.57,39
2033-12-26,Term 2 2033,2,0,0,50,0.7709,38.71,41
2033-12-27,Term 2 2033,2,1,0,50,0.7786,39.14,44
2033-12-28,Term 2 2033,2,2,0,50,0.8066,40.43,43
2033-12-29,Term 2 2033,2,3,0,50,0.8188,41.14,45
2033-12-30,Term 2 2033,2,4,0,50,0.8325,41.71,40
2034-01-02,Term 2 2033,3,0,0,50,0.836,41.86,42
2034-01-03,Term 2 2033,3,1,0,50,0.8409,42.0,42
2034-01-04,Term 2 2033,3,2,0,50,0.8518,42.43,42
2034-01-05,Term 2 2033,3,3,0,50,0.8572,42.57,42
2034-01-06,Term 2 2033,3,4,0,50,0.8515,42.29,41
2034-01-09,Term 2 2033,4,0,0,50,0.8465,42.0,40
2034-01-10,Term 2 2033,4,1,0,50,0.8321,41.29,43
2034-01-11,Term 2 2033,4,2,0,50,0.8396,41.71,44
2034-01-12,Term 2 2033,4,3,0,50,0.8445,42.0,43
2034-01-13,Term 2 2033,4,4,0,50,0.8455,42.14,43
2034-01-16,Term 2 2033,5,0,0,50,0.8465,42.29,41
2034-01-17,Term 2 2033,5,1,0,50,0.8415,42.14,42
2034-01-18,Term 2 2033,5,2,0,50,0.8454,42.29,44
2034-01-19,Term 2 2033,5,3,0,50,0.856,42.86,43
2034-01-20,Term 2 2033,5,4,0,50,0.8553,42.86,44
2034-01-23,Term 2 2033,6,0,0,50,0.8543,42.86,41
2034-01-24,Term 2 2033,6,1,0,50,0.8486,42.57,42
2034-01-25,Term 2 2033,6,2,0,50,0.8463,42.43,45
2034-01-26,Term 2 2033,6,3,0,50,0.8578,43.0,46
2034-01-27,Term 2 2033,6,4,0,50,0.8677,43.57,43
2034-01-30,Term 2 2033,7,0,0,50,0.8658,43.43,42
2034-01-31,Term 2 2033,7,1,0,50,0.864,43.29,43
2034-02-01,Term 2 2033,7,2,0,50,0.8607,43.14,42
2034-02-02,Term 2 2033,7,3,0,50,0.8651,43.29,44
2034-02-03,Term 2 2033,7,4,0,50,0.8709,43.57,43
2034-02-06,Term 2 2033,8,0,0,50,0.8658,43.29,40
2034-02-07,Term 2 2033,8,1,0,50,0.8495,42.43,43
2034-02-08,Term 2 2033,8,2,0,50,0.8486,42.43,43
2034-02-09,Term 2 2033,8,3,0,50,0.8507,42.57,46
2034-02-10,Term 2 2033,8,4,0,50,0.8603,43.0,41
2034-02-13,Term 2 2033,9,0,0,50,0.857,42.86,41
2034-02-14,Term 2 2033,9,1,0,50,0.8493,42.43,42
2034-02-15,Term 2 2033,9,2,0,50,0.8479,42.29,43
2034-02-16,Term 2 2033,9,3,0,50,0.8558,42.71,42
2034-02-17,Term 2 2033,9,4,0,50,0.8534,42.57,41
2034-02-20,Term 2 2033,10,0,0,50,0.8483,42.29,43
2034-02-21,Term 2 2033,10,1,0,50,0.839,41.86,43
2034-02-22,Term 2 2033,10,2,0,50,0.8449,42.14,45
2034-02-23,Term 2 2033,10,3,0,50,0.8552,42.71,42
2034-02-24,Term 2 2033,10,4,0,50,0.8552,42.71,43
2034-02-27,Term 2 2033,11,0,0,50,0.8561,42.71,40
2034-02-28,Term 2 2033,11,1,0,50,0.8491,42.43,45
2034-03-01,Term 2 2033,11,2,0,50,0.8612,43.0,45
2034-03-02,Term 2 2033,11,3,0,50,0.8668,43.29,43
2034-03-03,Term 2 2033,11,4,0,50,0.8651,43.29,41
2034-03-06,Term 2 2033,12,0,1,50,0.8551,42.71,35
2034-03-07,Term 2 2033,12,1,1,50,0.8347,41.71,38
2034-03-08,Term 2 2033,12,2,1,50,0.8217,41.0,40
2034-03-09,Term 2 2033,12,3,1,50,0.8212,41.0,36
2034-03-10,Term 2 2033,12,4,1,50,0.7954,39.71,37
2034-03-13,Term 2 2033,13,0,1,50,0.7743,38.57,34
2034-03-14,Term 2 2033,13,1,1,50,0.7501,37.29,38
2034-03-15,Term 2 2033,13,2,1,50,0.7392,36.86,40
2034-03-16,Term 2 2033,13,3,1,50,0.7523,37.57,37
2034-03-17,Term 2 2033,13,4,1,50,0.7483,37.43,36
2034-04-03,Term 3 2034,1,0,0,50,0.737,36.86,39
2034-04-04,Term 3 2034,1,1,0,50,0.7442,37.29,41
2034-04-05,Term 3 2034,1,2,0,50,0.7555,37.86,41
2034-04-06,Term 3 2034,1,3,0,50,0.7737,38.86,41
2034-04-07,Term 3 2034,1,4,0,50,0.7839,39.29,36
2034-04-10,Term 3 2034,2,0,0,50,0.7742,38.71,42
2034-04-11,Term 3 2034,2,1,0,50,0.7891,39.43,42
2034-04-12,Term 3 2034,2,2,0,50,0.8082,40.29,46
2034-04-13,Term 3 2034,2,3,0,50,0.8278,41.29,43
2034-04-14,Term 3 2034,2,4,0,50,0.8319,41.57,42
2034-04-17,Term 3 2034,3,0,0,50,0.835,41.71,42
2034-04-18,Term 3 2034,3,1,0,50,0.8369,41.86,45
2034-04-19,Term 3 2034,3,2,0,50,0.8619,43.14,45
2034-04-20,Term 3 2034,3,3,0,50,0.8689,43.57,43
2034-04-21,Term 3 2034,3,4,0,50,0.8703,43.71,42
2034-04-24,Term 3 2034,4,0,0,50,0.8581,43.14,41
2034-04-25,Term 3 2034,4,1,0,50,0.8532,42.86,42
2034-04-26,Term 3 2034,4,2,0,50,0.8545,42.86,45
2034-04-27,Term 3 2034,4,3,0,50,0.8627,43.29,45
2034-04-28,Term 3 2034,4,4,0,50,0.8632,43.29,44
2034-05-01,Term 3 2034,5,0,0,50,0.8608,43.14,40
2034-05-02,Term 3 2034,5,1,0,50,0.8531,42.71,46
2034-05-03,Term 3 2034,5,2,0,50,0.865,43.29,42
2034-05-04,Term 3 2034,5,3,0,50,0.8693,43.43,44
2034-05-05,Term 3 2034,5,4,0,50,0.8737,43.71,40
2034-05-08,Term 3 2034,6,0,0,50,0.8607,43.0,41
2034-05-09,Term 3 2034,6,1,0,50,0.8469,42.43,43
2034-05-10,Term 3 2034,6,2,0,50,0.8451,42.29,45
2034-05-11,Term 3 2034,6,3,0,50,0.8588,43.0,45
2034-05-12,Term 3 2034,6,4,0,50,0.856,42.86,43
2034-05-15,Term 3 2034,7,0,0,50,0.8578,43.0,42
2034-05-16,Term 3 2034,7,1,0,50,0.8525,42.71,44
2034-05-17,Term 3 2034,7,2,0,50,0.8642,43.29,46
2034-05-18,Term 3 2034,7,3,0,50,0.8795,44.0,45
2034-05-19,Term 3 2034,7,4,0,50,0.8836,44.29,41
2034-05-22,Term 3 2034,8,0,0,50,0.8737,43.71,42
2034-05-23,Term 3 2034,8,1,0,50,0.8648,43.29,45
2034-05-24,Term 3 2034,8,2,0,50,0.8697,43.57,42
2034-05-25,Term 3 2034,8,3,0,50,0.8714,43.57,45
2034-05-26,Term 3 2034,8,4,0,50,0.8725,43.71,41
2034-05-29,Term 3 2034,9,0,0,50,0.8584,43.0,41
2034-05-30,Term 3 2034,9,1,0,50,0.8476,42.43,45
2034-05-31,Term 3 2034,9,2,0,50,0.8571,43.0,44
2034-06-01,Term 3 2034,9,3,0,50,0.8627,43.29,45
2034-06-02,Term 3 2034,9,4,0,50,0.8643,43.29,42
2034-06-05,Term 3 2034,10,0,0,50,0.8639,43.29,43
2034-06-06,Term 3 2034,10,1,0,50,0.8605,43.0,42
2034-06-07,Term 3 2034,10,2,0,50,0.864,43.14,45
2034-06-08,Term 3 2034,10,3,0,50,0.8745,43.71,43
2034-06-09,Term 3 2034,10,4,0,50,0.8686,43.43,43
2034-06-12,Term 3 2034,11,0,0,50,0.8682,43.29,43
2034-06-13,Term 3 2034,11,1,0,50,0.8612,43.0,45
2034-06-14,Term 3 2034,11,2,0,50,0.8704,43.43,42
2034-06-15,Term 3 2034,11,3,0,50,0.8672,43.29,44
2034-06-16,Term 3 2034,11,4,0,50,0.8721,43.57,41
2034-06-19,Term 3 2034,12,0,1,50,0.8618,43.0,37
2034-06-20,Term 3 2034,12,1,1,50,0.8468,42.14,36
2034-06-21,Term 3 2034,12,2,1,50,0.8263,41.14,37
2034-06-22,Term 3 2034,12,3,1,50,0.8091,40.29,39
2034-06-23,Term 3 2034,12,4,1,50,0.7894,39.43,36
2034-06-26,Term 3 2034,13,0,1,50,0.7703,38.57,34
2034-06-27,Term 3 2034,13,1,1,50,0.743,37.14,38
2034-06-28,Term 3 2034,13,2,1,50,0.7341,36.71,39
2034-06-29,Term 3 2034,13,3,1,50,0.7393,37.0,38
2034-06-30,Term 3 2034,13,4,1,50,0.7439,37.29,37
2034-07-17,Term 1 2034,1,0,0,50,0.7454,37.29,37
2034-07-18,Term 1 2034,1,1,0,50,0.7417,37.0,38
2034-07-19,Term 1 2034,1,2,0,50,0.7499,37.29,40
2034-07-20,Term 1 2034,1,3,0,50,0.7657,38.14,41
2034-07-21,Term 1 2034,1,4,0,50,0.7737,38.57,36
2034-07-24,Term 1 2034,2,0,0,50,0.7657,38.14,41
2034-07-25,Term 1 2034,2,1,0,50,0.7753,38.57,44
2034-07-26,Term 1 2034,2,2,0,50,0.7947,39.57,42
2034-07-27,Term 1 2034,2,3,0,50,0.8082,40.29,42
2034-07-28,Term 1 2034,2,4,0,50,0.8193,40.86,42
2034-07-31,Term 1 2034,3,0,0,50,0.8262,41.14,42
2034-08-01,Term 1 2034,3,1,0,50,0.8301,41.29,43
2034-08-02,Term 1 2034,3,2,0,50,0.8496,42.29,44
2034-08-03,Term 1 2034,3,3,0,50,0.8578,42.71,43
2034-08-04,Term 1 2034,3,4,0,50,0.8538,42.57,43
2034-08-07,Term 1 2034,4,0,0,50,0.8558,42.71,43
2034-08-08,Term 1 2034,4,1,0,50,0.8584,42.86,43
2034-08-09,Term 1 2034,4,2,0,50,0.8614,43.0,42
2034-08-10,Term 1 2034,4,3,0,50,0.8621,43.0,43
2034-08-11,Term 1 2034,4,4,0,50,0.8612,43.0,42
2034-08-14,Term 1 2034,5,0,0,50,0.8548,42.71,42
2034-08-15,Term 1 2034,5,1,0,50,0.8517,42.57,44
2034-08-16,Term 1 2034,5,2,0,50,0.8569,42.71,44
2034-08-17,Term 1 2034,5,3,0,50,0.8586,42.86,45
2034-08-18,Term 1 2034,5,4,0,50,0.8619,43.14,43
2034-08-21,Term 1 2034,6,0,0,50,0.8638,43.29,40
2034-08-22,Term 1 2034,6,1,0,50,0.8554,42.86,45
2034-08-23,Term 1 2034,6,2,0,50,0.8646,43.29,43
2034-08-24,Term 1 2034,6,3,0,50,0.8678,43.43,43
2034-08-25,Term 1 2034,6,4,0,50,0.8647,43.29,43
2034-08-28,Term 1 2034,7,0,0,50,0.863,43.14,43
2034-08-29,Term 1 2034,7,1,0,50,0.8594,42.86,43
2034-08-30,Term 1 2034,7,2,0,50,0.8603,42.86,44
2034-08-31,Term 1 2034,7,3,0,50,0.8721,43.43,45
2034-09-01,Term 1 2034,7,4,0,50,0.8714,43.43,40
2034-09-04,Term 1 2034,8,0,0,50,0.8637,43.0,40
2034-09-05,Term 1 2034,8,1,0,50,0.8545,42.57,43
2034-09-06,Term 1 2034,8,2,0,50,0.8524,42.57,45
2034-09-07,Term 1 2034,8,3,0,50,0.8567,42.86,45
2034-09-08,Term 1 2034,8,4,0,50,0.8616,43.14,40
2034-09-11,Term 1 2034,9,0,0,50,0.8511,42.57,42
2034-09-12,Term 1 2034,9,1,0,50,0.8429,42.14,43
2034-09-13,Term 1 2034,9,2,0,50,0.8503,42.57,46
2034-09-14,Term 1 2034,9,3,0,50,0.8662,43.43,44
2034-09-15,Term 1 2034,9,4,0,50,0.869,43.57,42
2034-09-18,Term 1 2034,10,0,0,50,0.8604,43.14,43
2034-09-19,Term 1 2034,10,1,0,50,0.8539,42.86,45
2034-09-20,Term 1 2034,10,2,0,50,0.8666,43.57,42
2034-09-21,Term 1 2034,10,3,0,50,0.868,43.57,44
2034-09-22,Term 1 2034,10,4,0,50,0.8706,43.71,44
2034-09-25,Term 1 2034,11,0,0,50,0.8648,43.43,43
2034-09-26,Term 1 2034,11,1,0,50,0.8628,43.29,44
2034-09-27,Term 1 2034,11,2,0,50,0.87,43.57,45
2034-09-28,Term 1 2034,11,3,0,50,0.877,43.86,44
2034-09-29,Term 1 2034,11,4,0,50,0.874,43.71,43
2034-10-02,Term 1 2034,12,0,1,50,0.8746,43.86,37
2034-10-03,Term 1 2034,12,1,1,50,0.8565,42.86,37
2034-10-04,Term 1 2034,12,2,1,50,0.836,41.86,38
2034-10-05,Term 1 2034,12,3,1,50,0.8221,41.14,38
2034-10-06,Term 1 2034,12,4,1,50,0.8043,40.29,34
2034-10-09,Term 1 2034,13,0,1,50,0.7732,38.71,37
2034-10-10,Term 1 2034,13,1,1,50,0.7544,37.71,39
2034-10-11,Term 1 2034,13,2,1,50,0.7451,37.14,38
2034-10-12,Term 1 2034,13,3,1,50,0.7468,37.29,38
2034-10-13,Term 1 2034,13,4,1,50,0.7511,37.43,38
2034-10-30,Term 2 2034,1,0,0,50,0.7502,37.43,36
2034-10-31,Term 2 2034,1,1,0,50,0.7447,37.14,40
2034-11-01,Term 2 2034,1,2,0,50,0.7622,38.0,41
2034-11-02,Term 2 2034,1,3,0,50,0.7727,38.57,39
2034-11-03,Term 2 2034,1,4,0,50,0.7703,38.57,38
2034-11-06,Term 2 2034,2,0,0,50,0.7692,38.57,42
2034-11-07,Term 2 2034,2,1,0,50,0.7803,39.14,46
2034-11-08,Term 2 2034,2,2,0,50,0.8027,40.29,44
2034-11-09,Term 2 2034,2,3,0,50,0.825,41.43,44
2034-11-10,Term 2 2034,2,4,0,50,0.8342,42.0,44
2034-11-13,Term 2 2034,3,0,0,50,0.8428,42.43,43
2034-11-14,Term 2 2034,3,1,0,50,0.8561,43.0,45
2034-11-15,Term 2 2034,3,2,0,50,0.8775,44.0,43
2034-11-16,Term 2 2034,3,3,0,50,0.8809,44.14,46
2034-11-17,Term 2 2034,3,4,0,50,0.8818,44.14,44
2034-11-20,Term 2 2034,4,0,0,50,0.8814,44.14,41
2034-11-21,Term 2 2034,4,1,0,50,0.8751,43.71,43
2034-11-22,Term 2 2034,4,2,0,50,0.8711,43.57,44
2034-11-23,Term 2 2034,4,3,0,50,0.8725,43.71,45
2034-11-24,Term 2 2034,4,4,0,50,0.8718,43.71,43
2034-11-27,Term 2 2034,5,0,0,50,0.8715,43.71,41
2034-11-28,Term 2 2034,5,1,0,50,0.8568,43.0,45
2034-11-29,Term 2 2034,5,2,0,50,0.8594,43.14,45
2034-11-30,Term 2 2034,5,3,0,50,0.8712,43.71,45
2034-12-01,Term 2 2034,5,4,0,50,0.8778,44.0,44
2034-12-04,Term 2 2034,6,0,0,50,0.8781,44.0,42
2034-12-05,Term 2 2034,6,1,0,50,0.8702,43.57,43
2034-12-06,Term 2 2034,6,2,0,50,0.8696,43.57,44
2034-12-07,Term 2 2034,6,3,0,50,0.8805,44.0,43
2034-12-08,Term 2 2034,6,4,0,50,0.8758,43.71,41
2034-12-11,Term 2 2034,7,0,0,50,0.8642,43.14,42
2034-12-12,Term 2 2034,7,1,0,50,0.8566,42.71,46
2034-12-13,Term 2 2034,7,2,0,50,0.8628,43.0,45
2034-12-14,Term 2 2034,7,3,0,50,0.8702,43.43,46
2034-12-15,Term 2 2034,7,4,0,50,0.8788,43.86,42
2034-12-18,Term 2 2034,8,0,0,50,0.8717,43.57,42
2034-12-19,Term 2 2034,8,1,0,50,0.8692,43.43,43
2034-12-20,Term 2 2034,8,2,0,50,0.8747,43.71,42
2034-12-21,Term 2 2034,8,3,0,50,0.8754,43.71,43
2034-12-22,Term 2 2034,8,4,0,50,0.8682,43.29,42
2034-12-25,Term 2 2034,9,0,0,50,0.8606,42.86,42
2034-12-26,Term 2 2034,9,1,0,50,0.849,42.29,45
2034-12-27,Term 2 2034,9,2,0,50,0.8566,42.71,44
2034-12-28,Term 2 2034,9,3,0,50,0.8606,43.0,45
2034-12-29,Term 2 2034,9,4,0,50,0.8654,43.29,43
2035-01-01,Term 2 2034,10,0,0,50,0.868,43.43,41
2035-01-02,Term 2 2034,10,1,0,50,0.8601,43.14,45
2035-01-03,Term 2 2034,10,2,0,50,0.87,43.57,45
2035-01-04,Term 2 2034,10,3,0,50,0.8799,44.0,44
2035-01-05,Term 2 2034,10,4,0,50,0.8782,43.86,40
2035-01-08,Term 2 2034,11,0,0,50,0.868,43.29,40
2035-01-09,Term 2 2034,11,1,0,50,0.854,42.57,45
2035-01-10,Term 2 2034,11,2,0,50,0.8578,42.86,43
2035-01-11,Term 2 2034,11,3,0,50,0.8639,43.14,45
2035-01-12,Term 2 2034,11,4,0,50,0.8628,43.14,41
2035-01-15,Term 2 2034,12,0,1,50,0.8497,42.57,35
2035-01-16,Term 2 2034,12,1,1,50,0.8227,41.29,37
2035-01-17,Term 2 2034,12,2,1,50,0.8139,40.86,39
2035-01-18,Term 2 2034,12,3,1,50,0.8118,40.71,39
2035-01-19,Term 2 2034,12,4,1,50,0.7949,39.86,35
2035-01-22,Term 2 2034,13,0,1,50,0.7731,38.71,37
2035-01-23,Term 2 2034,13,1,1,50,0.7489,37.57,36
2035-01-24,Term 2 2034,13,2,1,50,0.736,36.86,39
2035-01-25,Term 2 2034,13,3,1,50,0.7491,37.43,36
2035-01-26,Term 2 2034,13,4,1,50,0.7475,37.29,37
2035-02-12,Term 3 2035,1,0,0,50,0.7421,37.0,38
2035-02-13,Term 3 2035,1,1,0,50,0.7412,36.86,41
2035-02-14,Term 3 2035,1,2,0,50,0.7591,37.71,41
2035-02-15,Term 3 2035,1,3,0,50,0.7719,38.29,40
2035-02-16,Term 3 2035,1,4,0,50,0.7836,38.86,37
2035-02-19,Term 3 2035,2,0,0,50,0.777,38.57,43
2035-02-20,Term 3 2035,2,1,0,50,0.7948,39.57,45
2035-02-21,Term 3 2035,2,2,0,50,0.8169,40.71,43
2035-02-22,Term 3 2035,2,3,0,50,0.8303,41.43,45
2035-02-23,Term 3 2035,2,4,0,50,0.8394,42.0,44
2035-02-26,Term 3 2035,3,0,0,50,0.8473,42.43,41
2035-02-27,Term 3 2035,3,1,0,50,0.8496,42.57,46
2035-02-28,Term 3 2035,3,2,0,50,0.8749,43.86,46
2035-03-01,Term 3 2035,3,3,0,50,0.8843,44.29,43
2035-03-02,Term 3 2035,3,4,0,50,0.8787,44.0,42
2035-03-05,Term 3 2035,4,0,0,50,0.876,43.86,40
2035-03-06,Term 3 2035,4,1,0,50,0.8614,43.14,43
2035-03-07,Term 3 2035,4,2,0,50,0.8594,43.0,44
2035-03-08,Term 3 2035,4,3,0,50,0.8692,43.43,45
2035-03-09,Term 3 2035,4,4,0,50,0.8672,43.29,43
2035-03-12,Term 3 2035,5,0,0,50,0.8603,42.86,43
2035-03-13,Term 3 2035,5,1,0,50,0.8591,42.86,46
2035-03-14,Term 3 2035,5,2,0,50,0.8689,43.43,45
2035-03-15,Term 3 2035,5,3,0,50,0.8839,44.14,45
2035-03-16,Term 3 2035,5,4,0,50,0.8885,44.43,43
2035-03-19,Term 3 2035,6,0,0,50,0.8843,44.29,42
2035-03-20,Term 3 2035,6,1,0,50,0.8745,43.86,44
2035-03-21,Term 3 2035,6,2,0,50,0.8771,44.0,45
2035-03-22,Term 3 2035,6,3,0,50,0.8837,44.29,46
2035-03-23,Term 3 2035,6,4,0,50,0.8843,44.29,41
2035-03-26,Term 3 2035,7,0,0,50,0.8738,43.71,40
2035-03-27,Term 3 2035,7,1,0,50,0.8613,43.0,45
2035-03-28,Term 3 2035,7,2,0,50,0.8662,43.29,43
2035-03-29,Term 3 2035,7,3,0,50,0.8693,43.43,43
2035-03-30,Term 3 2035,7,4,0,50,0.8643,43.29,42
2035-04-02,Term 3 2035,8,0,0,50,0.8556,42.86,41
2035-04-03,Term 3 2035,8,1,0,50,0.8418,42.14,44
2035-04-04,Term 3 2035,8,2,0,50,0.849,42.57,44
2035-04-05,Term 3 2035,8,3,0,50,0.8605,43.14,43
2035-04-06,Term 3 2035,8,4,0,50,0.8542,42.86,42
2035-04-09,Term 3 2035,9,0,0,50,0.853,42.71,41
2035-04-10,Term 3 2035,9,1,0,50,0.8468,42.43,43
2035-04-11,Term 3 2035,9,2,0,50,0.8504,42.57,45
2035-04-12,Term 3 2035,9,3,0,50,0.8614,43.14,43
2035-04-13,Term 3 2035,9,4,0,50,0.8582,43.0,41
2035-04-16,Term 3 2035,10,0,0,50,0.8479,42.57,41
2035-04-17,Term 3 2035,10,1,0,50,0.843,42.29,42
2035-04-18,Term 3 2035,10,2,0,50,0.8426,42.29,46
2035-04-19,Term 3 2035,10,3,0,50,0.8575,43.0,44
2035-04-20,Term 3 2035,10,4,0,50,0.8607,43.14,43
2035-04-23,Term 3 2035,11,0,0,50,0.8545,42.86,41
2035-04-24,Term 3 2035,11,1,0,50,0.8512,42.57,44
2035-04-25,Term 3 2035,11,2,0,50,0.8617,43.0,43
2035-04-26,Term 3 2035,11,3,0,50,0.8692,43.29,45
2035-04-27,Term 3 2035,11,4,0,50,0.8776,43.71,41
2035-04-30,Term 3 2035,12,0,1,50,0.8648,43.0,34
2035-05-01,Term 3 2035,12,1,1,50,0.836,41.57,37
2035-05-02,Term 3 2035,12,2,1,50,0.8191,40.71,36
2035-05-03,Term 3 2035,12,3,1,50,0.8043,40.0,38
2035-05-04,Term 3 2035,12,4,1,50,0.7864,39.14,36
2035-05-07,Term 3 2035,13,0,1,50,0.7642,38.14,36
2035-05-08,Term 3 2035,13,1,1,50,0.7371,36.86,36
2035-05-09,Term 3 2035,13,2,1,50,0.7231,36.14,37
2035-05-10,Term 3 2035,13,3,1,50,0.7303,36.57,37
2035-05-11,Term 3 2035,13,4,1,50,0.7306,36.57,35
2035-05-28,Term 1 2035,1,0,0,50,0.7279,36.43,37
2035-05-29,Term 1 2035,1,1,0,50,0.7249,36.29,39
2035-05-30,Term 1 2035,1,2,0,50,0.734,36.71,41
2035-05-31,Term 1 2035,1,3,0,50,0.7493,37.43,40
2035-06-01,Term 1 2035,1,4,0,50,0.7601,38.0,40
2035-06-04,Term 1 2035,2,0,0,50,0.7689,38.43,43
2035-06-05,Term 1 2035,2,1,0,50,0.7859,39.29,46
2035-06-06,Term 1 2035,2,2,0,50,0.8162,40.86,42
2035-06-07,Term 1 2035,2,3,0,50,0.8307,41.57,45
2035-06-08,Term 1 2035,2,4,0,50,0.8473,42.43,42
2035-06-11,Term 1 2035,3,0,0,50,0.8495,42.57,43
2035-06-12,Term 1 2035,3,1,0,50,0.8581,43.0,44
2035-06-13,Term 1 2035,3,2,0,50,0.8708,43.57,44
2035-06-14,Term 1 2035,3,3,0,50,0.8757,43.71,46
2035-06-15,Term 1 2035,3,4,0,50,0.8754,43.71,43
2035-06-18,Term 1 2035,4,0,0,50,0.8774,43.86,41
2035-06-19,Term 1 2035,4,1,0,50,0.8663,43.29,46
2035-06-20,Term 1 2035,4,2,0,50,0.8774,43.86,46
2035-06-21,Term 1 2035,4,3,0,50,0.885,44.29,44
2035-06-22,Term 1 2035,4,4,0,50,0.8824,44.29,42
2035-06-25,Term 1 2035,5,0,0,50,0.8757,44.0,41
2035-06-26,Term 1 2035,5,1,0,50,0.8608,43.29,46
2035-06-27,Term 1 2035,5,2,0,50,0.8692,43.71,45
2035-06-28,Term 1 2035,5,3,0,50,0.882,44.29,43
2035-06-29,Term 1 2035,5,4,0,50,0.8759,43.86,43
2035-07-02,Term 1 2035,6,0,0,50,0.8685,43.43,41
2035-07-03,Term 1 2035,6,1,0,50,0.862,43.0,42
2035-07-04,Term 1 2035,6,2,0,50,0.8621,43.0,46
2035-07-05,Term 1 2035,6,3,0,50,0.8763,43.71,43
2035-07-06,Term 1 2035,6,4,0,50,0.8681,43.29,42
2035-07-09,Term 1 2035,7,0,0,50,0.8588,42.86,43
2035-07-10,Term 1 2035,7,1,0,50,0.8582,42.86,43
2035-07-11,Term 1 2035,7,2,0,50,0.8567,42.86,46
2035-07-12,Term 1 2035,7,3,0,50,0.8697,43.57,44
2035-07-13,Term 1 2035,7,4,0,50,0.8753,43.86,40
2035-07-16,Term 1 2035,8,0,0,50,0.8594,43.0,40
2035-07-17,Term 1 2035,8,1,0,50,0.8508,42.57,45
2035-07-18,Term 1 2035,8,2,0,50,0.8583,43.0,45
2035-07-19,Term 1 2035,8,3,0,50,0.8635,43.29,45
2035-07-20,Term 1 2035,8,4,0,50,0.8714,43.57,42
2035-07-23,Term 1 2035,9,0,0,50,0.8596,43.0,40
2035-07-24,Term 1 2035,9,1,0,50,0.8475,42.43,44
2035-07-25,Term 1 2035,9,2,0,50,0.8593,43.0,45
2035-07-26,Term 1 2035,9,3,0,50,0.8737,43.71,46
2035-07-27,Term 1 2035,9,4,0,50,0.8772,43.86,43
2035-07-30,Term 1 2035,10,0,0,50,0.8715,43.57,42
2035-07-31,Term 1 2035,10,1,0,50,0.8619,43.14,46
2035-08-01,Term 1 2035,10,2,0,50,0.8735,43.71,45
2035-08-02,Term 1 2035,10,3,0,50,0.888,44.43,43
2035-08-03,Term 1 2035,10,4,0,50,0.8836,44.29,42
2035-08-06,Term 1 2035,11,0,0,50,0.8751,43.86,41
2035-08-07,Term 1 2035,11,1,0,50,0.8606,43.14,42
2035-08-08,Term 1 2035,11,2,0,50,0.8585,43.0,42
2035-08-09,Term 1 2035,11,3,0,50,0.8588,43.0,45
2035-08-10,Term 1 2035,11,4,0,50,0.8572,42.86,42
2035-08-13,Term 1 2035,12,0,1,50,0.8493,42.43,36
2035-08-14,Term 1 2035,12,1,1,50,0.8298,41.43,37
2035-08-15,Term 1 2035,12,2,1,50,0.8157,40.71,37
2035-08-16,Term 1 2035,12,3,1,50,0.8049,40.14,38
2035-08-17,Term 1 2035,12,4,1,50,0.7912,39.57,37
2035-08-20,Term 1 2035,13,0,1,50,0.7749,38.86,35
2035-08-21,Term 1 2035,13,1,1,50,0.7465,37.43,36
2035-08-22,Term 1 2035,13,2,1,50,0.7289,36.57,39
2035-08-23,Term 1 2035,13,3,1,50,0.7372,37.0,38
2035-08-24,Term 1 2035,13,4,1,50,0.7407,37.14,37
2035-09-10,Term 2 2035,1,0,0,50,0.7393,37.14,38
2035-09-11,Term 2 2035,1,1,0,50,0.7406,37.14,41
2035-09-12,Term 2 2035,1,2,0,50,0.7534,37.71,40
2035-09-13,Term 2 2035,1,3,0,50,0.768,38.43,41
2035-09-14,Term 2 2035,1,4,0,50,0.7816,39.14,36
2035-09-17,Term 2 2035,2,0,0,50,0.7747,38.71,43
2035-09-18,Term 2 2035,2,1,0,50,0.7892,39.43,42
2035-09-19,Term 2 2035,2,2,0,50,0.8059,40.14,45
2035-09-20,Term 2 2035,2,3,0,50,0.8264,41.14,43
2035-09-21,Term 2 2035,2,4,0,50,0.8326,41.43,40
2035-09-24,Term 2 2035,3,0,0,50,0.8327,41.43,43
2035-09-25,Term 2 2035,3,1,0,50,0.8377,41.71,44
2035-09-26,Term 2 2035,3,2,0,50,0.859,42.86,44
2035-09-27,Term 2 2035,3,3,0,50,0.86,43.0,45
2035-09-28,Term 2 2035,3,4,0,50,0.8664,43.43,42
2035-10-01,Term 2 2035,4,0,0,50,0.8571,43.0,42
2035-10-02,Term 2 2035,4,1,0,50,0.8526,42.86,43
2035-10-03,Term 2 2035,4,2,0,50,0.8589,43.29,44
2035-10-04,Term 2 2035,4,3,0,50,0.8618,43.43,45
2035-10-05,Term 2 2035,4,4,0,50,0.8659,43.57,42
2035-10-08,Term 2 2035,5,0,0,50,0.8619,43.29,43
2035-10-09,Term 2 2035,5,1,0,50,0.8582,43.0,43
2035-10-10,Term 2 2035,5,2,0,50,0.8601,43.14,45
2035-10-11,Term 2 2035,5,3,0,50,0.8689,43.57,46
2035-10-12,Term 2 2035,5,4,0,50,0.8778,44.0,43
2035-10-15,Term 2 2035,6,0,0,50,0.8767,43.86,42
2035-10-16,Term 2 2035,6,1,0,50,0.8687,43.43,43
2035-10-17,Term 2 2035,6,2,0,50,0.8725,43.57,46
2035-10-18,Term 2 2035,6,3,0,50,0.8795,44.0,44
2035-10-19,Term 2 2035,6,4,0,50,0.8842,44.14,42
2035-10-22,Term 2 2035,7,0,0,50,0.8771,43.71,40
2035-10-23,Term 2 2035,7,1,0,50,0.8609,42.86,42
2035-10-24,Term 2 2035,7,2,0,50,0.8576,42.71,44
2035-10-25,Term 2 2035,7,3,0,50,0.8632,43.0,44
2035-10-26,Term 2 2035,7,4,0,50,0.8651,43.14,44
2035-10-29,Term 2 2035,8,0,0,50,0.8594,42.86,41
2035-10-30,Term 2 2035,8,1,0,50,0.8494,42.43,45
2035-10-31,Term 2 2035,8,2,0,50,0.8573,42.86,46
2035-11-01,Term 2 2035,8,3,0,50,0.8734,43.71,43
2035-11-02,Term 2 2035,8,4,0,50,0.8772,43.86,42
2035-11-05,Term 2 2035,9,0,0,50,0.8694,43.57,42
2035-11-06,Term 2 2035,9,1,0,50,0.8635,43.29,44
2035-11-07,Term 2 2035,9,2,0,50,0.8643,43.29,43
2035-11-08,Term 2 2035,9,3,0,50,0.8698,43.57,43
2035-11-09,Term 2 2035,9,4,0,50,0.8637,43.29,43
2035-11-12,Term 2 2035,10,0,0,50,0.8572,42.86,40
2035-11-13,Term 2 2035,10,1,0,50,0.8484,42.43,43
2035-11-14,Term 2 2035,10,2,0,50,0.8514,42.57,45
2035-11-15,Term 2 2035,10,3,0,50,0.8603,43.0,45
2035-11-16,Term 2 2035,10,4,0,50,0.8642,43.14,43
2035-11-19,Term 2 2035,11,0,0,50,0.8664,43.14,43
2035-11-20,Term 2 2035,11,1,0,50,0.8674,43.14,46
2035-11-21,Term 2 2035,11,2,0,50,0.8749,43.57,44
2035-11-22,Term 2 2035,11,3,0,50,0.8851,44.14,44
2035-11-23,Term 2 2035,11,4,0,50,0.8893,44.29,41
2035-11-26,Term 2 2035,12,0,1,50,0.8778,43.71,34
2035-11-27,Term 2 2035,12,1,1,50,0.8445,42.14,36
2035-11-28,Term 2 2035,12,2,1,50,0.8245,41.14,39
2035-11-29,Term 2 2035,12,3,1,50,0.8121,40.57,38
2035-11-30,Term 2 2035,12,4,1,50,0.7892,39.43,35
2035-12-03,Term 2 2035,13,0,1,50,0.7649,38.14,34
2035-12-04,Term 2 2035,13,1,1,50,0.7358,36.71,39
2035-12-05,Term 2 2035,13,2,1,50,0.7285,36.43,36
2035-12-06,Term 2 2035,13,3,1,50,0.736,36.71,38
2035-12-07,Term 2 2035,13,4,1,50,0.742,37.0,38
2035-12-24,Term 3 2035,1,0,0,50,0.7383,36.86,37
2035-12-25,Term 3 2035,1,1,0,50,0.7349,36.71,40
2035-12-26,Term 3 2035,1,2,0,50,0.7477,37.43,40
2035-12-27,Term 3 2035,1,3,0,50,0.7661,38.29,39
2035-12-28,Term 3 2035,1,4,0,50,0.7678,38.29,38
2035-12-31,Term 3 2035,2,0,0,50,0.7734,38.57,42
2036-01-01,Term 3 2035,2,1,0,50,0.7827,39.14,43
2036-01-02,Term 3 2035,2,2,0,50,0.7995,39.86,43
2036-01-03,Term 3 2035,2,3,0,50,0.818,40.71,44
2036-01-04,Term 3 2035,2,4,0,50,0.8292,41.29,40
2036-01-07,Term 3 2035,3,0,0,50,0.8279,41.29,40
2036-01-08,Term 3 2035,3,1,0,50,0.8315,41.43,43
2036-01-09,Term 3 2035,3,2,0,50,0.8445,42.14,45
2036-01-10,Term 3 2035,3,3,0,50,0.8537,42.57,44
2036-01-11,Term 3 2035,3,4,0,50,0.8545,42.71,43
2036-01-14,Term 3 2035,4,0,0,50,0.8548,42.71,40
2036-01-15,Term 3 2035,4,1,0,50,0.8443,42.14,45
2036-01-16,Term 3 2035,4,2,0,50,0.8583,42.86,46
2036-01-17,Term 3 2035,4,3,0,50,0.8726,43.71,44
2036-01-18,Term 3 2035,4,4,0,50,0.8754,43.86,41
2036-01-21,Term 3 2035,5,0,0,50,0.8653,43.29,41
2036-01-22,Term 3 2035,5,1,0,50,0.8567,42.86,44
2036-01-23,Term 3 2035,5,2,0,50,0.8591,43.0,43
2036-01-24,Term 3 2035,5,3,0,50,0.8667,43.43,44
2036-01-25,Term 3 2035,5,4,0,50,0.8653,43.29,43
2036-01-28,Term 3 2035,6,0,0,50,0.8592,42.86,43
2036-01-29,Term 3 2035,6,1,0,50,0.8565,42.71,43
2036-01-30,Term 3 2035,6,2,0,50,0.8598,43.0,44
2036-01-31,Term 3 2035,6,3,0,50,0.8696,43.43,43
2036-02-01,Term 3 2035,6,4,0,50,0.8663,43.29,44
2036-02-04,Term 3 2035,7,0,0,50,0.8687,43.43,40
2036-02-05,Term 3 2035,7,1,0,50,0.8555,42.86,42
2036-02-06,Term 3 2035,7,2,0,50,0.8524,42.71,42
2036-02-07,Term 3 2035,7,3,0,50,0.85,42.57,44
2036-02-08,Term 3 2035,7,4,0,50,0.8542,42.71,40
2036-02-11,Term 3 2035,8,0,0,50,0.8427,42.14,42
2036-02-12,Term 3 2035,8,1,0,50,0.8392,42.0,44
2036-02-13,Term 3 2035,8,2,0,50,0.8394,42.0,44
2036-02-14,Term 3 2035,8,3,0,50,0.8524,42.57,46
2036-02-15,Term 3 2035,8,4,0,50,0.8619,43.14,42
2036-02-18,Term 3 2035,9,0,0,50,0.8623,43.14,42
2036-02-19,Term 3 2035,9,1,0,50,0.8555,42.86,46
2036-02-20,Term 3 2035,9,2,0,50,0.8723,43.71,44
2036-02-21,Term 3 2035,9,3,0,50,0.8782,44.0,45
2036-02-22,Term 3 2035,9,4,0,50,0.8824,44.14,41
2036-02-25,Term 3 2035,10,0,0,50,0.8742,43.71,40
2036-02-26,Term 3 2035,10,1,0,50,0.8592,42.86,45
2036-02-27,Term 3 2035,10,2,0,50,0.8675,43.29,45
2036-02-28,Term 3 2035,10,3,0,50,0.8768,43.71,43
2036-02-29,Term 3 2035,10,4,0,50,0.8687,43.29,42
2036-03-03,Term 3 2035,11,0,0,50,0.8629,43.0,42
2036-03-04,Term 3 2035,11,1,0,50,0.8527,42.57,44
2036-03-05,Term 3 2035,11,2,0,50,0.8588,43.0,44
2036-03-06,Term 3 2035,11,3,0,50,0.8691,43.57,45
2036-03-07,Term 3 2035,11,4,0,50,0.8678,43.57,43
2036-03-10,Term 3 2035,12,0,1,50,0.8634,43.29,37
2036-03-11,Term 3 2035,12,1,1,50,0.845,42.43,38
2036-03-12,Term 3 2035,12,2,1,50,0.8353,41.86,37
2036-03-13,Term 3 2035,12,3,1,50,0.8214,41.14,38
2036-03-14,Term 3 2035,12,4,1,50,0.8056,40.29,36
2036-03-17,Term 3 2035,13,0,1,50,0.7821,39.14,34
2036-03-18,Term 3 2035,13,1,1,50,0.7523,37.57,40
2036-03-19,Term 3 2035,13,2,1,50,0.742,37.14,39
2036-03-20,Term 3 2035,13,3,1,50,0.7475,37.43,40
2036-03-21,Term 3 2035,13,4,1,50,0.7515,37.71,37
2036-04-07,Term 1 2036,1,0,0,50,0.7523,37.71,37
2036-04-08,Term 1 2036,1,1,0,50,0.7505,37.57,39
2036-04-09,Term 1 2036,1,2,0,50,0.761,38.0,39
2036-04-10,Term 1 2036,1,3,0,50,0.7743,38.71,40
2036-04-11,Term 1 2036,1,4,0,50,0.7747,38.71,36
2036-04-14,Term 1 2036,2,0,0,50,0.7679,38.29,41
2036-04-15,Term 1 2036,2,1,0,50,0.7711,38.43,42
2036-04-16,Term 1 2036,2,2,0,50,0.786,39.14,43
2036-04-17,Term 1 2036,2,3,0,50,0.8014,40.0,46
2036-04-18,Term 1 2036,2,4,0,50,0.8191,41.0,41
2036-04-21,Term 1 2036,3,0,0,50,0.8264,41.29,41
2036-04-22,Term 1 2036,3,1,0,50,0.8305,41.43,44
2036-04-23,Term 1 2036,3,2,0,50,0.8521,42.57,42
2036-04-24,Term 1 2036,3,3,0,50,0.8556,42.71,46
2036-04-25,Term 1 2036,3,4,0,50,0.8663,43.29,41
2036-04-28,Term 1 2036,4,0,0,50,0.8619,43.0,42
2036-04-29,Term 1 2036,4,1,0,50,0.8525,42.43,44
2036-04-30,Term 1 2036,4,2,0,50,0.86,42.86,45
2036-05-01,Term 1 2036,4,3,0,50,0.8713,43.43,45
2036-05-02,Term 1 2036,4,4,0,50,0.8756,43.57,41
2036-05-05,Term 1 2036,5,0,0,50,0.8724,43.43,42
2036-05-06,Term 1 2036,5,1,0,50,0.8602,42.86,43
2036-05-07,Term 1 2036,5,2,0,50,0.8642,43.14,45
2036-05-08,Term 1 2036,5,3,0,50,0.8708,43.57,43
2036-05-09,Term 1 2036,5,4,0,50,0.869,43.43,43
2036-05-12,Term 1 2036,6,0,0,50,0.8613,43.14,43
2036-05-13,Term 1 2036,6,1,0,50,0.8542,42.86,44
2036-05-14,Term 1 2036,6,2,0,50,0.8628,43.29,44
2036-05-15,Term 1 2036,6,3,0,50,0.868,43.57,46
2036-05-16,Term 1 2036,6,4,0,50,0.8764,44.0,42
2036-05-19,Term 1 2036,7,0,0,50,0.8691,43.57,41
2036-05-20,Term 1 2036,7,1,0,50,0.8618,43.29,45
2036-05-21,Term 1 2036,7,2,0,50,0.87,43.57,44
2036-05-22,Term 1 2036,7,3,0,50,0.8731,43.71,44
2036-05-23,Term 1 2036,7,4,0,50,0.8727,43.71,42
2036-05-26,Term 1 2036,8,0,0,50,0.8696,43.43,42
2036-05-27,Term 1 2036,8,1,0,50,0.8578,42.86,43
2036-05-28,Term 1 2036,8,2,0,50,0.8592,43.0,43
2036-05-29,Term 1 2036,8,3,0,50,0.8642,43.29,42
2036-05-30,Term 1 2036,8,4,0,50,0.8552,42.86,43
2036-06-02,Term 1 2036,9,0,0,50,0.8513,42.71,40
2036-06-03,Term 1 2036,9,1,0,50,0.841,42.14,43
2036-06-04,Term 1 2036,9,2,0,50,0.842,42.29,43
2036-06-05,Term 1 2036,9,3,0,50,0.8476,42.43,45
2036-06-06,Term 1 2036,9,4,0,50,0.8542,42.71,40
2036-06-09,Term 1 2036,10,0,0,50,0.8479,42.29,40
2036-06-10,Term 1 2036,10,1,0,50,0.8425,42.0,45
2036-06-11,Term 1 2036,10,2,0,50,0.8502,42.29,45
2036-06-12,Term 1 2036,10,3,0,50,0.8631,43.0,44
2036-06-13,Term 1 2036,10,4,0,50,0.8665,43.14,42
2036-06-16,Term 1 2036,11,0,0,50,0.8621,43.0,40
2036-06-17,Term 1 2036,11,1,0,50,0.8492,42.29,43
2036-06-18,Term 1 2036,11,2,0,50,0.8554,42.71,45
2036-06-19,Term 1 2036,11,3,0,50,0.8694,43.43,42
2036-06-20,Term 1 2036,11,4,0,50,0.8604,43.0,40
2036-06-23,Term 1 2036,12,0,1,50,0.8469,42.29,36
2036-06-24,Term 1 2036,12,1,1,50,0.8237,41.14,37
2036-06-25,Term 1 2036,12,2,1,50,0.8087,40.43,39
2036-06-26,Term 1 2036,12,3,1,50,0.8034,40.29,36
2036-06-27,Term 1 2036,12,4,1,50,0.7849,39.29,36
2036-06-30,Term 1 2036,13,0,1,50,0.7591,38.0,34
2036-07-01,Term 1 2036,13,1,1,50,0.7352,36.86,37
2036-07-02,Term 1 2036,13,2,1,50,0.7262,36.43,37
2036-07-03,Term 1 2036,13,3,1,50,0.7288,36.57,40
2036-07-04,Term 1 2036,13,4,1,50,0.7379,37.0,36
2036-07-21,Term 2 2036,1,0,0,50,0.7319,36.57,38
2036-07-22,Term 2 2036,1,1,0,50,0.7364,36.86,38
2036-07-23,Term 2 2036,1,2,0,50,0.7415,37.14,41
2036-07-24,Term 2 2036,1,3,0,50,0.762,38.14,41
2036-07-25,Term 2 2036,1,4,0,50,0.7723,38.71,37
2036-07-28,Term 2 2036,2,0,0,50,0.7735,38.71,40
2036-07-29,Term 2 2036,2,1,0,50,0.7735,38.71,44
2036-07-30,Term 2 2036,2,2,0,50,0.7947,39.86,46
2036-07-31,Term 2 2036,2,3,0,50,0.8181,41.0,45
2036-08-01,Term 2 2036,2,4,0,50,0.8393,42.0,41
2036-08-04,Term 2 2036,3,0,0,50,0.8387,42.0,43
2036-08-05,Term 2 2036,3,1,0,50,0.8449,42.29,44
2036-08-06,Term 2 2036,3,2,0,50,0.8657,43.29,45
2036-08-07,Term 2 2036,3,3,0,50,0.8809,44.0,45
2036-08-08,Term 2 2036,3,4,0,50,0.8852,44.14,41
2036-08-11,Term 2 2036,4,0,0,50,0.8702,43.43,42
2036-08-12,Term 2 2036,4,1,0,50,0.8607,43.0,43
2036-08-13,Term 2 2036,4,2,0,50,0.8675,43.29,45
2036-08-14,Term 2 2036,4,3,0,50,0.8734,43.57,43
2036-08-15,Term 2 2036,4,4,0,50,0.8704,43.43,42
2036-08-18,Term 2 2036,5,0,0,50,0.8608,43.0,42
2036-08-19,Term 2 2036,5,1,0,50,0.8511,42.57,43
2036-08-20,Term 2 2036,5,2,0,50,0.8573,42.86,44
2036-08-21,Term 2 2036,5,3,0,50,0.8613,43.14,42
2036-08-22,Term 2 2036,5,4,0,50,0.8595,43.0,41
2036-08-25,Term 2 2036,6,0,0,50,0.8479,42.43,43
2036-08-26,Term 2 2036,6,1,0,50,0.8466,42.43,44
2036-08-27,Term 2 2036,6,2,0,50,0.8529,42.71,44
2036-08-28,Term 2 2036,6,3,0,50,0.8581,43.0,43
2036-08-29,Term 2 2036,6,4,0,50,0.8572,43.0,40
2036-09-01,Term 2 2036,7,0,0,50,0.8482,42.43,41
2036-09-02,Term 2 2036,7,1,0,50,0.8452,42.29,44
2036-09-03,Term 2 2036,7,2,0,50,0.8557,42.71,42
2036-09-04,Term 2 2036,7,3,0,50,0.8534,42.57,45
2036-09-05,Term 2 2036,7,4,0,50,0.8566,42.71,42
2036-09-08,Term 2 2036,8,0,0,50,0.8519,42.43,40
2036-09-09,Term 2 2036,8,1,0,50,0.8444,42.0,44
2036-09-10,Term 2 2036,8,2,0,50,0.8545,42.57,43
2036-09-11,Term 2 2036,8,3,0,50,0.8577,42.86,44
2036-09-12,Term 2 2036,8,4,0,50,0.8575,42.86,43
2036-09-15,Term 2 2036,9,0,0,50,0.8608,43.0,43
2036-09-16,Term 2 2036,9,1,0,50,0.855,42.71,45
2036-09-17,Term 2 2036,9,2,0,50,0.8638,43.14,45
2036-09-18,Term 2 2036,9,3,0,50,0.877,43.86,44
2036-09-19,Term 2 2036,9,4,0,50,0.8775,43.86,41
2036-09-22,Term 2 2036,10,0,0,50,0.8745,43.57,40
2036-09-23,Term 2 2036,10,1,0,50,0.861,43.0,44
2036-09-24,Term 2 2036,10,2,0,50,0.8633,43.14,43
2036-09-25,Term 2 2036,10,3,0,50,0.8628,43.14,45
2036-09-26,Term 2 2036,10,4,0,50,0.8631,43.14,43
2036-09-29,Term 2 2036,11,0,0,50,0.859,42.86,41
2036-09-30,Term 2 2036,11,1,0,50,0.8503,42.43,44
2036-10-01,Term 2 2036,11,2,0,50,0.8585,42.86,45
2036-10-02,Term 2 2036,11,3,0,50,0.8736,43.57,45
2036-10-03,Term 2 2036,11,4,0,50,0.8762,43.71,43
2036-10-06,Term 2 2036,12,0,1,50,0.8758,43.71,34
2036-10-07,Term 2 2036,12,1,1,50,0.8435,42.14,37
2036-10-08,Term 2 2036,12,2,1,50,0.8246,41.29,38
2036-10-09,Term 2 2036,12,3,1,50,0.8157,40.86,37
2036-10-10,Term 2 2036,12,4,1,50,0.7945,39.86,37
2036-10-13,Term 2 2036,13,0,1,50,0.7729,38.71,35
2036-10-14,Term 2 2036,13,1,1,50,0.7432,37.29,40
2036-10-15,Term 2 2036,13,2,1,50,0.7338,36.86,38
2036-10-16,Term 2 2036,13,3,1,50,0.7445,37.43,37
2036-10-17,Term 2 2036,13,4,1,50,0.7452,37.43,37
2036-11-03,Term 3 2036,1,0,0,50,0.7421,37.29,39
2036-11-04,Term 3 2036,1,1,0,50,0.747,37.57,40
2036-11-05,Term 3 2036,1,2,0,50,0.7552,38.0,38
2036-11-06,Term 3 2036,1,3,0,50,0.7662,38.43,38
2036-11-07,Term 3 2036,1,4,0,50,0.762,38.14,39
2036-11-10,Term 3 2036,2,0,0,50,0.7648,38.29,42
2036-11-11,Term 3 2036,2,1,0,50,0.7805,39.0,43
2036-11-12,Term 3 2036,2,2,0,50,0.7989,39.86,43
2036-11-13,Term 3 2036,2,3,0,50,0.8126,40.43,43
2036-11-14,Term 3 2036,2,4,0,50,0.8192,40.86,43
2036-11-17,Term 3 2036,3,0,0,50,0.831,41.57,41
2036-11-18,Term 3 2036,3,1,0,50,0.8381,42.0,45
2036-11-19,Term 3 2036,3,2,0,50,0.8575,42.86,44
2036-11-20,Term 3 2036,3,3,0,50,0.8616,43.14,43
2036-11-21,Term 3 2036,3,4,0,50,0.8622,43.14,41
2036-11-24,Term 3 2036,4,0,0,50,0.8555,42.86,42
2036-11-25,Term 3 2036,4,1,0,50,0.8543,42.71,45
2036-11-26,Term 3 2036,4,2,0,50,0.8612,43.0,44
2036-11-27,Term 3 2036,4,3,0,50,0.8702,43.43,45
2036-11-28,Term 3 2036,4,4,0,50,0.8694,43.43,42
2036-12-01,Term 3 2036,5,0,0,50,0.8644,43.14,41
2036-12-02,Term 3 2036,5,1,0,50,0.8573,42.86,44
2036-12-03,Term 3 2036,5,2,0,50,0.8662,43.29,43
2036-12-04,Term 3 2036,5,3,0,50,0.8684,43.43,43
2036-12-05,Term 3 2036,5,4,0,50,0.8633,43.14,41
2036-12-08,Term 3 2036,6,0,0,50,0.8568,42.71,42
2036-12-09,Term 3 2036,6,1,0,50,0.8488,42.29,45
2036-12-10,Term 3 2036,6,2,0,50,0.8574,42.71,45
2036-12-11,Term 3 2036,6,3,0,50,0.8701,43.29,45
2036-12-12,Term 3 2036,6,4,0,50,0.8712,43.43,43
2036-12-15,Term 3 2036,7,0,0,50,0.8712,43.43,41
2036-12-16,Term 3 2036,7,1,0,50,0.8656,43.14,45
2036-12-17,Term 3 2036,7,2,0,50,0.8754,43.71,43
2036-12-18,Term 3 2036,7,3,0,50,0.8763,43.86,43
2036-12-19,Term 3 2036,7,4,0,50,0.8704,43.57,42
2036-12-22,Term 3 2036,8,0,0,50,0.8595,43.14,41
2036-12-23,Term 3 2036,8,1,0,50,0.8487,42.57,44
2036-12-24,Term 3 2036,8,2,0,50,0.8521,42.71,45
2036-12-25,Term 3 2036,8,3,0,50,0.8621,43.29,45
2036-12-26,Term 3 2036,8,4,0,50,0.8622,43.29,41
2036-12-29,Term 3 2036,9,0,0,50,0.8565,43.0,43
2036-12-30,Term 3 2036,9,1,0,50,0.8579,43.0,42
2036-12-31,Term 3 2036,9,2,0,50,0.8591,43.0,42
2037-01-01,Term 3 2036,9,3,0,50,0.8634,43.14,43
2037-01-02,Term 3 2036,9,4,0,50,0.8588,43.0,44
2037-01-05,Term 3 2036,10,0,0,50,0.8557,42.86,41
2037-01-06,Term 3 2036,10,1,0,50,0.8455,42.29,42
2037-01-07,Term 3 2036,10,2,0,50,0.8501,42.43,43
2037-01-08,Term 3 2036,10,3,0,50,0.8487,42.43,42
2037-01-09,Term 3 2036,10,4,0,50,0.8496,42.43,40
2037-01-12,Term 3 2036,11,0,0,50,0.8432,42.14,41
2037-01-13,Term 3 2036,11,1,0,50,0.8388,41.86,46
2037-01-14,Term 3 2036,11,2,0,50,0.8452,42.14,44
2037-01-15,Term 3 2036,11,3,0,50,0.8544,42.57,44
2037-01-16,Term 3 2036,11,4,0,50,0.8596,42.86,43
2037-01-19,Term 3 2036,12,0,1,50,0.8595,42.86,36
2037-01-20,Term 3 2036,12,1,1,50,0.8411,42.0,40
2037-01-21,Term 3 2036,12,2,1,50,0.8401,42.0,39
2037-01-22,Term 3 2036,12,3,1,50,0.8351,41.71,39
2037-01-23,Term 3 2036,12,4,1,50,0.814,40.71,36
2037-01-26,Term 3 2036,13,0,1,50,0.7891,39.57,34
2037-01-27,Term 3 2036,13,1,1,50,0.7612,38.14,39
2037-01-28,Term 3 2036,13,2,1,50,0.7492,37.57,39
2037-01-29,Term 3 2036,13,3,1,50,0.7587,38.0,37
2037-01-30,Term 3 2036,13,4,1,50,0.7511,37.57,34
2037-02-16,Term 1 2037,1,0,0,50,0.7364,36.86,38
2037-02-17,Term 1 2037,1,1,0,50,0.7345,36.71,40
2037-02-18,Term 1 2037,1,2,0,50,0.7468,37.29,39
2037-02-19,Term 1 2037,1,3,0,50,0.76,38.0,39
2037-02-20,Term 1 2037,1,4,0,50,0.7602,38.0,36
2037-02-23,Term 1 2037,2,0,0,50,0.7514,37.57,40
2037-02-24,Term 1 2037,2,1,0,50,0.7609,38.0,42
2037-02-25,Term 1 2037,2,2,0,50,0.7833,39.14,43
2037-02-26,Term 1 2037,2,3,0,50,0.7969,39.86,46
2037-02-27,Term 1 2037,2,4,0,50,0.8138,40.71,43
2037-03-02,Term 1 2037,3,0,0,50,0.8258,41.29,41
2037-03-03,Term 1 2037,3,1,0,50,0.8321,41.57,44
2037-03-04,Term 1 2037,3,2,0,50,0.8534,42.71,44
2037-03-05,Term 1 2037,3,3,0,50,0.8645,43.29,44
2037-03-06,Term 1 2037,3,4,0,50,0.8704,43.57,43
2037-03-09,Term 1 2037,4,0,0,50,0.8713,43.57,40
2037-03-10,Term 1 2037,4,1,0,50,0.8536,42.71,42
2037-03-11,Term 1 2037,4,2,0,50,0.8514,42.57,43
2037-03-12,Term 1 2037,4,3,0,50,0.8578,42.86,45
2037-03-13,Term 1 2037,4,4,0,50,0.8627,43.0,44
2037-03-16,Term 1 2037,5,0,0,50,0.8608,43.0,41
2037-03-17,Term 1 2037,5,1,0,50,0.8517,42.57,46
2037-03-18,Term 1 2037,5,2,0,50,0.86,43.0,43
2037-03-19,Term 1 2037,5,3,0,50,0.8695,43.43,44
2037-03-20,Term 1 2037,5,4,0,50,0.8754,43.71,41
2037-03-23,Term 1 2037,6,0,0,50,0.8687,43.43,43
2037-03-24,Term 1 2037,6,1,0,50,0.8627,43.14,44
2037-03-25,Term 1 2037,6,2,0,50,0.8645,43.14,43
2037-03-26,Term 1 2037,6,3,0,50,0.8707,43.43,44
2037-03-27,Term 1 2037,6,4,0,50,0.8643,43.14,40
2037-03-30,Term 1 2037,7,0,0,50,0.8566,42.71,40
2037-03-31,Term 1 2037,7,1,0,50,0.8434,42.14,43
2037-04-01,Term 1 2037,7,2,0,50,0.8502,42.43,46
2037-04-02,Term 1 2037,7,3,0,50,0.8576,42.86,45
2037-04-03,Term 1 2037,7,4,0,50,0.8602,43.0,44
2037-04-06,Term 1 2037,8,0,0,50,0.8624,43.14,43
2037-04-07,Term 1 2037,8,1,0,50,0.8606,43.0,45
2037-04-08,Term 1 2037,8,2,0,50,0.8744,43.71,44
2037-04-09,Term 1 2037,8,3,0,50,0.8873,44.29,45
2037-04-10,Term 1 2037,8,4,0,50,0.8919,44.57,44
2037-04-13,Term 1 2037,9,0,0,50,0.8864,44.29,42
2037-04-14,Term 1 2037,9,1,0,50,0.8765,43.86,45
2037-04-15,Term 1 2037,9,2,0,50,0.8801,44.0,45
2037-04-16,Term 1 2037,9,3,0,50,0.8859,44.29,46
2037-04-17,Term 1 2037,9,4,0,50,0.8876,44.43,42
2037-04-20,Term 1 2037,10,0,0,50,0.8805,44.14,41
2037-04-21,Term 1 2037,10,1,0,50,0.8707,43.57,44
2037-04-22,Term 1 2037,10,2,0,50,0.8721,43.57,42
2037-04-23,Term 1 2037,10,3,0,50,0.8731,43.57,42
2037-04-24,Term 1 2037,10,4,0,50,0.8656,43.14,40
2037-04-27,Term 1 2037,11,0,0,50,0.852,42.43,42
2037-04-28,Term 1 2037,11,1,0,50,0.8412,41.86,46
2037-04-29,Term 1 2037,11,2,0,50,0.853,42.43,45
2037-04-30,Term 1 2037,11,3,0,50,0.8626,43.0,43
2037-05-01,Term 1 2037,11,4,0,50,0.8585,42.86,41
2037-05-04,Term 1 2037,12,0,1,50,0.8561,42.71,37
2037-05-05,Term 1 2037,12,1,1,50,0.8414,42.0,38
2037-05-06,Term 1 2037,12,2,1,50,0.8351,41.71,36
2037-05-07,Term 1 2037,12,3,1,50,0.818,40.86,39
2037-05-08,Term 1 2037,12,4,1,50,0.799,39.86,35
2037-05-11,Term 1 2037,13,0,1,50,0.7712,38.43,34
2037-05-12,Term 1 2037,13,1,1,50,0.7454,37.14,39
2037-05-13,Term 1 2037,13,2,1,50,0.738,36.86,39
2037-05-14,Term 1 2037,13,3,1,50,0.7437,37.14,36
2037-05-15,Term 1 2037,13,4,1,50,0.7386,36.86,38
2037-06-01,Term 2 2037,1,0,0,50,0.7434,37.14,37
2037-06-02,Term 2 2037,1,1,0,50,0.7379,36.86,39
2037-06-03,Term 2 2037,1,2,0,50,0.7506,37.43,42
2037-06-04,Term 2 2037,1,3,0,50,0.7726,38.57,39
2037-06-05,Term 2 2037,1,4,0,50,0.7737,38.57,40
2037-06-08,Term 2 2037,2,0,0,50,0.7751,38.71,42
2037-06-09,Term 2 2037,2,1,0,50,0.792,39.57,46
2037-06-10,Term 2 2037,2,2,0,50,0.8147,40.71,44
2037-06-11,Term 2 2037,2,3,0,50,0.8335,41.71,43
2037-06-12,Term 2 2037,2,4,0,50,0.8432,42.29,43
2037-06-15,Term 2 2037,3,0,0,50,0.8471,42.43,43
2037-06-16,Term 2 2037,3,1,0,50,0.8582,43.0,43
2037-06-17,Term 2 2037,3,2,0,50,0.8669,43.43,43
2037-06-18,Term 2 2037,3,3,0,50,0.8686,43.57,43
2037-06-19,Term 2 2037,3,4,0,50,0.861,43.14,42
2037-06-22,Term 2 2037,4,0,0,50,0.8567,42.86,40
2037-06-23,Term 2 2037,4,1,0,50,0.849,42.43,42
2037-06-24,Term 2 2037,4,2,0,50,0.8476,42.29,46
2037-06-25,Term 2 2037,4,3,0,50,0.8553,42.71,45
2037-06-26,Term 2 2037,4,4,0,50,0.8606,43.0,43
2037-06-29,Term 2 2037,5,0,0,50,0.8602,43.0,42
2037-06-30,Term 2 2037,5,1,0,50,0.8572,42.86,45
2037-07-01,Term 2 2037,5,2,0,50,0.8646,43.29,44
2037-07-02,Term 2 2037,5,3,0,50,0.8761,43.86,42
2037-07-03,Term 2 2037,5,4,0,50,0.8754,43.86,42
2037-07-06,Term 2 2037,6,0,0,50,0.8647,43.29,42
2037-07-07,Term 2 2037,6,1,0,50,0.8569,42.86,44
2037-07-08,Term 2 2037,6,2,0,50,0.8607,43.0,46
2037-07-09,Term 2 2037,6,3,0,50,0.872,43.57,46
2037-07-10,Term 2 2037,6,4,0,50,0.8736,43.71,43
2037-07-13,Term 2 2037,7,0,0,50,0.8716,43.57,41
2037-07-14,Term 2 2037,7,1,0,50,0.8696,43.43,46
2037-07-15,Term 2 2037,7,2,0,50,0.881,44.0,46
2037-07-16,Term 2 2037,7,3,0,50,0.8916,44.57,43
2037-07-17,Term 2 2037,7,4,0,50,0.8891,44.43,41
2037-07-20,Term 2 2037,8,0,0,50,0.8747,43.71,42
2037-07-21,Term 2 2037,8,1,0,50,0.8639,43.14,42
2037-07-22,Term 2 2037,8,2,0,50,0.8603,43.0,45
2037-07-23,Term 2 2037,8,3,0,50,0.8709,43.57,44
2037-07-24,Term 2 2037,8,4,0,50,0.8652,43.29,42
2037-07-27,Term 2 2037,9,0,0,50,0.8552,42.71,42
2037-07-28,Term 2 2037,9,1,0,50,0.8506,42.57,44
2037-07-29,Term 2 2037,9,2,0,50,0.8582,43.0,45
2037-07-30,Term 2 2037,9,3,0,50,0.8666,43.43,43
2037-07-31,Term 2 2037,9,4,0,50,0.868,43.57,44
2037-08-03,Term 2 2037,10,0,0,50,0.8643,43.43,42
2037-08-04,Term 2 2037,10,1,0,50,0.8597,43.14,44
2037-08-05,Term 2 2037,10,2,0,50,0.8645,43.43,45
2037-08-06,Term 2 2037,10,3,0,50,0.8738,43.86,42
2037-08-07,Term 2 2037,10,4,0,50,0.8694,43.57,41
2037-08-10,Term 2 2037,11,0,0,50,0.8582,43.0,42
2037-08-11,Term 2 2037,11,1,0,50,0.8557,42.86,43
2037-08-12,Term 2 2037,11,2,0,50,0.854,42.71,44
2037-08-13,Term 2 2037,11,3,0,50,0.8602,43.0,43
2037-08-14,Term 2 2037,11,4,0,50,0.8579,42.86,42
2037-08-17,Term 2 2037,12,0,1,50,0.8506,42.43,34
2037-08-18,Term 2 2037,12,1,1,50,0.8289,41.29,38
2037-08-19,Term 2 2037,12,2,1,50,0.8204,40.86,38
2037-08-20,Term 2 2037,12,3,1,50,0.8108,40.29,37
2037-08-21,Term 2 2037,12,4,1,50,0.7941,39.43,36
2037-08-24,Term 2 2037,13,0,1,50,0.7699,38.29,34
2037-08-25,Term 2 2037,13,1,1,50,0.7451,37.0,39
2037-08-26,Term 2 2037,13,2,1,50,0.7354,36.57,37
2037-08-27,Term 2 2037,13,3,1,50,0.7441,37.0,39
2037-08-28,Term 2 2037,13,4,1,50,0.7485,37.14,35
2037-09-14,Term 3 2037,1,0,0,50,0.7389,36.71,36
2037-09-15,Term 3 2037,1,1,0,50,0.7354,36.57,39
2037-09-16,Term 3 2037,1,2,0,50,0.7426,37.0,40
2037-09-17,Term 3 2037,1,3,0,50,0.7597,37.86,39
2037-09-18,Term 3 2037,1,4,0,50,0.76,37.86,36
2037-09-21,Term 3 2037,2,0,0,50,0.7569,37.71,41
2037-09-22,Term 3 2037,2,1,0,50,0.7602,38.0,43
2037-09-23,Term 3 2037,2,2,0,50,0.7825,39.14,44
2037-09-24,Term 3 2037,2,3,0,50,0.804,40.29,44
2037-09-25,Term 3 2037,2,4,0,50,0.8183,41.0,41
2037-09-28,Term 3 2037,3,0,0,50,0.8191,41.14,43
2037-09-29,Term 3 2037,3,1,0,50,0.8317,41.71,43
2037-09-30,Term 3 2037,3,2,0,50,0.8494,42.71,45
2037-10-01,Term 3 2037,3,3,0,50,0.8627,43.29,43
2037-10-02,Term 3 2037,3,4,0,50,0.862,43.29,42
2037-10-05,Term 3 2037,4,0,0,50,0.8571,43.0,43
2037-10-06,Term 3 2037,4,1,0,50,0.8569,42.86,45
2037-10-07,Term 3 2037,4,2,0,50,0.8707,43.43,44
2037-10-08,Term 3 2037,4,3,0,50,0.8728,43.57,45
2037-10-09,Term 3 2037,4,4,0,50,0.8793,43.86,43
2037-10-12,Term 3 2037,5,0,0,50,0.8734,43.57,41
2037-10-13,Term 3 2037,5,1,0,50,0.8676,43.29,44
2037-10-14,Term 3 2037,5,2,0,50,0.8741,43.57,44
2037-10-15,Term 3 2037,5,3,0,50,0.8763,43.71,44
2037-10-16,Term 3 2037,5,4,0,50,0.8712,43.57,43
2037-10-19,Term 3 2037,6,0,0,50,0.8674,43.43,40
2037-10-20,Term 3 2037,6,1,0,50,0.8527,42.71,45
2037-10-21,Term 3 2037,6,2,0,50,0.8588,43.0,44
2037-10-22,Term 3 2037,6,3,0,50,0.8679,43.43,45
2037-10-23,Term 3 2037,6,4,0,50,0.8687,43.57,42
2037-10-26,Term 3 2037,7,0,0,50,0.8616,43.29,41
2037-10-27,Term 3 2037,7,1,0,50,0.8538,42.86,43
2037-10-28,Term 3 2037,7,2,0,50,0.8557,42.86,44
2037-10-29,Term 3 2037,7,3,0,50,0.8686,43.43,46
2037-10-30,Term 3 2037,7,4,0,50,0.8699,43.57,41
2037-11-02,Term 3 2037,8,0,0,50,0.8617,43.14,40
2037-11-03,Term 3 2037,8,1,0,50,0.8476,42.43,42
2037-11-04,Term 3 2037,8,2,0,50,0.8496,42.43,45
2037-11-05,Term 3 2037,8,3,0,50,0.8628,43.0,46
2037-11-06,Term 3 2037,8,4,0,50,0.8697,43.43,41
2037-11-09,Term 3 2037,9,0,0,50,0.8598,43.0,42
2037-11-10,Term 3 2037,9,1,0,50,0.8486,42.43,45
2037-11-11,Term 3 2037,9,2,0,50,0.8588,43.0,43
2037-11-12,Term 3 2037,9,3,0,50,0.8677,43.43,45
2037-11-13,Term 3 2037,9,4,0,50,0.8752,43.86,41
2037-11-16,Term 3 2037,10,0,0,50,0.8637,43.29,42
2037-11-17,Term 3 2037,10,1,0,50,0.8532,42.71,44
2037-11-18,Term 3 2037,10,2,0,50,0.8622,43.14,45
2037-11-19,Term 3 2037,10,3,0,50,0.8712,43.57,46
2037-11-20,Term 3 2037,10,4,0,50,0.874,43.71,42
2037-11-23,Term 3 2037,11,0,0,50,0.8706,43.57,41
2037-11-24,Term 3 2037,11,1,0,50,0.8578,43.0,45
2037-11-25,Term 3 2037,11,2,0,50,0.8667,43.57,43
2037-11-26,Term 3 2037,11,3,0,50,0.8678,43.71,43
2037-11-27,Term 3 2037,11,4,0,50,0.8641,43.57,43
2037-11-30,Term 3 2037,12,0,1,50,0.8592,43.29,35
2037-12-01,Term 3 2037,12,1,1,50,0.8286,41.71,39
2037-12-02,Term 3 2037,12,2,1,50,0.8201,41.29,38
2037-12-03,Term 3 2037,12,3,1,50,0.8133,40.86,39
2037-12-04,Term 3 2037,12,4,1,50,0.7987,40.0,34
2037-12-07,Term 3 2037,13,0,1,50,0.775,38.71,34
2037-12-08,Term 3 2037,13,1,1,50,0.7506,37.43,37
2037-12-09,Term 3 2037,13,2,1,50,0.7326,36.57,37
2037-12-10,Term 3 2037,13,3,1,50,0.7395,36.86,37
2037-12-11,Term 3 2037,13,4,1,50,0.7356,36.57,35
2037-12-28,Term 1 2037,1,0,0,50,0.7264,36.14,38
2037-12-29,Term 1 2037,1,1,0,50,0.7227,36.0,39
2037-12-30,Term 1 2037,1,2,0,50,0.7364,36.71,40
2037-12-31,Term 1 2037,1,3,0,50,0.7525,37.57,41
2038-01-01,Term 1 2037,1,4,0,50,0.7654,38.14,37
2038-01-04,Term 1 2037,2,0,0,50,0.766,38.14,42
2038-01-05,Term 1 2037,2,1,0,50,0.7793,38.86,46
2038-01-06,Term 1 2037,2,2,0,50,0.8102,40.43,44
2038-01-07,Term 1 2037,2,3,0,50,0.8261,41.29,43
2038-01-08,Term 1 2037,2,4,0,50,0.8365,41.86,40
2038-01-11,Term 1 2037,3,0,0,50,0.8374,41.86,42
2038-01-12,Term 1 2037,3,1,0,50,0.8402,42.0,45
2038-01-13,Term 1 2037,3,2,0,50,0.8607,43.14,46
2038-01-14,Term 1 2037,3,3,0,50,0.8719,43.71,45
2038-01-15,Term 1 2037,3,4,0,50,0.8689,43.57,40
2038-01-18,Term 1 2037,4,0,0,50,0.8593,43.0,40
2038-01-19,Term 1 2037,4,1,0,50,0.852,42.57,42
2038-01-20,Term 1 2037,4,2,0,50,0.8586,42.86,42
2038-01-21,Term 1 2037,4,3,0,50,0.8582,42.86,46
2038-01-22,Term 1 2037,4,4,0,50,0.8607,43.0,42
2038-01-25,Term 1 2037,5,0,0,50,0.8505,42.43,40
2038-01-26,Term 1 2037,5,1,0,50,0.8356,41.71,44
2038-01-27,Term 1 2037,5,2,0,50,0.845,42.29,45
2038-01-28,Term 1 2037,5,3,0,50,0.8589,43.0,42
2038-01-29,Term 1 2037,5,4,0,50,0.8587,43.0,41
2038-02-01,Term 1 2037,6,0,0,50,0.8553,42.86,40
2038-02-02,Term 1 2037,6,1,0,50,0.8399,42.0,45
2038-02-03,Term 1 2037,6,2,0,50,0.8468,42.43,46
2038-02-04,Term 1 2037,6,3,0,50,0.8638,43.29,43
2038-02-05,Term 1 2037,6,4,0,50,0.8627,43.14,41
2038-02-08,Term 1 2037,7,0,0,50,0.8511,42.57,41
2038-02-09,Term 1 2037,7,1,0,50,0.8463,42.43,45
2038-02-10,Term 1 2037,7,2,0,50,0.8561,43.0,43
2038-02-11,Term 1 2037,7,3,0,50,0.863,43.43,45
2038-02-12,Term 1 2037,7,4,0,50,0.8651,43.43,40
2038-02-15,Term 1 2037,8,0,0,50,0.8496,42.57,42
2038-02-16,Term 1 2037,8,1,0,50,0.8465,42.43,45
2038-02-17,Term 1 2037,8,2,0,50,0.8592,43.0,43
2038-02-18,Term 1 2037,8,3,0,50,0.8668,43.29,44
2038-02-19,Term 1 2037,8,4,0,50,0.8651,43.14,44
2038-02-22,Term 1 2037,9,0,0,50,0.8691,43.29,42
2038-02-23,Term 1 2037,9,1,0,50,0.8585,42.86,43
2038-02-24,Term 1 2037,9,2,0,50,0.867,43.29,44
2038-02-25,Term 1 2037,9,3,0,50,0.8716,43.57,46
2038-02-26,Term 1 2037,9,4,0,50,0.8729,43.71,43
2038-03-01,Term 1 2037,10,0,0,50,0.8714,43.71,40
2038-03-02,Term 1 2037,10,1,0,50,0.8609,43.14,44
2038-03-03,Term 1 2037,10,2,0,50,0.8623,43.14,45
2038-03-04,Term 1 2037,10,3,0,50,0.8705,43.57,45
2038-03-05,Term 1 2037,10,4,0,50,0.8746,43.86,42
2038-03-08,Term 1 2037,11,0,0,50,0.8703,43.57,42
2038-03-09,Term 1 2037,11,1,0,50,0.858,43.0,45
2038-03-10,Term 1 2037,11,2,0,50,0.8631,43.29,43
2038-03-11,Term 1 2037,11,3,0,50,0.8717,43.71,43
2038-03-12,Term 1 2037,11,4,0,50,0.8689,43.57,42
2038-03-15,Term 1 2037,12,0,1,50,0.8621,43.14,37
2038-03-16,Term 1 2037,12,1,1,50,0.8398,42.0,38
2038-03-17,Term 1 2037,12,2,1,50,0.8269,41.43,37
2038-03-18,Term 1 2037,12,3,1,50,0.8151,40.71,37
2038-03-19,Term 1 2037,12,4,1,50,0.7937,39.57,35
2038-03-22,Term 1 2037,13,0,1,50,0.7707,38.43,34
2038-03-23,Term 1 2037,13,1,1,50,0.7425,37.14,39
2038-03-24,Term 1 2037,13,2,1,50,0.7342,36.71,39
2038-03-25,Term 1 2037,13,3,1,50,0.7418,37.0,37
2038-03-26,Term 1 2037,13,4,1,50,0.7407,36.86,36
2038-04-12,Term 2 2038,1,0,0,50,0.7362,36.71,36
2038-04-13,Term 2 2038,1,1,0,50,0.7319,36.57,42
2038-04-14,Term 2 2038,1,2,0,50,0.7504,37.57,42
2038-04-15,Term 2 2038,1,3,0,50,0.774,38.71,40
2038-04-16,Term 2 2038,1,4,0,50,0.7759,38.86,36
2038-04-19,Term 2 2038,2,0,0,50,0.7663,38.43,41
2038-04-20,Term 2 2038,2,1,0,50,0.7773,39.0,43
2038-04-21,Term 2 2038,2,2,0,50,0.7981,40.0,43
2038-04-22,Term 2 2038,2,3,0,50,0.8193,41.0,42
2038-04-23,Term 2 2038,2,4,0,50,0.8202,41.0,41
2038-04-26,Term 2 2038,3,0,0,50,0.8194,40.86,41
2038-04-27,Term 2 2038,3,1,0,50,0.8229,41.0,44
2038-04-28,Term 2 2038,3,2,0,50,0.8464,42.14,44
2038-04-29,Term 2 2038,3,3,0,50,0.8531,42.57,43
2038-04-30,Term 2 2038,3,4,0,50,0.8516,42.57,43
2038-05-03,Term 2 2038,4,0,0,50,0.8517,42.57,41
2038-05-04,Term 2 2038,4,1,0,50,0.8489,42.43,44
2038-05-05,Term 2 2038,4,2,0,50,0.8547,42.86,43
2038-05-06,Term 2 2038,4,3,0,50,0.8601,43.14,44
2038-05-07,Term 2 2038,4,4,0,50,0.8586,43.14,41
2038-05-10,Term 2 2038,5,0,0,50,0.8511,42.71,43
2038-05-11,Term 2 2038,5,1,0,50,0.8508,42.71,46
2038-05-12,Term 2 2038,5,2,0,50,0.8585,43.14,45
2038-05-13,Term 2 2038,5,3,0,50,0.8704,43.71,45
2038-05-14,Term 2 2038,5,4,0,50,0.8739,43.86,41
2038-05-17,Term 2 2038,6,0,0,50,0.8685,43.57,42
2038-05-18,Term 2 2038,6,1,0,50,0.865,43.29,45
2038-05-19,Term 2 2038,6,2,0,50,0.8772,43.86,44
2038-05-20,Term 2 2038,6,3,0,50,0.8803,44.0,45
2038-05-21,Term 2 2038,6,4,0,50,0.8797,43.86,41
2038-05-24,Term 2 2038,7,0,0,50,0.8668,43.29,41
2038-05-25,Term 2 2038,7,1,0,50,0.8551,42.71,45
2038-05-26,Term 2 2038,7,2,0,50,0.8649,43.29,44
2038-05-27,Term 2 2038,7,3,0,50,0.8706,43.57,43
2038-05-28,Term 2 2038,7,4,0,50,0.8645,43.29,42
2038-05-31,Term 2 2038,8,0,0,50,0.8612,43.0,40
2038-06-01,Term 2 2038,8,1,0,50,0.8464,42.29,42
2038-06-02,Term 2 2038,8,2,0,50,0.8503,42.43,42
2038-06-03,Term 2 2038,8,3,0,50,0.8547,42.57,44
2038-06-04,Term 2 2038,8,4,0,50,0.8535,42.43,41
2038-06-07,Term 2 2038,9,0,0,50,0.8428,42.0,40
2038-06-08,Term 2 2038,9,1,0,50,0.8338,41.57,43
2038-06-09,Term 2 2038,9,2,0,50,0.8354,41.71,45
2038-06-10,Term 2 2038,9,3,0,50,0.8486,42.43,45
2038-06-11,Term 2 2038,9,4,0,50,0.8567,42.86,41
2038-06-14,Term 2 2038,10,0,0,50,0.8531,42.71,40
2038-06-15,Term 2 2038,10,1,0,50,0.8415,42.14,44
2038-06-16,Term 2 2038,10,2,0,50,0.8508,42.57,43
2038-06-17,Term 2 2038,10,3,0,50,0.8606,43.0,43
2038-06-18,Term 2 2038,10,4,0,50,0.8611,43.0,43
2038-06-21,Term 2 2038,11,0,0,50,0.8564,42.71,43
2038-06-22,Term 2 2038,11,1,0,50,0.8523,42.43,44
2038-06-23,Term 2 2038,11,2,0,50,0.8607,42.86,45
2038-06-24,Term 2 2038,11,3,0,50,0.8751,43.57,43
2038-06-25,Term 2 2038,11,4,0,50,0.8733,43.43,43
2038-06-28,Term 2 2038,12,0,1,50,0.8733,43.43,37
2038-06-29,Term 2 2038,12,1,1,50,0.8563,42.57,36
2038-06-30,Term 2 2038,12,2,1,50,0.8364,41.57,39
2038-07-01,Term 2 2038,12,3,1,50,0.8239,41.0,36
2038-07-02,Term 2 2038,12,4,1,50,0.8022,39.86,36
2038-07-05,Term 2 2038,13,0,1,50,0.7757,38.57,34
2038-07-06,Term 2 2038,13,1,1,50,0.7498,37.29,39
2038-07-07,Term 2 2038,13,2,1,50,0.7384,36.71,39
2038-07-08,Term 2 2038,13,3,1,50,0.744,37.0,39
2038-07-09,Term 2 2038,13,4,1,50,0.7528,37.43,34
2038-07-26,Term 3 2038,1,0,0,50,0.7396,36.71,39
2038-07-27,Term 3 2038,1,1,0,50,0.7462,37.14,39
2038-07-28,Term 3 2038,1,2,0,50,0.7551,37.57,41
2038-07-29,Term 3 2038,1,3,0,50,0.7746,38.57,40
2038-07-30,Term 3 2038,1,4,0,50,0.7757,38.71,39
2038-08-02,Term 3 2038,2,0,0,50,0.7748,38.71,40
2038-08-03,Term 3 2038,2,1,0,50,0.7757,38.86,44
2038-08-04,Term 3 2038,2,2,0,50,0.8024,40.29,45
2038-08-05,Term 3 2038,2,3,0,50,0.821,41.14,44
2038-08-06,Term 3 2038,2,4,0,50,0.8356,41.86,44
2038-08-09,Term 3 2038,3,0,0,50,0.8437,42.29,41
2038-08-10,Term 3 2038,3,1,0,50,0.8483,42.43,45
2038-08-11,Term 3 2038,3,2,0,50,0.8648,43.29,43
2038-08-12,Term 3 2038,3,3,0,50,0.8752,43.71,43
2038-08-13,Term 3 2038,3,4,0,50,0.8736,43.57,43
2038-08-16,Term 3 2038,4,0,0,50,0.8662,43.29,40
2038-08-17,Term 3 2038,4,1,0,50,0.8536,42.71,46
2038-08-18,Term 3 2038,4,2,0,50,0.8588,43.0,44
2038-08-19,Term 3 2038,4,3,0,50,0.8665,43.43,43
2038-08-20,Term 3 2038,4,4,0,50,0.8616,43.14,43
2038-08-23,Term 3 2038,5,0,0,50,0.8597,43.14,40
2038-08-24,Term 3 2038,5,1,0,50,0.8511,42.71,46
2038-08-25,Term 3 2038,5,2,0,50,0.8598,43.14,45
2038-08-26,Term 3 2038,5,3,0,50,0.8763,43.86,43
2038-08-27,Term 3 2038,5,4,0,50,0.8681,43.43,40
2038-08-30,Term 3 2038,6,0,0,50,0.8577,42.86,42
2038-08-31,Term 3 2038,6,1,0,50,0.8549,42.71,43
2038-09-01,Term 3 2038,6,2,0,50,0.857,42.71,43
2038-09-02,Term 3 2038,6,3,0,50,0.8638,43.14,43
2038-09-03,Term 3 2038,6,4,0,50,0.8568,42.71,40
2038-09-06,Term 3 2038,7,0,0,50,0.8426,42.0,43
2038-09-07,Term 3 2038,7,1,0,50,0.842,42.0,42
2038-09-08,Term 3 2038,7,2,0,50,0.8465,42.29,42
2038-09-09,Term 3 2038,7,3,0,50,0.8469,42.29,45
2038-09-10,Term 3 2038,7,4,0,50,0.8521,42.57,42
2038-09-13,Term 3 2038,8,0,0,50,0.8499,42.43,42
2038-09-14,Term 3 2038,8,1,0,50,0.8465,42.29,43
2038-09-15,Term 3 2038,8,2,0,50,0.855,42.71,42
2038-09-16,Term 3 2038,8,3,0,50,0.8542,42.57,43
2038-09-17,Term 3 2038,8,4,0,50,0.8559,42.71,40
2038-09-20,Term 3 2038,9,0,0,50,0.8507,42.43,42
2038-09-21,Term 3 2038,9,1,0,50,0.8417,42.0,46
2038-09-22,Term 3 2038,9,2,0,50,0.8526,42.57,46
2038-09-23,Term 3 2038,9,3,0,50,0.8644,43.14,45
2038-09-24,Term 3 2038,9,4,0,50,0.8673,43.43,40
2038-09-27,Term 3 2038,10,0,0,50,0.8612,43.14,42
2038-09-28,Term 3 2038,10,1,0,50,0.8596,43.0,45
2038-09-29,Term 3 2038,10,2,0,50,0.8723,43.71,45
2038-09-30,Term 3 2038,10,3,0,50,0.8814,44.14,43
2038-10-01,Term 3 2038,10,4,0,50,0.8722,43.71,41
2038-10-04,Term 3 2038,11,0,0,50,0.8578,43.0,43
2038-10-05,Term 3 2038,11,1,0,50,0.8547,42.71,45
2038-10-06,Term 3 2038,11,2,0,50,0.8688,43.43,45
2038-10-07,Term 3 2038,11,3,0,50,0.8772,43.86,45
2038-10-08,Term 3 2038,11,4,0,50,0.8784,43.86,42
2038-10-11,Term 3 2038,12,0,1,50,0.8686,43.43,34
2038-10-12,Term 3 2038,12,1,1,50,0.8451,42.14,39
2038-10-13,Term 3 2038,12,2,1,50,0.8389,41.86,37
2038-10-14,Term 3 2038,12,3,1,50,0.8218,41.0,37
2038-10-15,Term 3 2038,12,4,1,50,0.7971,39.86,38
2038-10-18,Term 3 2038,13,0,1,50,0.7759,38.86,35
2038-10-19,Term 3 2038,13,1,1,50,0.748,37.43,38
2038-10-20,Term 3 2038,13,2,1,50,0.7365,36.86,37
2038-10-21,Term 3 2038,13,3,1,50,0.7448,37.29,39
2038-10-22,Term 3 2038,13,4,1,50,0.7449,37.29,35
2038-11-08,Term 1 2038,1,0,0,50,0.7373,37.0,36
2038-11-09,Term 1 2038,1,1,0,50,0.7365,36.86,39
2038-11-10,Term 1 2038,1,2,0,50,0.7416,37.0,41
2038-11-11,Term 1 2038,1,3,0,50,0.7573,37.86,39
2038-11-12,Term 1 2038,1,4,0,50,0.7611,38.0,39
2038-11-15,Term 1 2038,2,0,0,50,0.7673,38.29,43
2038-11-16,Term 1 2038,2,1,0,50,0.7797,38.86,44
2038-11-17,Term 1 2038,2,2,0,50,0.8068,40.14,42
2038-11-18,Term 1 2038,2,3,0,50,0.824,41.0,43
2038-11-19,Term 1 2038,2,4,0,50,0.8332,41.57,41
2038-11-22,Term 1 2038,3,0,0,50,0.834,41.57,41
2038-11-23,Term 1 2038,3,1,0,50,0.8381,41.86,43
2038-11-24,Term 1 2038,3,2,0,50,0.85,42.43,42
2038-11-25,Term 1 2038,3,3,0,50,0.8467,42.29,45
2038-11-26,Term 1 2038,3,4,0,50,0.8476,42.43,42
2038-11-29,Term 1 2038,4,0,0,50,0.8454,42.43,40
2038-11-30,Term 1 2038,4,1,0,50,0.8386,42.0,42
2038-12-01,Term 1 2038,4,2,0,50,0.8412,42.14,45
2038-12-02,Term 1 2038,4,3,0,50,0.8551,42.71,45
2038-12-03,Term 1 2038,4,4,0,50,0.8598,43.0,41
2038-12-06,Term 1 2038,5,0,0,50,0.8568,42.86,42
2038-12-07,Term 1 2038,5,1,0,50,0.8506,42.43,45
2038-12-08,Term 1 2038,5,2,0,50,0.8595,42.86,44
2038-12-09,Term 1 2038,5,3,0,50,0.8707,43.43,44
2038-12-10,Term 1 2038,5,4,0,50,0.8749,43.71,42
2038-12-13,Term 1 2038,6,0,0,50,0.8654,43.29,41
2038-12-14,Term 1 2038,6,1,0,50,0.855,42.71,44
2038-12-15,Term 1 2038,6,2,0,50,0.8643,43.14,44
2038-12-16,Term 1 2038,6,3,0,50,0.8702,43.43,43
2038-12-17,Term 1 2038,6,4,0,50,0.8664,43.14,43
2038-12-20,Term 1 2038,7,0,0,50,0.8618,43.0,40
2038-12-21,Term 1 2038,7,1,0,50,0.8515,42.43,44
2038-12-22,Term 1 2038,7,2,0,50,0.8572,42.71,42
2038-12-23,Term 1 2038,7,3,0,50,0.8595,42.86,45
2038-12-24,Term 1 2038,7,4,0,50,0.8627,43.0,41
2038-12-27,Term 1 2038,8,0,0,50,0.8515,42.57,43
2038-12-28,Term 1 2038,8,1,0,50,0.8506,42.57,43
2038-12-29,Term 1 2038,8,2,0,50,0.8513,42.57,44
2038-12-30,Term 1 2038,8,3,0,50,0.8628,43.14,42
2038-12-31,Term 1 2038,8,4,0,50,0.8579,42.86,42
2039-01-03,Term 1 2038,9,0,0,50,0.858,42.86,43
2039-01-04,Term 1 2038,9,1,0,50,0.8508,42.57,45
2039-01-05,Term 1 2038,9,2,0,50,0.8626,43.14,44
2039-01-06,Term 1 2038,9,3,0,50,0.8657,43.29,45
2039-01-07,Term 1 2038,9,4,0,50,0.8714,43.57,41
2039-01-10,Term 1 2038,10,0,0,50,0.8631,43.14,41
2039-01-11,Term 1 2038,10,1,0,50,0.859,43.0,44
2039-01-12,Term 1 2038,10,2,0,50,0.8651,43.29,42
2039-01-13,Term 1 2038,10,3,0,50,0.8635,43.14,46
2039-01-14,Term 1 2038,10,4,0,50,0.8667,43.29,41
2039-01-17,Term 1 2038,11,0,0,50,0.8573,42.86,41
2039-01-18,Term 1 2038,11,1,0,50,0.8478,42.29,46
2039-01-19,Term 1 2038,11,2,0,50,0.8607,43.0,42
2039-01-20,Term 1 2038,11,3,0,50,0.8646,43.14,45
2039-01-21,Term 1 2038,11,4,0,50,0.8668,43.29,40
2039-01-24,Term 1 2038,12,0,1,50,0.861,43.0,36
2039-01-25,Term 1 2038,12,1,1,50,0.8325,41.57,40
2039-01-26,Term 1 2038,12,2,1,50,0.8294,41.43,38
2039-01-27,Term 1 2038,12,3,1,50,0.8185,41.0,37
2039-01-28,Term 1 2038,12,4,1,50,0.7954,39.71,37
2039-01-31,Term 1 2038,13,0,1,50,0.7797,39.0,37
2039-02-01,Term 1 2038,13,1,1,50,0.7557,37.86,37
2039-02-02,Term 1 2038,13,2,1,50,0.7466,37.43,36
2039-02-03,Term 1 2038,13,3,1,50,0.7479,37.43,36
2039-02-04,Term 1 2038,13,4,1,50,0.7379,36.86,35
2039-02-21,Term 2 2039,1,0,0,50,0.7309,36.43,39
2039-02-22,Term 2 2039,1,1,0,50,0.7361,36.71,42
2039-02-23,Term 2 2039,1,2,0,50,0.7504,37.43,38
2039-02-24,Term 2 2039,1,3,0,50,0.755,37.57,41
2039-02-25,Term 2 2039,1,4,0,50,0.7659,38.14,38
2039-02-28,Term 2 2039,2,0,0,50,0.7715,38.43,40
2039-03-01,Term 2 2039,2,1,0,50,0.7829,39.0,44
2039-03-02,Term 2 2039,2,2,0,50,0.8083,40.29,43
2039-03-03,Term 2 2039,2,3,0,50,0.8189,40.86,45
2039-03-04,Term 2 2039,2,4,0,50,0.8265,41.29,41
2039-03-07,Term 2 2039,3,0,0,50,0.8331,41.71,42
2039-03-08,Term 2 2039,3,1,0,50,0.8377,41.86,44
2039-03-09,Term 2 2039,3,2,0,50,0.8535,42.71,42
2039-03-10,Term 2 2039,3,3,0,50,0.8597,43.0,45
2039-03-11,Term 2 2039,3,4,0,50,0.861,43.14,41
2039-03-14,Term 2 2039,4,0,0,50,0.8565,42.86,41
2039-03-15,Term 2 2039,4,1,0,50,0.8475,42.29,45
2039-03-16,Term 2 2039,4,2,0,50,0.8587,42.86,46
2039-03-17,Term 2 2039,4,3,0,50,0.8674,43.43,43
2039-03-18,Term 2 2039,4,4,0,50,0.8646,43.29,41
2039-03-21,Term 2 2039,5,0,0,50,0.8597,43.14,41
2039-03-22,Term 2 2039,5,1,0,50,0.8498,42.57,43
2039-03-23,Term 2 2039,5,2,0,50,0.8553,42.86,43
2039-03-24,Term 2 2039,5,3,0,50,0.859,43.14,46
2039-03-25,Term 2 2039,5,4,0,50,0.8629,43.29,42
2039-03-28,Term 2 2039,6,0,0,50,0.8521,42.71,41
2039-03-29,Term 2 2039,6,1,0,50,0.8471,42.43,43
2039-03-30,Term 2 2039,6,2,0,50,0.8544,42.71,46
2039-03-31,Term 2 2039,6,3,0,50,0.8682,43.43,43
2039-04-01,Term 2 2039,6,4,0,50,0.8681,43.43,41
2039-04-04,Term 2 2039,7,0,0,50,0.8648,43.14,43
2039-04-05,Term 2 2039,7,1,0,50,0.855,42.71,44
2039-04-06,Term 2 2039,7,2,0,50,0.8606,43.0,45
2039-04-07,Term 2 2039,7,3,0,50,0.872,43.57,44
2039-04-08,Term 2 2039,7,4,0,50,0.8753,43.71,42
2039-04-11,Term 2 2039,8,0,0,50,0.8647,43.14,40
2039-04-12,Term 2 2039,8,1,0,50,0.8563,42.71,45
2039-04-13,Term 2 2039,8,2,0,50,0.8665,43.29,46
2039-04-14,Term 2 2039,8,3,0,50,0.8755,43.71,43
2039-04-15,Term 2 2039,8,4,0,50,0.8735,43.57,44
2039-04-18,Term 2 2039,9,0,0,50,0.8705,43.43,41
2039-04-19,Term 2 2039,9,1,0,50,0.8615,43.0,44
2039-04-20,Term 2 2039,9,2,0,50,0.8653,43.29,45
2039-04-21,Term 2 2039,9,3,0,50,0.8783,44.0,46
2039-04-22,Term 2 2039,9,4,0,50,0.8808,44.14,42
2039-04-25,Term 2 2039,10,0,0,50,0.8713,43.57,42
2039-04-26,Term 2 2039,10,1,0,50,0.8672,43.43,46
2039-04-27,Term 2 2039,10,2,0,50,0.8733,43.71,43
2039-04-28,Term 2 2039,10,3,0,50,0.8787,44.0,43
2039-04-29,Term 2 2039,10,4,0,50,0.8776,43.86,41
2039-05-02,Term 2 2039,11,0,0,50,0.8662,43.29,43
2039-05-03,Term 2 2039,11,1,0,50,0.8576,42.86,42
2039-05-04,Term 2 2039,11,2,0,50,0.8567,42.86,45
2039-05-05,Term 2 2039,11,3,0,50,0.8673,43.29,45
2039-05-06,Term 2 2039,11,4,0,50,0.8639,43.14,41
2039-05-09,Term 2 2039,12,0,1,50,0.8579,42.86,36
2039-05-10,Term 2 2039,12,1,1,50,0.8365,41.86,38
2039-05-11,Term 2 2039,12,2,1,50,0.8289,41.43,40
2039-05-12,Term 2 2039,12,3,1,50,0.8197,41.0,37
2039-05-13,Term 2 2039,12,4,1,50,0.8041,40.29,34
2039-05-16,Term 2 2039,13,0,1,50,0.7722,38.71,35
2039-05-17,Term 2 2039,13,1,1,50,0.7441,37.29,37
2039-05-18,Term 2 2039,13,2,1,50,0.7311,36.71,37
2039-05-19,Term 2 2039,13,3,1,50,0.7361,36.86,38
2039-05-20,Term 2 2039,13,4,1,50,0.7364,36.86,35
2039-06-06,Term 3 2039,1,0,0,50,0.7228,36.14,39
2039-06-07,Term 3 2039,1,1,0,50,0.7289,36.43,38
2039-06-08,Term 3 2039,1,2,0,50,0.7409,37.0,40
2039-06-09,Term 3 2039,1,3,0,50,0.7543,37.71,42
2039-06-10,Term 3 2039,1,4,0,50,0.7689,38.43,39
2039-06-13,Term 3 2039,2,0,0,50,0.7731,38.71,42
2039-06-14,Term 3 2039,2,1,0,50,0.7847,39.29,45
2039-06-15,Term 3 2039,2,2,0,50,0.814,40.71,43
2039-06-16,Term 3 2039,2,3,0,50,0.8252,41.29,45
2039-06-17,Term 3 2039,2,4,0,50,0.845,42.29,43
2039-06-20,Term 3 2039,3,0,0,50,0.8541,42.71,42
2039-06-21,Term 3 2039,3,1,0,50,0.8545,42.71,46
2039-06-22,Term 3 2039,3,2,0,50,0.8736,43.71,44
2039-06-23,Term 3 2039,3,3,0,50,0.8793,44.0,43
2039-06-24,Term 3 2039,3,4,0,50,0.8736,43.71,43
2039-06-27,Term 3 2039,4,0,0,50,0.8743,43.71,42
2039-06-28,Term 3 2039,4,1,0,50,0.8643,43.29,42
2039-06-29,Term 3 2039,4,2,0,50,0.863,43.14,42
2039-06-30,Term 3 2039,4,3,0,50,0.8642,43.14,45
2039-07-01,Term 3 2039,4,4,0,50,0.8627,43.0,41
2039-07-04,Term 3 2039,5,0,0,50,0.8541,42.57,43
2039-07-05,Term 3 2039,5,1,0,50,0.8529,42.57,44
2039-07-06,Term 3 2039,5,2,0,50,0.855,42.71,45
2039-07-07,Term 3 2039,5,3,0,50,0.8655,43.14,45
2039-07-08,Term 3 2039,5,4,0,50,0.8745,43.57,41
2039-07-11,Term 3 2039,6,0,0,50,0.8708,43.43,42
2039-07-12,Term 3 2039,6,1,0,50,0.8623,43.0,44
2039-07-13,Term 3 2039,6,2,0,50,0.8709,43.43,42
2039-07-14,Term 3 2039,6,3,0,50,0.8688,43.29,45
2039-07-15,Term 3 2039,6,4,0,50,0.8729,43.43,42
2039-07-18,Term 3 2039,7,0,0,50,0.8617,43.0,41
2039-07-19,Term 3 2039,7,1,0,50,0.8481,42.43,42
2039-07-20,Term 3 2039,7,2,0,50,0.8517,42.57,44
2039-07-21,Term 3 2039,7,3,0,50,0.8575,42.86,43
2039-07-22,Term 3 2039,7,4,0,50,0.8524,42.71,42
2039-07-25,Term 3 2039,8,0,0,50,0.8523,42.71,40
2039-07-26,Term 3 2039,8,1,0,50,0.8388,42.0,42
2039-07-27,Term 3 2039,8,2,0,50,0.8407,42.0,45
2039-07-28,Term 3 2039,8,3,0,50,0.8527,42.57,44
2039-07-29,Term 3 2039,8,4,0,50,0.8567,42.86,42
2039-08-01,Term 3 2039,9,0,0,50,0.8499,42.57,42
2039-08-02,Term 3 2039,9,1,0,50,0.8479,42.43,44
2039-08-03,Term 3 2039,9,2,0,50,0.8536,42.71,43
2039-08-04,Term 3 2039,9,3,0,50,0.8608,43.14,43
2039-08-05,Term 3 2039,9,4,0,50,0.8635,43.29,42
2039-08-08,Term 3 2039,10,0,0,50,0.8539,42.86,40
2039-08-09,Term 3 2039,10,1,0,50,0.8438,42.29,42
2039-08-10,Term 3 2039,10,2,0,50,0.8454,42.29,44
2039-08-11,Term 3 2039,10,3,0,50,0.8523,42.57,42
2039-08-12,Term 3 2039,10,4,0,50,0.847,42.29,42
2039-08-15,Term 3 2039,11,0,0,50,0.8433,42.14,40
2039-08-16,Term 3 2039,11,1,0,50,0.8339,41.71,44
2039-08-17,Term 3 2039,11,2,0,50,0.8408,42.0,45
2039-08-18,Term 3 2039,11,3,0,50,0.8553,42.71,43
2039-08-19,Term 3 2039,11,4,0,50,0.8558,42.86,41
2039-08-22,Term 3 2039,12,0,1,50,0.8451,42.43,36
2039-08-23,Term 3 2039,12,1,1,50,0.8267,41.57,38
2039-08-24,Term 3 2039,12,2,1,50,0.8162,41.0,39
2039-08-25,Term 3 2039,12,3,1,50,0.8127,40.86,37
2039-08-26,Term 3 2039,12,4,1,50,0.7921,39.86,36
2039-08-29,Term 3 2039,13,0,1,50,0.7674,38.57,36
2039-08-30,Term 3 2039,13,1,1,50,0.7501,37.57,37
2039-08-31,Term 3 2039,13,2,1,50,0.7399,37.0,36
2039-09-01,Term 3 2039,13,3,1,50,0.7415,37.0,39
2039-09-02,Term 3 2039,13,4,1,50,0.7448,37.14,35
2039-09-19,Term 1 2039,1,0,0,50,0.7353,36.57,39
2039-09-20,Term 1 2039,1,1,0,50,0.7422,36.86,38
2039-09-21,Term 1 2039,1,2,0,50,0.7476,37.14,41
2039-09-22,Term 1 2039,1,3,0,50,0.7597,37.86,40
2039-09-23,Term 1 2039,1,4,0,50,0.7675,38.29,37
2039-09-26,Term 1 2039,2,0,0,50,0.7707,38.43,41
2039-09-27,Term 1 2039,2,1,0,50,0.7755,38.71,44
2039-09-28,Term 1 2039,2,2,0,50,0.8014,40.0,42
2039-09-29,Term 1 2039,2,3,0,50,0.8097,40.43,43
2039-09-30,Term 1 2039,2,4,0,50,0.8236,41.14,44
2039-10-03,Term 1 2039,3,0,0,50,0.8329,41.57,42
2039-10-04,Term 1 2039,3,1,0,50,0.8394,41.86,46
2039-10-05,Term 1 2039,3,2,0,50,0.8639,43.14,44
2039-10-06,Term 1 2039,3,3,0,50,0.8724,43.57,43
2039-10-07,Term 1 2039,3,4,0,50,0.8673,43.43,40
2039-10-10,Term 1 2039,4,0,0,50,0.8618,43.14,43
2039-10-11,Term 1 2039,4,1,0,50,0.8605,43.14,43
2039-10-12,Term 1 2039,4,2,0,50,0.8572,43.0,43
2039-10-13,Term 1 2039,4,3,0,50,0.8616,43.14,45
2039-10-14,Term 1 2039,4,4,0,50,0.859,43.0,43
2039-10-17,Term 1 2039,5,0,0,50,0.8579,42.86,40
2039-10-18,Term 1 2039,5,1,0,50,0.8504,42.43,42
2039-10-19,Term 1 2039,5,2,0,50,0.8562,42.71,46
2039-10-20,Term 1 2039,5,3,0,50,0.8649,43.14,46
2039-10-21,Term 1 2039,5,4,0,50,0.8732,43.57,43
2039-10-24,Term 1 2039,6,0,0,50,0.8731,43.57,43
2039-10-25,Term 1 2039,6,1,0,50,0.8667,43.29,42
2039-10-26,Term 1 2039,6,2,0,50,0.8628,43.14,45
2039-10-27,Term 1 2039,6,3,0,50,0.8766,43.86,42
2039-10-28,Term 1 2039,6,4,0,50,0.8772,43.86,42
2039-10-31,Term 1 2039,7,0,0,50,0.8658,43.29,40
2039-11-01,Term 1 2039,7,1,0,50,0.8483,42.43,43
2039-11-02,Term 1 2039,7,2,0,50,0.8465,42.43,44
2039-11-03,Term 1 2039,7,3,0,50,0.8504,42.57,43
2039-11-04,Term 1 2039,7,4,0,50,0.8526,42.71,42
2039-11-07,Term 1 2039,8,0,0,50,0.8449,42.29,41
2039-11-08,Term 1 2039,8,1,0,50,0.8395,42.14,44
2039-11-09,Term 1 2039,8,2,0,50,0.8456,42.43,45
2039-11-10,Term 1 2039,8,3,0,50,0.8608,43.14,43
2039-11-11,Term 1 2039,8,4,0,50,0.86,43.14,43
2039-11-14,Term 1 2039,9,0,0,50,0.8562,43.0,40
2039-11-15,Term 1 2039,9,1,0,50,0.8469,42.57,44
2039-11-16,Term 1 2039,9,2,0,50,0.8533,42.86,45
2039-11-17,Term 1 2039,9,3,0,50,0.8651,43.43,42
2039-11-18,Term 1 2039,9,4,0,50,0.86,43.14,41
2039-11-21,Term 1 2039,10,0,0,50,0.8479,42.57,41
2039-11-22,Term 1 2039,10,1,0,50,0.8424,42.29,45
2039-11-23,Term 1 2039,10,2,0,50,0.8492,42.57,44
2039-11-24,Term 1 2039,10,3,0,50,0.8631,43.14,42
2039-11-25,Term 1 2039,10,4,0,50,0.8571,42.86,43
2039-11-28,Term 1 2039,11,0,0,50,0.8513,42.57,40
2039-11-29,Term 1 2039,11,1,0,50,0.8437,42.29,44
2039-11-30,Term 1 2039,11,2,0,50,0.8519,42.71,43
2039-12-01,Term 1 2039,11,3,0,50,0.8589,43.0,45
2039-12-02,Term 1 2039,11,4,0,50,0.8597,43.0,43
2039-12-05,Term 1 2039,12,0,1,50,0.8544,42.86,37
2039-12-06,Term 1 2039,12,1,1,50,0.8394,42.14,36
2039-12-07,Term 1 2039,12,2,1,50,0.8207,41.14,39
2039-12-08,Term 1 2039,12,3,1,50,0.8205,41.0,39
2039-12-09,Term 1 2039,12,4,1,50,0.8064,40.29,35
2039-12-12,Term 1 2039,13,0,1,50,0.7831,39.14,35
2039-12-13,Term 1 2039,13,1,1,50,0.7534,37.71,40
2039-12-14,Term 1 2039,13,2,1,50,0.7456,37.29,36
2039-12-15,Term 1 2039,13,3,1,50,0.744,37.14,37
2039-12-16,Term 1 2039,13,4,1,50,0.7474,37.29,37
2040-01-02,Term 2 2040,1,0,0,50,0.7417,37.0,38
2040-01-03,Term 2 2040,1,1,0,50,0.7389,36.86,39
2040-01-04,Term 2 2040,1,2,0,50,0.7498,37.43,40
2040-01-05,Term 2 2040,1,3,0,50,0.764,38.14,40
2040-01-06,Term 2 2040,1,4,0,50,0.7638,38.14,40
2040-01-09,Term 2 2040,2,0,0,50,0.7732,38.71,40
2040-01-10,Term 2 2040,2,1,0,50,0.7799,39.14,43
2040-01-11,Term 2 2040,2,2,0,50,0.7957,40.0,44
2040-01-12,Term 2 2040,2,3,0,50,0.8142,40.86,43
2040-01-13,Term 2 2040,2,4,0,50,0.8273,41.43,42
2040-01-16,Term 2 2040,3,0,0,50,0.8318,41.71,40
2040-01-17,Term 2 2040,3,1,0,50,0.8327,41.71,43
2040-01-18,Term 2 2040,3,2,0,50,0.8432,42.14,43
2040-01-19,Term 2 2040,3,3,0,50,0.8541,42.57,45
2040-01-20,Term 2 2040,3,4,0,50,0.8584,42.86,41
2040-01-23,Term 2 2040,4,0,0,50,0.8494,42.43,43
2040-01-24,Term 2 2040,4,1,0,50,0.8496,42.43,44
2040-01-25,Term 2 2040,4,2,0,50,0.8565,42.71,45
2040-01-26,Term 2 2040,4,3,0,50,0.8712,43.43,45
2040-01-27,Term 2 2040,4,4,0,50,0.8744,43.71,44
2040-01-30,Term 2 2040,5,0,0,50,0.8747,43.86,43
2040-01-31,Term 2 2040,5,1,0,50,0.8706,43.57,45
2040-02-01,Term 2 2040,5,2,0,50,0.8829,44.14,42
2040-02-02,Term 2 2040,5,3,0,50,0.8792,44.0,44
2040-02-03,Term 2 2040,5,4,0,50,0.8798,44.0,41
2040-02-06,Term 2 2040,6,0,0,50,0.868,43.43,40
2040-02-07,Term 2 2040,6,1,0,50,0.8554,42.71,46
2040-02-08,Term 2 2040,6,2,0,50,0.8614,43.0,45
2040-02-09,Term 2 2040,6,3,0,50,0.8658,43.29,42
2040-02-10,Term 2 2040,6,4,0,50,0.8575,42.86,42
2040-02-13,Term 2 2040,7,0,0,50,0.8558,42.86,43
2040-02-14,Term 2 2040,7,1,0,50,0.8533,42.71,44
2040-02-15,Term 2 2040,7,2,0,50,0.8628,43.14,45
2040-02-16,Term 2 2040,7,3,0,50,0.8754,43.86,43
2040-02-17,Term 2 2040,7,4,0,50,0.8677,43.43,41
2040-02-20,Term 2 2040,8,0,0,50,0.8573,42.86,40
2040-02-21,Term 2 2040,8,1,0,50,0.8509,42.57,46
2040-02-22,Term 2 2040,8,2,0,50,0.8633,43.14,46
2040-02-23,Term 2 2040,8,3,0,50,0.8699,43.57,43
2040-02-24,Term 2 2040,8,4,0,50,0.8666,43.43,42
2040-02-27,Term 2 2040,9,0,0,50,0.86,43.0,40
2040-02-28,Term 2 2040,9,1,0,50,0.8526,42.57,43
2040-02-29,Term 2 2040,9,2,0,50,0.8571,42.86,44
2040-03-01,Term 2 2040,9,3,0,50,0.8687,43.43,45
2040-03-02,Term 2 2040,9,4,0,50,0.8668,43.29,43
2040-03-05,Term 2 2040,10,0,0,50,0.8605,42.86,41
2040-03-06,Term 2 2040,10,1,0,50,0.8531,42.57,45
2040-03-07,Term 2 2040,10,2,0,50,0.8607,43.0,44
2040-03-08,Term 2 2040,10,3,0,50,0.8715,43.57,43
2040-03-09,Term 2 2040,10,4,0,50,0.8714,43.57,44
2040-03-12,Term 2 2040,11,0,0,50,0.8709,43.57,43
2040-03-13,Term 2 2040,11,1,0,50,0.8658,43.29,43
2040-03-14,Term 2 2040,11,2,0,50,0.8633,43.29,46
2040-03-15,Term 2 2040,11,3,0,50,0.8776,44.0,46
2040-03-16,Term 2 2040,11,4,0,50,0.88,44.14,41
2040-03-19,Term 2 2040,12,0,1,50,0.8719,43.71,36
2040-03-20,Term 2 2040,12,1,1,50,0.8525,42.71,40
2040-03-21,Term 2 2040,12,2,1,50,0.8405,42.14,36
2040-03-22,Term 2 2040,12,3,1,50,0.8207,41.14,37
2040-03-23,Term 2 2040,12,4,1,50,0.8055,40.29,38
2040-03-26,Term 2 2040,13,0,1,50,0.7821,39.14,36
2040-03-27,Term 2 2040,13,1,1,50,0.7556,37.71,39
2040-03-28,Term 2 2040,13,2,1,50,0.7493,37.43,40
2040-03-29,Term 2 2040,13,3,1,50,0.7601,38.0,38
2040-03-30,Term 2 2040,13,4,1,50,0.754,37.71,36
2040-04-16,Term 3 2040,1,0,0,50,0.7517,37.71,37
2040-04-17,Term 3 2040,1,1,0,50,0.7517,37.71,42
2040-04-18,Term 3 2040,1,2,0,50,0.7637,38.29,42
2040-04-19,Term 3 2040,1,3,0,50,0.7785,39.14,42
2040-04-20,Term 3 2040,1,4,0,50,0.7861,39.57,37
2040-04-23,Term 3 2040,2,0,0,50,0.7792,39.14,43
2040-04-24,Term 3 2040,2,1,0,50,0.7933,39.86,42
2040-04-25,Term 3 2040,2,2,0,50,0.8127,40.71,43
2040-04-26,Term 3 2040,2,3,0,50,0.8283,41.57,45
2040-04-27,Term 3 2040,2,4,0,50,0.8378,42.0,42
2040-04-30,Term 3 2040,3,0,0,50,0.8403,42.0,41
2040-05-01,Term 3 2040,3,1,0,50,0.837,41.86,44
2040-05-02,Term 3 2040,3,2,0,50,0.8575,42.86,43
2040-05-03,Term 3 2040,3,3,0,50,0.8584,42.86,43
2040-05-04,Term 3 2040,3,4,0,50,0.8598,43.0,43
2040-05-07,Term 3 2040,4,0,0,50,0.8598,43.0,41
2040-05-08,Term 3 2040,4,1,0,50,0.8481,42.43,45
2040-05-09,Term 3 2040,4,2,0,50,0.8547,42.86,44
2040-05-10,Term 3 2040,4,3,0,50,0.8642,43.29,44
2040-05-11,Term 3 2040,4,4,0,50,0.8635,43.29,42
2040-05-14,Term 3 2040,5,0,0,50,0.862,43.14,42
2040-05-15,Term 3 2040,5,1,0,50,0.8604,43.0,43
2040-05-16,Term 3 2040,5,2,0,50,0.8625,43.0,45
2040-05-17,Term 3 2040,5,3,0,50,0.8753,43.57,44
2040-05-18,Term 3 2040,5,4,0,50,0.873,43.43,41
2040-05-21,Term 3 2040,6,0,0,50,0.8634,43.0,40
2040-05-22,Term 3 2040,6,1,0,50,0.8528,42.43,42
2040-05-23,Term 3 2040,6,2,0,50,0.8519,42.43,45
2040-05-24,Term 3 2040,6,3,0,50,0.8597,42.86,42
2040-05-25,Term 3 2040,6,4,0,50,0.8556,42.71,41
2040-05-28,Term 3 2040,7,0,0,50,0.8432,42.14,41
2040-05-29,Term 3 2040,7,1,0,50,0.8352,41.71,45
2040-05-30,Term 3 2040,7,2,0,50,0.8478,42.29,46
2040-05-31,Term 3 2040,7,3,0,50,0.864,43.14,45
2040-06-01,Term 3 2040,7,4,0,50,0.8723,43.57,40
2040-06-04,Term 3 2040,8,0,0,50,0.8586,42.86,43
2040-06-05,Term 3 2040,8,1,0,50,0.8619,43.0,46
2040-06-06,Term 3 2040,8,2,0,50,0.8758,43.71,45
2040-06-07,Term 3 2040,8,3,0,50,0.8881,44.29,44
2040-06-08,Term 3 2040,8,4,0,50,0.8852,44.14,41
2040-06-11,Term 3 2040,9,0,0,50,0.8719,43.43,41
2040-06-12,Term 3 2040,9,1,0,50,0.8614,42.86,43
2040-06-13,Term 3 2040,9,2,0,50,0.8691,43.29,44
2040-06-14,Term 3 2040,9,3,0,50,0.8703,43.43,42
2040-06-15,Term 3 2040,9,4,0,50,0.8595,42.86,43
2040-06-18,Term 3 2040,10,0,0,50,0.8523,42.57,41
2040-06-19,Term 3 2040,10,1,0,50,0.8439,42.14,43
2040-06-20,Term 3 2040,10,2,0,50,0.8495,42.43,44
2040-06-21,Term 3 2040,10,3,0,50,0.8584,42.86,45
2040-06-22,Term 3 2040,10,4,0,50,0.864,43.14,42
2040-06-25,Term 3 2040,11,0,0,50,0.8605,42.86,42
2040-06-26,Term 3 2040,11,1,0,50,0.8589,42.86,46
2040-06-27,Term 3 2040,11,2,0,50,0.8662,43.29,45
2040-06-28,Term 3 2040,11,3,0,50,0.878,43.86,44
2040-06-29,Term 3 2040,11,4,0,50,0.8804,44.0,42
2040-07-02,Term 3 2040,12,0,1,50,0.8728,43.71,37
2040-07-03,Term 3 2040,12,1,1,50,0.8495,42.57,36
2040-07-04,Term 3 2040,12,2,1,50,0.8318,41.71,40
2040-07-05,Term 3 2040,12,3,1,50,0.8272,41.43,38
2040-07-06,Term 3 2040,12,4,1,50,0.8059,40.29,36
2040-07-09,Term 3 2040,13,0,1,50,0.7786,39.0,36
2040-07-10,Term 3 2040,13,1,1,50,0.7568,37.86,38
2040-07-11,Term 3 2040,13,2,1,50,0.7465,37.29,38
2040-07-12,Term 3 2040,13,3,1,50,0.7501,37.43,39
2040-07-13,Term 3 2040,13,4,1,50,0.7569,37.86,34
2040-07-30,Term 1 2040,1,0,0,50,0.7403,37.0,37
2040-07-31,Term 1 2040,1,1,0,50,0.7363,36.86,40
2040-08-01,Term 1 2040,1,2,0,50,0.7477,37.43,39
2040-08-02,Term 1 2040,1,3,0,50,0.7557,37.86,41
2040-08-03,Term 1 2040,1,4,0,50,0.7645,38.29,38
2040-08-06,Term 1 2040,2,0,0,50,0.7639,38.29,41
2040-08-07,Term 1 2040,2,1,0,50,0.7715,38.57,44
2040-08-08,Term 1 2040,2,2,0,50,0.8008,40.0,42
2040-08-09,Term 1 2040,2,3,0,50,0.8167,40.71,44
2040-08-10,Term 1 2040,2,4,0,50,0.8295,41.29,41
2040-08-13,Term 1 2040,3,0,0,50,0.8333,41.57,43
2040-08-14,Term 1 2040,3,1,0,50,0.8376,41.86,44
2040-08-15,Term 1 2040,3,2,0,50,0.8547,42.71,45
2040-08-16,Term 1 2040,3,3,0,50,0.8652,43.29,42
2040-08-17,Term 1 2040,3,4,0,50,0.8595,43.0,43
2040-08-20,Term 1 2040,4,0,0,50,0.8621,43.14,43
2040-08-21,Term 1 2040,4,1,0,50,0.8597,43.0,45
2040-08-22,Term 1 2040,4,2,0,50,0.8718,43.57,43
2040-08-23,Term 1 2040,4,3,0,50,0.871,43.57,44
2040-08-24,Term 1 2040,4,4,0,50,0.8705,43.57,42
2040-08-27,Term 1 2040,5,0,0,50,0.8617,43.14,40
2040-08-28,Term 1 2040,5,1,0,50,0.8553,42.86,44
2040-08-29,Term 1 2040,5,2,0,50,0.8589,43.0,45
2040-08-30,Term 1 2040,5,3,0,50,0.8635,43.29,43
2040-08-31,Term 1 2040,5,4,0,50,0.8578,43.0,42
2040-09-03,Term 1 2040,6,0,0,50,0.8558,42.86,41
2040-09-04,Term 1 2040,6,1,0,50,0.8467,42.43,45
2040-09-05,Term 1 2040,6,2,0,50,0.8552,42.86,46
2040-09-06,Term 1 2040,6,3,0,50,0.8707,43.71,45
2040-09-07,Term 1 2040,6,4,0,50,0.873,43.86,43
2040-09-10,Term 1 2040,7,0,0,50,0.8674,43.57,40
2040-09-11,Term 1 2040,7,1,0,50,0.8593,43.14,42
2040-09-12,Term 1 2040,7,2,0,50,0.8612,43.14,44
2040-09-13,Term 1 2040,7,3,0,50,0.8706,43.57,43
2040-09-14,Term 1 2040,7,4,0,50,0.8668,43.29,42
2040-09-17,Term 1 2040,8,0,0,50,0.8567,42.71,41
2040-09-18,Term 1 2040,8,1,0,50,0.8449,42.14,45
2040-09-19,Term 1 2040,8,2,0,50,0.8514,42.43,44
2040-09-20,Term 1 2040,8,3,0,50,0.863,43.0,46
2040-09-21,Term 1 2040,8,4,0,50,0.8725,43.57,42
2040-09-24,Term 1 2040,9,0,0,50,0.866,43.29,41
2040-09-25,Term 1 2040,9,1,0,50,0.8591,43.0,45
2040-09-26,Term 1 2040,9,2,0,50,0.8676,43.43,46
2040-09-27,Term 1 2040,9,3,0,50,0.8808,44.14,44
2040-09-28,Term 1 2040,9,4,0,50,0.8782,44.0,43
2040-10-01,Term 1 2040,10,0,0,50,0.8742,43.86,40
2040-10-02,Term 1 2040,10,1,0,50,0.8579,43.0,45
2040-10-03,Term 1 2040,10,2,0,50,0.8692,43.43,43
2040-10-04,Term 1 2040,10,3,0,50,0.874,43.71,45
2040-10-05,Term 1 2040,10,4,0,50,0.8734,43.71,42
2040-10-08,Term 1 2040,11,0,0,50,0.8621,43.14,41
2040-10-09,Term 1 2040,11,1,0,50,0.852,42.71,45
2040-10-10,Term 1 2040,11,2,0,50,0.859,43.0,44
2040-10-11,Term 1 2040,11,3,0,50,0.8695,43.57,45
2040-10-12,Term 1 2040,11,4,0,50,0.8667,43.57,40
2040-10-15,Term 1 2040,12,0,1,50,0.8603,43.14,34
2040-10-16,Term 1 2040,12,1,1,50,0.8294,41.57,37
2040-10-17,Term 1 2040,12,2,1,50,0.8155,40.86,38
2040-10-18,Term 1 2040,12,3,1,50,0.809,40.43,37
2040-10-19,Term 1 2040,12,4,1,50,0.786,39.29,36
2040-10-22,Term 1 2040,13,0,1,50,0.7633,38.14,37
2040-10-23,Term 1 2040,13,1,1,50,0.7416,37.0,38
2040-10-24,Term 1 2040,13,2,1,50,0.735,36.71,36
2040-10-25,Term 1 2040,13,3,1,50,0.7408,37.0,40
2040-10-26,Term 1 2040,13,4,1,50,0.7485,37.43,35
2040-11-12,Term 2 2040,1,0,0,50,0.7384,37.0,38
2040-11-13,Term 2 2040,1,1,0,50,0.7408,37.14,40
2040-11-14,Term 2 2040,1,2,0,50,0.7525,37.71,40
2040-11-15,Term 2 2040,1,3,0,50,0.7602,38.14,38
2040-11-16,Term 2 2040,1,4,0,50,0.7606,38.14,38
2040-11-19,Term 2 2040,2,0,0,50,0.7674,38.43,40
2040-11-20,Term 2 2040,2,1,0,50,0.7701,38.43,44
2040-11-21,Term 2 2040,2,2,0,50,0.7965,39.71,44
2040-11-22,Term 2 2040,2,3,0,50,0.8155,40.57,44
2040-11-23,Term 2 2040,2,4,0,50,0.8278,41.14,43
2040-11-26,Term 2 2040,3,0,0,50,0.8383,41.57,40
2040-11-27,Term 2 2040,3,1,0,50,0.8422,41.86,43
2040-11-28,Term 2 2040,3,2,0,50,0.8542,42.57,45
2040-11-29,Term 2 2040,3,3,0,50,0.866,43.29,42
2040-11-30,Term 2 2040,3,4,0,50,0.8602,43.0,43
2040-12-03,Term 2 2040,4,0,0,50,0.8571,42.86,42
2040-12-04,Term 2 2040,4,1,0,50,0.8512,42.57,45
2040-12-05,Term 2 2040,4,2,0,50,0.8571,42.86,43
2040-12-06,Term 2 2040,4,3,0,50,0.8671,43.29,46
2040-12-07,Term 2 2040,4,4,0,50,0.8759,43.71,40
2040-12-10,Term 2 2040,5,0,0,50,0.8633,43.0,41
2040-12-11,Term 2 2040,5,1,0,50,0.8605,42.86,43
2040-12-12,Term 2 2040,5,2,0,50,0.8585,42.86,45
2040-12-13,Term 2 2040,5,3,0,50,0.8657,43.29,44
2040-12-14,Term 2 2040,5,4,0,50,0.8631,43.14,43
2040-12-17,Term 2 2040,6,0,0,50,0.8619,43.14,42
2040-12-18,Term 2 2040,6,1,0,50,0.851,42.57,45
2040-12-19,Term 2 2040,6,2,0,50,0.8652,43.29,43
2040-12-20,Term 2 2040,6,3,0,50,0.8696,43.57,44
2040-12-21,Term 2 2040,6,4,0,50,0.8727,43.71,42
2040-12-24,Term 2 2040,7,0,0,50,0.866,43.29,43
2040-12-25,Term 2 2040,7,1,0,50,0.8625,43.14,42
2040-12-26,Term 2 2040,7,2,0,50,0.8614,43.0,43
2040-12-27,Term 2 2040,7,3,0,50,0.8651,43.14,43
2040-12-28,Term 2 2040,7,4,0,50,0.8603,42.86,42
2040-12-31,Term 2 2040,8,0,0,50,0.8569,42.71,40
2041-01-01,Term 2 2040,8,1,0,50,0.8453,42.14,44
2041-01-02,Term 2 2040,8,2,0,50,0.8493,42.43,44
2041-01-03,Term 2 2040,8,3,0,50,0.8521,42.57,43
2041-01-04,Term 2 2040,8,4,0,50,0.8544,42.71,41
2041-01-07,Term 2 2040,9,0,0,50,0.8468,42.43,42
2041-01-08,Term 2 2040,9,1,0,50,0.8434,42.29,43
2041-01-09,Term 2 2040,9,2,0,50,0.8479,42.43,44
2041-01-10,Term 2 2040,9,3,0,50,0.8603,43.0,44
2041-01-11,Term 2 2040,9,4,0,50,0.8614,43.0,43
2041-01-14,Term 2 2040,10,0,0,50,0.8574,42.86,42
2041-01-15,Term 2 2040,10,1,0,50,0.8539,42.71,42
2041-01-16,Term 2 2040,10,2,0,50,0.8593,42.86,45
2041-01-17,Term 2 2040,10,3,0,50,0.8669,43.29,45
2041-01-18,Term 2 2040,10,4,0,50,0.8709,43.57,44
2041-01-21,Term 2 2040,11,0,0,50,0.8704,43.57,41
2041-01-22,Term 2 2040,11,1,0,50,0.8628,43.14,45
2041-01-23,Term 2 2040,11,2,0,50,0.8685,43.43,46
2041-01-24,Term 2 2040,11,3,0,50,0.8793,44.0,46
2041-01-25,Term 2 2040,11,4,0,50,0.8893,44.57,41
2041-01-28,Term 2 2040,12,0,1,50,0.8785,44.0,36
2041-01-29,Term 2 2040,12,1,1,50,0.854,42.71,37
2041-01-30,Term 2 2040,12,2,1,50,0.8349,41.71,38
2041-01-31,Term 2 2040,12,3,1,50,0.8254,41.29,40
2041-02-01,Term 2 2040,12,4,1,50,0.8117,40.57,35
2041-02-04,Term 2 2040,13,0,1,50,0.7823,39.0,34
2041-02-05,Term 2 2040,13,1,1,50,0.7482,37.29,38
2041-02-06,Term 2 2040,13,2,1,50,0.7399,36.86,38
2041-02-07,Term 2 2040,13,3,1,50,0.746,37.14,39
2041-02-08,Term 2 2040,13,4,1,50,0.7496,37.43,36
2041-02-25,Term 3 2041,1,0,0,50,0.7435,37.14,36
2041-02-26,Term 3 2041,1,1,0,50,0.7328,36.57,40
2041-02-27,Term 3 2041,1,2,0,50,0.7472,37.29,41
2041-02-28,Term 3 2041,1,3,0,50,0.7666,38.29,42
2041-03-01,Term 3 2041,1,4,0,50,0.7771,38.86,36
2041-03-04,Term 3 2041,2,0,0,50,0.7712,38.57,40
2041-03-05,Term 3 2041,2,1,0,50,0.7742,38.71,45
2041-03-06,Term 3 2041,2,2,0,50,0.7986,40.0,42
2041-03-07,Term 3 2041,2,3,0,50,0.8165,40.86,45
2041-03-08,Term 3 2041,2,4,0,50,0.8306,41.57,43
2041-03-11,Term 3 2041,3,0,0,50,0.8374,41.86,43
2041-03-12,Term 3 2041,3,1,0,50,0.8419,42.0,44
2041-03-13,Term 3 2041,3,2,0,50,0.8637,43.14,43
2041-03-14,Term 3 2041,3,3,0,50,0.8744,43.57,44
2041-03-15,Term 3 2041,3,4,0,50,0.8737,43.43,43
2041-03-18,Term 3 2041,4,0,0,50,0.8739,43.57,40
2041-03-19,Term 3 2041,4,1,0,50,0.8572,42.86,43
2041-03-20,Term 3 2041,4,2,0,50,0.8561,42.86,43
2041-03-21,Term 3 2041,4,3,0,50,0.855,42.86,45
2041-03-22,Term 3 2041,4,4,0,50,0.8593,43.0,41
2041-03-25,Term 3 2041,5,0,0,50,0.8533,42.71,42
2041-03-26,Term 3 2041,5,1,0,50,0.8455,42.43,43
2041-03-27,Term 3 2041,5,2,0,50,0.8477,42.43,42
2041-03-28,Term 3 2041,5,3,0,50,0.8548,42.71,45
2041-03-29,Term 3 2041,5,4,0,50,0.8603,43.0,41
2041-04-01,Term 3 2041,6,0,0,50,0.8553,42.71,42
2041-04-02,Term 3 2041,6,1,0,50,0.8474,42.29,44
2041-04-03,Term 3 2041,6,2,0,50,0.8566,42.71,42
2041-04-04,Term 3 2041,6,3,0,50,0.8583,42.71,43
2041-04-05,Term 3 2041,6,4,0,50,0.8566,42.71,41
2041-04-08,Term 3 2041,7,0,0,50,0.8546,42.57,41
2041-04-09,Term 3 2041,7,1,0,50,0.8435,42.0,45
2041-04-10,Term 3 2041,7,2,0,50,0.853,42.57,46
2041-04-11,Term 3 2041,7,3,0,50,0.8623,43.14,45
2041-04-12,Term 3 2041,7,4,0,50,0.8644,43.29,43
2041-04-15,Term 3 2041,8,0,0,50,0.8657,43.43,41
2041-04-16,Term 3 2041,8,1,0,50,0.8621,43.14,45
2041-04-17,Term 3 2041,8,2,0,50,0.8712,43.71,46
2041-04-18,Term 3 2041,8,3,0,50,0.8847,44.43,44
2041-04-19,Term 3 2041,8,4,0,50,0.8831,44.29,41
2041-04-22,Term 3 2041,9,0,0,50,0.8708,43.57,43
2041-04-23,Term 3 2041,9,1,0,50,0.8635,43.29,44
2041-04-24,Term 3 2041,9,2,0,50,0.8665,43.43,45
2041-04-25,Term 3 2041,9,3,0,50,0.8767,44.0,45
2041-04-26,Term 3 2041,9,4,0,50,0.879,44.0,41
2041-04-29,Term 3 2041,10,0,0,50,0.8665,43.29,42
2041-04-30,Term 3 2041,10,1,0,50,0.8615,43.0,43
2041-05-01,Term 3 2041,10,2,0,50,0.867,43.29,44
2041-05-02,Term 3 2041,10,3,0,50,0.8713,43.43,43
2041-05-03,Term 3 2041,10,4,0,50,0.869,43.29,43
2041-05-06,Term 3 2041,11,0,0,50,0.8626,43.0,43
2041-05-07,Term 3 2041,11,1,0,50,0.8551,42.71,46
2041-05-08,Term 3 2041,11,2,0,50,0.8675,43.43,43
2041-05-09,Term 3 2041,11,3,0,50,0.8704,43.57,46
2041-05-10,Term 3 2041,11,4,0,50,0.8779,44.0,41
2041-05-13,Term 3 2041,12,0,1,50,0.8693,43.57,34
2041-05-14,Term 3 2041,12,1,1,50,0.8429,42.29,40
2041-05-15,Term 3 2041,12,2,1,50,0.8349,41.86,39
2041-05-16,Term 3 2041,12,3,1,50,0.8229,41.29,39
2041-05-17,Term 3 2041,12,4,1,50,0.8053,40.29,36
2041-05-20,Term 3 2041,13,0,1,50,0.7849,39.29,35
2041-05-21,Term 3 2041,13,1,1,50,0.754,37.71,38
2041-05-22,Term 3 2041,13,2,1,50,0.7462,37.29,39
2041-05-23,Term 3 2041,13,3,1,50,0.7628,38.0,39
2041-05-24,Term 3 2041,13,4,1,50,0.7602,37.86,37
2041-06-10,Term 1 2041,1,0,0,50,0.7554,37.57,37
2041-06-11,Term 1 2041,1,1,0,50,0.7479,37.29,38
2041-06-12,Term 1 2041,1,2,0,50,0.7532,37.57,40
2041-06-13,Term 1 2041,1,3,0,50,0.7663,38.29,40
2041-06-14,Term 1 2041,1,4,0,50,0.7709,38.57,37
2041-06-17,Term 1 2041,2,0,0,50,0.7637,38.29,41
2041-06-18,Term 1 2041,2,1,0,50,0.7703,38.57,46
2041-06-19,Term 1 2041,2,2,0,50,0.796,39.86,43
2041-06-20,Term 1 2041,2,3,0,50,0.8134,40.71,43
2041-06-21,Term 1 2041,2,4,0,50,0.828,41.43,40
2041-06-24,Term 1 2041,3,0,0,50,0.8302,41.43,43
2041-06-25,Term 1 2041,3,1,0,50,0.8378,41.86,45
2041-06-26,Term 1 2041,3,2,0,50,0.8611,43.0,46
2041-06-27,Term 1 2041,3,3,0,50,0.8735,43.71,44
2041-06-28,Term 1 2041,3,4,0,50,0.8677,43.43,40
2041-07-01,Term 1 2041,4,0,0,50,0.8598,43.0,41
2041-07-02,Term 1 2041,4,1,0,50,0.8547,42.71,44
2041-07-03,Term 1 2041,4,2,0,50,0.8649,43.29,43
2041-07-04,Term 1 2041,4,3,0,50,0.8652,43.29,46
2041-07-05,Term 1 2041,4,4,0,50,0.8669,43.43,43
2041-07-08,Term 1 2041,5,0,0,50,0.8591,43.0,42
2041-07-09,Term 1 2041,5,1,0,50,0.8529,42.71,45
2041-07-10,Term 1 2041,5,2,0,50,0.8672,43.43,43
2041-07-11,Term 1 2041,5,3,0,50,0.8704,43.71,45
2041-07-12,Term 1 2041,5,4,0,50,0.8747,43.86,43
2041-07-15,Term 1 2041,6,0,0,50,0.8762,43.86,43
2041-07-16,Term 1 2041,6,1,0,50,0.8692,43.43,45
2041-07-17,Term 1 2041,6,2,0,50,0.8743,43.71,43
2041-07-18,Term 1 2041,6,3,0,50,0.877,43.86,45
2041-07-19,Term 1 2041,6,4,0,50,0.8764,43.86,42
2041-07-22,Term 1 2041,7,0,0,50,0.8743,43.71,42
2041-07-23,Term 1 2041,7,1,0,50,0.8653,43.29,44
2041-07-24,Term 1 2041,7,2,0,50,0.8676,43.43,42
2041-07-25,Term 1 2041,7,3,0,50,0.8641,43.29,46
2041-07-26,Term 1 2041,7,4,0,50,0.867,43.43,43
2041-07-29,Term 1 2041,8,0,0,50,0.8676,43.43,42
2041-07-30,Term 1 2041,8,1,0,50,0.859,43.0,42
2041-07-31,Term 1 2041,8,2,0,50,0.8605,43.0,44
2041-08-01,Term 1 2041,8,3,0,50,0.8648,43.29,42
2041-08-02,Term 1 2041,8,4,0,50,0.8594,43.0,42
2041-08-05,Term 1 2041,9,0,0,50,0.8595,43.0,42
2041-08-06,Term 1 2041,9,1,0,50,0.8493,42.43,43
2041-08-07,Term 1 2041,9,2,0,50,0.8507,42.43,44
2041-08-08,Term 1 2041,9,3,0,50,0.8577,42.71,43
2041-08-09,Term 1 2041,9,4,0,50,0.8602,42.86,44
2041-08-12,Term 1 2041,10,0,0,50,0.8594,42.86,41
2041-08-13,Term 1 2041,10,1,0,50,0.8554,42.71,43
2041-08-14,Term 1 2041,10,2,0,50,0.8573,42.86,43
2041-08-15,Term 1 2041,10,3,0,50,0.8601,43.0,43
2041-08-16,Term 1 2041,10,4,0,50,0.8602,43.0,42
2041-08-19,Term 1 2041,11,0,0,50,0.8529,42.71,40
2041-08-20,Term 1 2041,11,1,0,50,0.8435,42.29,43
2041-08-21,Term 1 2041,11,2,0,50,0.8408,42.14,43
2041-08-22,Term 1 2041,11,3,0,50,0.8474,42.43,42
2041-08-23,Term 1 2041,11,4,0,50,0.8453,42.29,42
2041-08-26,Term 1 2041,12,0,1,50,0.8436,42.14,36
2041-08-27,Term 1 2041,12,1,1,50,0.8215,41.14,37
2041-08-28,Term 1 2041,12,2,1,50,0.8074,40.43,37
2041-08-29,Term 1 2041,12,3,1,50,0.8001,40.0,37
2041-08-30,Term 1 2041,12,4,1,50,0.7849,39.14,35
2041-09-02,Term 1 2041,13,0,1,50,0.7605,38.0,36
2041-09-03,Term 1 2041,13,1,1,50,0.7441,37.14,37
2041-09-04,Term 1 2041,13,2,1,50,0.7288,36.43,37
2041-09-05,Term 1 2041,13,3,1,50,0.7328,36.57,36
2041-09-06,Term 1 2041,13,4,1,50,0.7313,36.43,36
2041-09-23,Term 2 2041,1,0,0,50,0.7286,36.29,37
2041-09-24,Term 2 2041,1,1,0,50,0.7274,36.29,40
2041-09-25,Term 2 2041,1,2,0,50,0.7423,37.0,39
2041-09-26,Term 2 2041,1,3,0,50,0.7486,37.43,40
2041-09-27,Term 2 2041,1,4,0,50,0.7564,37.86,39
2041-09-30,Term 2 2041,2,0,0,50,0.7614,38.14,40
2041-10-01,Term 2 2041,2,1,0,50,0.7718,38.71,42
2041-10-02,Term 2 2041,2,2,0,50,0.7882,39.57,44
2041-10-03,Term 2 2041,2,3,0,50,0.8078,40.57,43
2041-10-04,Term 2 2041,2,4,0,50,0.8162,41.0,42
2041-10-07,Term 2 2041,3,0,0,50,0.8272,41.43,42
2041-10-08,Term 2 2041,3,1,0,50,0.8329,41.71,45
2041-10-09,Term 2 2041,3,2,0,50,0.8519,42.57,45
2041-10-10,Term 2 2041,3,3,0,50,0.8658,43.29,44
2041-10-11,Term 2 2041,3,4,0,50,0.8722,43.57,41
2041-10-14,Term 2 2041,4,0,0,50,0.8652,43.14,43
2041-10-15,Term 2 2041,4,1,0,50,0.8654,43.14,45
2041-10-16,Term 2 2041,4,2,0,50,0.8724,43.57,45
2041-10-17,Term 2 2041,4,3,0,50,0.8805,44.0,44
2041-10-18,Term 2 2041,4,4,0,50,0.877,43.86,44
2041-10-21,Term 2 2041,5,0,0,50,0.8744,43.71,43
2041-10-22,Term 2 2041,5,1,0,50,0.8689,43.57,44
2041-10-23,Term 2 2041,5,2,0,50,0.8764,44.0,43
2041-10-24,Term 2 2041,5,3,0,50,0.8757,44.0,45
2041-10-25,Term 2 2041,5,4,0,50,0.8768,44.0,44
2041-10-28,Term 2 2041,6,0,0,50,0.8739,43.86,41
2041-10-29,Term 2 2041,6,1,0,50,0.866,43.43,44
2041-10-30,Term 2 2041,6,2,0,50,0.8658,43.43,45
2041-10-31,Term 2 2041,6,3,0,50,0.8722,43.71,45
2041-11-01,Term 2 2041,6,4,0,50,0.8749,43.86,42
2041-11-04,Term 2 2041,7,0,0,50,0.873,43.71,40
2041-11-05,Term 2 2041,7,1,0,50,0.8593,43.0,43
2041-11-06,Term 2 2041,7,2,0,50,0.857,42.86,45
2041-11-07,Term 2 2041,7,3,0,50,0.8686,43.43,44
2041-11-08,Term 2 2041,7,4,0,50,0.8705,43.43,44
2041-11-11,Term 2 2041,8,0,0,50,0.8674,43.29,41
2041-11-12,Term 2 2041,8,1,0,50,0.8566,42.71,45
2041-11-13,Term 2 2041,8,2,0,50,0.865,43.14,45
2041-11-14,Term 2 2041,8,3,0,50,0.8771,43.86,45
2041-11-15,Term 2 2041,8,4,0,50,0.8836,44.14,44
2041-11-18,Term 2 2041,9,0,0,50,0.8781,44.0,41
2041-11-19,Term 2 2041,9,1,0,50,0.8691,43.57,42
2041-11-20,Term 2 2041,9,2,0,50,0.8647,43.29,44
2041-11-21,Term 2 2041,9,3,0,50,0.8728,43.71,43
2041-11-22,Term 2 2041,9,4,0,50,0.8688,43.43,42
2041-11-25,Term 2 2041,10,0,0,50,0.8608,43.0,40
2041-11-26,Term 2 2041,10,1,0,50,0.8466,42.29,45
2041-11-27,Term 2 2041,10,2,0,50,0.851,42.43,44
2041-11-28,Term 2 2041,10,3,0,50,0.8598,42.86,43
2041-11-29,Term 2 2041,10,4,0,50,0.861,43.0,40
2041-12-02,Term 2 2041,11,0,0,50,0.851,42.43,43
2041-12-03,Term 2 2041,11,1,0,50,0.8492,42.43,45
2041-12-04,Term 2 2041,11,2,0,50,0.8587,42.86,43
2041-12-05,Term 2 2041,11,3,0,50,0.8676,43.29,45
2041-12-06,Term 2 2041,11,4,0,50,0.8663,43.29,43
2041-12-09,Term 2 2041,12,0,1,50,0.8627,43.14,36
2041-12-10,Term 2 2041,12,1,1,50,0.8431,42.14,38
2041-12-11,Term 2 2041,12,2,1,50,0.835,41.86,38
2041-12-12,Term 2 2041,12,3,1,50,0.8204,41.14,38
2041-12-13,Term 2 2041,12,4,1,50,0.8013,40.14,36
2041-12-16,Term 2 2041,13,0,1,50,0.781,39.14,37
2041-12-17,Term 2 2041,13,1,1,50,0.7604,38.0,38
2041-12-18,Term 2 2041,13,2,1,50,0.7443,37.29,37
2041-12-19,Term 2 2041,13,3,1,50,0.7492,37.43,39
2041-12-20,Term 2 2041,13,4,1,50,0.7539,37.57,36
2042-01-06,Term 3 2042,1,0,0,50,0.7503,37.29,39
2042-01-07,Term 3 2042,1,1,0,50,0.7507,37.43,40
2042-01-08,Term 3 2042,1,2,0,50,0.7608,38.0,41
2042-01-09,Term 3 2042,1,3,0,50,0.7716,38.57,40
2042-01-10,Term 3 2042,1,4,0,50,0.7791,38.86,37
2042-01-13,Term 3 2042,2,0,0,50,0.7779,38.86,42
2042-01-14,Term 3 2042,2,1,0,50,0.7862,39.29,42
2042-01-15,Term 3 2042,2,2,0,50,0.8032,40.14,46
2042-01-16,Term 3 2042,2,3,0,50,0.8234,41.14,44
2042-01-17,Term 3 2042,2,4,0,50,0.8364,41.71,42
2042-01-20,Term 3 2042,3,0,0,50,0.8387,41.86,42
2042-01-21,Term 3 2042,3,1,0,50,0.8435,42.14,44
2042-01-22,Term 3 2042,3,2,0,50,0.8633,43.14,44
2042-01-23,Term 3 2042,3,3,0,50,0.8692,43.43,45
2042-01-24,Term 3 2042,3,4,0,50,0.8777,43.86,41
2042-01-27,Term 3 2042,4,0,0,50,0.8634,43.14,43
2042-01-28,Term 3 2042,4,1,0,50,0.8606,43.0,42
2042-01-29,Term 3 2042,4,2,0,50,0.8615,43.0,42
2042-01-30,Term 3 2042,4,3,0,50,0.8632,43.0,45
2042-01-31,Term 3 2042,4,4,0,50,0.8672,43.14,43
2042-02-03,Term 3 2042,5,0,0,50,0.8639,43.0,41
2042-02-04,Term 3 2042,5,1,0,50,0.8517,42.43,44
2042-02-05,Term 3 2042,5,2,0,50,0.8611,42.86,45
2042-02-06,Term 3 2042,5,3,0,50,0.8648,43.14,42
2042-02-07,Term 3 2042,5,4,0,50,0.865,43.14,43
2042-02-10,Term 3 2042,6,0,0,50,0.8674,43.29,43
2042-02-11,Term 3 2042,6,1,0,50,0.8611,43.0,46
2042-02-12,Term 3 2042,6,2,0,50,0.8684,43.43,45
2042-02-13,Term 3 2042,6,3,0,50,0.8784,44.0,42
2042-02-14,Term 3 2042,6,4,0,50,0.8728,43.71,41
2042-02-17,Term 3 2042,7,0,0,50,0.8612,43.14,40
2042-02-18,Term 3 2042,7,1,0,50,0.8547,42.86,44
2042-02-19,Term 3 2042,7,2,0,50,0.8572,43.0,44
2042-02-20,Term 3 2042,7,3,0,50,0.8586,43.14,44
2042-02-21,Term 3 2042,7,4,0,50,0.8549,42.86,41
2042-02-24,Term 3 2042,8,0,0,50,0.8442,42.29,42
2042-02-25,Term 3 2042,8,1,0,50,0.8448,42.29,43
2042-02-26,Term 3 2042,8,2,0,50,0.8525,42.57,44
2042-02-27,Term 3 2042,8,3,0,50,0.8644,43.14,46
2042-02-28,Term 3 2042,8,4,0,50,0.8688,43.43,41
2042-03-03,Term 3 2042,9,0,0,50,0.8621,43.0,43
2042-03-04,Term 3 2042,9,1,0,50,0.8592,42.86,44
2042-03-05,Term 3 2042,9,2,0,50,0.8676,43.29,46
2042-03-06,Term 3 2042,9,3,0,50,0.8782,43.86,43
2042-03-07,Term 3 2042,9,4,0,50,0.8785,43.86,40
2042-03-10,Term 3 2042,10,0,0,50,0.8673,43.29,40
2042-03-11,Term 3 2042,10,1,0,50,0.8498,42.43,46
2042-03-12,Term 3 2042,10,2,0,50,0.8633,43.14,44
2042-03-13,Term 3 2042,10,3,0,50,0.8643,43.29,43
2042-03-14,Term 3 2042,10,4,0,50,0.8607,43.14,41
2042-03-17,Term 3 2042,11,0,0,50,0.8472,42.43,41
2042-03-18,Term 3 2042,11,1,0,50,0.8403,42.14,44
2042-03-19,Term 3 2042,11,2,0,50,0.8513,42.71,42
2042-03-20,Term 3 2042,11,3,0,50,0.8589,43.0,45
2042-03-21,Term 3 2042,11,4,0,50,0.8557,42.86,43
2042-03-24,Term 3 2042,12,0,1,50,0.8548,42.71,35
2042-03-25,Term 3 2042,12,1,1,50,0.8331,41.57,39
2042-03-26,Term 3 2042,12,2,1,50,0.8282,41.29,39
2042-03-27,Term 3 2042,12,3,1,50,0.8239,41.0,37
2042-03-28,Term 3 2042,12,4,1,50,0.8031,40.0,37
2042-03-31,Term 3 2042,13,0,1,50,0.7877,39.29,35
2042-04-01,Term 3 2042,13,1,1,50,0.7599,37.86,37
2042-04-02,Term 3 2042,13,2,1,50,0.7427,37.0,38
2042-04-03,Term 3 2042,13,3,1,50,0.7501,37.43,38
2042-04-04,Term 3 2042,13,4,1,50,0.7446,37.29,36
2042-04-21,Term 1 2042,1,0,0,50,0.7352,36.86,38
2042-04-22,Term 1 2042,1,1,0,50,0.7387,37.0,40
2042-04-23,Term 1 2042,1,2,0,50,0.7475,37.43,39
2042-04-24,Term 1 2042,1,3,0,50,0.758,38.0,40
2042-04-25,Term 1 2042,1,4,0,50,0.7645,38.43,40
2042-04-28,Term 1 2042,2,0,0,50,0.7707,38.71,43
2042-04-29,Term 1 2042,2,1,0,50,0.786,39.43,43
2042-04-30,Term 1 2042,2,2,0,50,0.8043,40.43,46
2042-05-01,Term 1 2042,2,3,0,50,0.8267,41.57,45
2042-05-02,Term 1 2042,2,4,0,50,0.8404,42.29,41
2042-05-05,Term 1 2042,3,0,0,50,0.8455,42.57,40
2042-05-06,Term 1 2042,3,1,0,50,0.8462,42.57,42
2042-05-07,Term 1 2042,3,2,0,50,0.8529,42.86,45
2042-05-08,Term 1 2042,3,3,0,50,0.8587,43.14,44
2042-05-09,Term 1 2042,3,4,0,50,0.8625,43.29,42
2042-05-12,Term 1 2042,4,0,0,50,0.8504,42.71,43
2042-05-13,Term 1 2042,4,1,0,50,0.8469,42.43,42
2042-05-14,Term 1 2042,4,2,0,50,0.8521,42.57,45
2042-05-15,Term 1 2042,4,3,0,50,0.8657,43.29,44
2042-05-16,Term 1 2042,4,4,0,50,0.8703,43.57,42
2042-05-19,Term 1 2042,5,0,0,50,0.8616,43.14,43
2042-05-20,Term 1 2042,5,1,0,50,0.8579,43.0,44
2042-05-21,Term 1 2042,5,2,0,50,0.8655,43.29,44
2042-05-22,Term 1 2042,5,3,0,50,0.8662,43.43,43
2042-05-23,Term 1 2042,5,4,0,50,0.8673,43.57,42
2042-05-26,Term 1 2042,6,0,0,50,0.8601,43.14,42
2042-05-27,Term 1 2042,6,1,0,50,0.8545,42.86,44
2042-05-28,Term 1 2042,6,2,0,50,0.8601,43.14,43
2042-05-29,Term 1 2042,6,3,0,50,0.8623,43.14,43
2042-05-30,Term 1 2042,6,4,0,50,0.8575,43.0,42
2042-06-02,Term 1 2042,7,0,0,50,0.8539,42.71,42
2042-06-03,Term 1 2042,7,1,0,50,0.8513,42.57,45
2042-06-04,Term 1 2042,7,2,0,50,0.8608,43.0,43
2042-06-05,Term 1 2042,7,3,0,50,0.8644,43.14,44
2042-06-06,Term 1 2042,7,4,0,50,0.8649,43.14,42
2042-06-09,Term 1 2042,8,0,0,50,0.8599,43.0,42
2042-06-10,Term 1 2042,8,1,0,50,0.8568,42.86,43
2042-06-11,Term 1 2042,8,2,0,50,0.8598,43.0,46
2042-06-12,Term 1 2042,8,3,0,50,0.8716,43.57,44
2042-06-13,Term 1 2042,8,4,0,50,0.8684,43.43,43
2042-06-16,Term 1 2042,9,0,0,50,0.868,43.43,40
2042-06-17,Term 1 2042,9,1,0,50,0.8565,42.86,44
2042-06-18,Term 1 2042,9,2,0,50,0.863,43.14,45
2042-06-19,Term 1 2042,9,3,0,50,0.8718,43.57,43
2042-06-20,Term 1 2042,9,4,0,50,0.8692,43.57,43
2042-06-23,Term 1 2042,10,0,0,50,0.8607,43.14,43
2042-06-24,Term 1 2042,10,1,0,50,0.8583,43.0,46
2042-06-25,Term 1 2042,10,2,0,50,0.8672,43.43,45
2042-06-26,Term 1 2042,10,3,0,50,0.8819,44.14,44
2042-06-27,Term 1 2042,10,4,0,50,0.8817,44.14,40
2042-06-30,Term 1 2042,11,0,0,50,0.869,43.43,43
2042-07-01,Term 1 2042,11,1,0,50,0.8704,43.43,42
2042-07-02,Term 1 2042,11,2,0,50,0.8688,43.29,44
2042-07-03,Term 1 2042,11,3,0,50,0.8701,43.43,45
2042-07-04,Term 1 2042,11,4,0,50,0.8673,43.29,44
2042-07-07,Term 1 2042,12,0,1,50,0.8637,43.14,34
2042-07-08,Term 1 2042,12,1,1,50,0.835,41.71,39
2042-07-09,Term 1 2042,12,2,1,50,0.8299,41.57,39
2042-07-10,Term 1 2042,12,3,1,50,0.8188,41.0,37
2042-07-11,Term 1 2042,12,4,1,50,0.8042,40.29,34
2042-07-14,Term 1 2042,13,0,1,50,0.7766,38.86,35
2042-07-15,Term 1 2042,13,1,1,50,0.7477,37.43,39
2042-07-16,Term 1 2042,13,2,1,50,0.7342,36.71,38
2042-07-17,Term 1 2042,13,3,1,50,0.7459,37.29,38
2042-07-18,Term 1 2042,13,4,1,50,0.7445,37.14,36
2042-08-04,Term 2 2042,1,0,0,50,0.735,36.71,38
2042-08-05,Term 2 2042,1,1,0,50,0.7384,36.86,40
2042-08-06,Term 2 2042,1,2,0,50,0.754,37.71,42
2042-08-07,Term 2 2042,1,3,0,50,0.7739,38.71,41
2042-08-08,Term 2 2042,1,4,0,50,0.7799,39.0,37
2042-08-11,Term 2 2042,2,0,0,50,0.7778,38.86,40
2042-08-12,Term 2 2042,2,1,0,50,0.7824,39.14,46
2042-08-13,Term 2 2042,2,2,0,50,0.8104,40.57,45
2042-08-14,Term 2 2042,2,3,0,50,0.8292,41.57,45
2042-08-15,Term 2 2042,2,4,0,50,0.8441,42.29,42
2042-08-18,Term 2 2042,3,0,0,50,0.8453,42.29,40
2042-08-19,Term 2 2042,3,1,0,50,0.8411,42.14,44
2042-08-20,Term 2 2042,3,2,0,50,0.8604,43.14,43
2042-08-21,Term 2 2042,3,3,0,50,0.8691,43.57,42
2042-08-22,Term 2 2042,3,4,0,50,0.8591,43.0,44
2042-08-25,Term 2 2042,4,0,0,50,0.8561,42.86,43
2042-08-26,Term 2 2042,4,1,0,50,0.8499,42.57,44
2042-08-27,Term 2 2042,4,2,0,50,0.8563,42.86,43
2042-08-28,Term 2 2042,4,3,0,50,0.866,43.29,42
2042-08-29,Term 2 2042,4,4,0,50,0.8616,43.0,42
2042-09-01,Term 2 2042,5,0,0,50,0.8597,42.86,43
2042-09-02,Term 2 2042,5,1,0,50,0.8617,43.0,43
2042-09-03,Term 2 2042,5,2,0,50,0.8593,42.86,43
2042-09-04,Term 2 2042,5,3,0,50,0.8587,42.86,43
2042-09-05,Term 2 2042,5,4,0,50,0.8548,42.71,43
2042-09-08,Term 2 2042,6,0,0,50,0.8556,42.71,40
2042-09-09,Term 2 2042,6,1,0,50,0.8476,42.43,42
2042-09-10,Term 2 2042,6,2,0,50,0.8489,42.43,43
2042-09-11,Term 2 2042,6,3,0,50,0.8483,42.43,44
2042-09-12,Term 2 2042,6,4,0,50,0.8519,42.57,41
2042-09-15,Term 2 2042,7,0,0,50,0.8464,42.29,41
2042-09-16,Term 2 2042,7,1,0,50,0.8411,42.0,45
2042-09-17,Term 2 2042,7,2,0,50,0.8462,42.29,43
2042-09-18,Term 2 2042,7,3,0,50,0.8562,42.71,45
2042-09-19,Term 2 2042,7,4,0,50,0.863,43.14,42
2042-09-22,Term 2 2042,8,0,0,50,0.8608,43.0,43
2042-09-23,Term 2 2042,8,1,0,50,0.856,42.86,45
2042-09-24,Term 2 2042,8,2,0,50,0.8699,43.43,43
2042-09-25,Term 2 2042,8,3,0,50,0.8758,43.71,42
2042-09-26,Term 2 2042,8,4,0,50,0.8676,43.29,41
2042-09-29,Term 2 2042,9,0,0,50,0.8605,43.0,43
2042-09-30,Term 2 2042,9,1,0,50,0.856,42.71,43
2042-10-01,Term 2 2042,9,2,0,50,0.858,42.86,44
2042-10-02,Term 2 2042,9,3,0,50,0.8616,43.0,46
2042-10-03,Term 2 2042,9,4,0,50,0.8631,43.14,43
2042-10-06,Term 2 2042,10,0,0,50,0.8623,43.14,40
2042-10-07,Term 2 2042,10,1,0,50,0.8569,42.86,44
2042-10-08,Term 2 2042,10,2,0,50,0.866,43.29,45
2042-10-09,Term 2 2042,10,3,0,50,0.8698,43.57,43
2042-10-10,Term 2 2042,10,4,0,50,0.8704,43.57,43
2042-10-13,Term 2 2042,11,0,0,50,0.8674,43.43,41
2042-10-14,Term 2 2042,11,1,0,50,0.8529,42.71,45
2042-10-15,Term 2 2042,11,2,0,50,0.8571,43.0,45
2042-10-16,Term 2 2042,11,3,0,50,0.8702,43.71,42
2042-10-17,Term 2 2042,11,4,0,50,0.8665,43.43,41
2042-10-20,Term 2 2042,12,0,1,50,0.8554,42.86,35
2042-10-21,Term 2 2042,12,1,1,50,0.8332,41.71,37
2042-10-22,Term 2 2042,12,2,1,50,0.8169,40.86,39
2042-10-23,Term 2 2042,12,3,1,50,0.8115,40.57,39
2042-10-24,Term 2 2042,12,4,1,50,0.7956,39.71,36
2042-10-27,Term 2 2042,13,0,1,50,0.7702,38.43,35
2042-10-28,Term 2 2042,13,1,1,50,0.7489,37.43,39
2042-10-29,Term 2 2042,13,2,1,50,0.7436,37.14,38
2042-10-30,Term 2 2042,13,3,1,50,0.7516,37.57,37
2042-10-31,Term 2 2042,13,4,1,50,0.7498,37.57,37
2042-11-17,Term 3 2042,1,0,0,50,0.7455,37.29,36
2042-11-18,Term 3 2042,1,1,0,50,0.7356,36.86,42
2042-11-19,Term 3 2042,1,2,0,50,0.7516,37.71,40
2042-11-20,Term 3 2042,1,3,0,50,0.7652,38.43,41
2042-11-21,Term 3 2042,1,4,0,50,0.7706,38.71,40
2042-11-24,Term 3 2042,2,0,0,50,0.7762,39.0,42
2042-11-25,Term 3 2042,2,1,0,50,0.7923,39.71,42
2042-11-26,Term 3 2042,2,2,0,50,0.8057,40.43,46
2042-11-27,Term 3 2042,2,3,0,50,0.8347,41.86,45
2042-11-28,Term 3 2042,2,4,0,50,0.8428,42.29,44
2042-12-01,Term 3 2042,3,0,0,50,0.8543,42.86,41
2042-12-02,Term 3 2042,3,1,0,50,0.8557,42.86,46
2042-12-03,Term 3 2042,3,2,0,50,0.8724,43.71,45
2042-12-04,Term 3 2042,3,3,0,50,0.8815,44.14,43
2042-12-05,Term 3 2042,3,4,0,50,0.8849,44.29,41
2042-12-08,Term 3 2042,4,0,0,50,0.8718,43.57,40
2042-12-09,Term 3 2042,4,1,0,50,0.8585,42.86,45
2042-12-10,Term 3 2042,4,2,0,50,0.8607,43.0,44
2042-12-11,Term 3 2042,4,3,0,50,0.8674,43.43,45
2042-12-12,Term 3 2042,4,4,0,50,0.8658,43.29,43
2042-12-15,Term 3 2042,5,0,0,50,0.8588,43.0,42
2042-12-16,Term 3 2042,5,1,0,50,0.8562,42.86,44
2042-12-17,Term 3 2042,5,2,0,50,0.8656,43.29,43
2042-12-18,Term 3 2042,5,3,0,50,0.8738,43.71,43
2042-12-19,Term 3 2042,5,4,0,50,0.8702,43.43,43
2042-12-22,Term 3 2042,6,0,0,50,0.8679,43.29,40
2042-12-23,Term 3 2042,6,1,0,50,0.854,42.57,44
2042-12-24,Term 3 2042,6,2,0,50,0.8574,42.71,45
2042-12-25,Term 3 2042,6,3,0,50,0.8638,43.14,45
2042-12-26,Term 3 2042,6,4,0,50,0.8666,43.29,40
2042-12-29,Term 3 2042,7,0,0,50,0.8588,42.86,40
2042-12-30,Term 3 2042,7,1,0,50,0.8489,42.43,42
2042-12-31,Term 3 2042,7,2,0,50,0.8479,42.29,44
2043-01-01,Term 3 2042,7,3,0,50,0.8581,42.86,43
2043-01-02,Term 3 2042,7,4,0,50,0.8544,42.71,41
2043-01-05,Term 3 2042,8,0,0,50,0.8442,42.14,40
2043-01-06,Term 3 2042,8,1,0,50,0.8298,41.43,42
2043-01-07,Term 3 2042,8,2,0,50,0.8356,41.71,42
2043-01-08,Term 3 2042,8,3,0,50,0.8427,42.0,46
2043-01-09,Term 3 2042,8,4,0,50,0.8523,42.57,43
2043-01-12,Term 3 2042,9,0,0,50,0.8489,42.43,43
2043-01-13,Term 3 2042,9,1,0,50,0.8488,42.43,46
2043-01-14,Term 3 2042,9,2,0,50,0.8622,43.14,45
2043-01-15,Term 3 2042,9,3,0,50,0.8744,43.86,45
2043-01-16,Term 3 2042,9,4,0,50,0.8822,44.29,40
2043-01-19,Term 3 2042,10,0,0,50,0.8768,44.0,43
2043-01-20,Term 3 2042,10,1,0,50,0.8687,43.57,43
2043-01-21,Term 3 2042,10,2,0,50,0.8684,43.57,45
2043-01-22,Term 3 2042,10,3,0,50,0.8735,43.86,46
2043-01-23,Term 3 2042,10,4,0,50,0.8729,43.86,42
2043-01-26,Term 3 2042,11,0,0,50,0.8664,43.43,43
2043-01-27,Term 3 2042,11,1,0,50,0.8622,43.14,46
2043-01-28,Term 3 2042,11,2,0,50,0.8768,44.0,45
2043-01-29,Term 3 2042,11,3,0,50,0.8821,44.29,43
2043-01-30,Term 3 2042,11,4,0,50,0.8836,44.29,42
2043-02-02,Term 3 2042,12,0,1,50,0.8757,43.86,37
2043-02-03,Term 3 2042,12,1,1,50,0.8518,42.57,39
2043-02-04,Term 3 2042,12,2,1,50,0.8412,42.14,40
2043-02-05,Term 3 2042,12,3,1,50,0.8307,41.71,37
2043-02-06,Term 3 2042,12,4,1,50,0.8065,40.43,36
2043-02-09,Term 3 2042,13,0,1,50,0.7805,39.14,37
2043-02-10,Term 3 2042,13,1,1,50,0.7637,38.29,39
2043-02-11,Term 3 2042,13,2,1,50,0.7557,37.86,37
2043-02-12,Term 3 2042,13,3,1,50,0.7559,37.86,37
2043-02-13,Term 3 2042,13,4,1,50,0.7504,37.57,34
2043-03-02,Term 1 2043,1,0,0,50,0.735,36.71,39
2043-03-03,Term 1 2043,1,1,0,50,0.7393,37.0,40
2043-03-04,Term 1 2043,1,2,0,50,0.7502,37.57,39
2043-03-05,Term 1 2043,1,3,0,50,0.7565,37.86,38
2043-03-06,Term 1 2043,1,4,0,50,0.7541,37.71,40
2043-03-09,Term 1 2043,2,0,0,50,0.7614,38.14,41
2043-03-10,Term 1 2043,2,1,0,50,0.7725,38.71,44
2043-03-11,Term 1 2043,2,2,0,50,0.7996,40.14,44
2043-03-12,Term 1 2043,2,3,0,50,0.8149,40.86,46
2043-03-13,Term 1 2043,2,4,0,50,0.8325,41.71,42
2043-03-16,Term 1 2043,3,0,0,50,0.8414,42.14,40
2043-03-17,Term 1 2043,3,1,0,50,0.8471,42.43,44
2043-03-18,Term 1 2043,3,2,0,50,0.8589,43.0,43
2043-03-19,Term 1 2043,3,3,0,50,0.8647,43.29,45
2043-03-20,Term 1 2043,3,4,0,50,0.8684,43.43,41
2043-03-23,Term 1 2043,4,0,0,50,0.8596,43.0,42
2043-03-24,Term 1 2043,4,1,0,50,0.8492,42.43,46
2043-03-25,Term 1 2043,4,2,0,50,0.8584,43.0,45
2043-03-26,Term 1 2043,4,3,0,50,0.8717,43.71,42
2043-03-27,Term 1 2043,4,4,0,50,0.8672,43.43,40
2043-03-30,Term 1 2043,5,0,0,50,0.8607,43.0,42
2043-03-31,Term 1 2043,5,1,0,50,0.8513,42.57,43
2043-04-01,Term 1 2043,5,2,0,50,0.8574,42.86,44
2043-04-02,Term 1 2043,5,3,0,50,0.8622,43.14,46
2043-04-03,Term 1 2043,5,4,0,50,0.8621,43.14,41
2043-04-06,Term 1 2043,6,0,0,50,0.8499,42.57,42
2043-04-07,Term 1 2043,6,1,0,50,0.8489,42.57,46
2043-04-08,Term 1 2043,6,2,0,50,0.8644,43.43,45
2043-04-09,Term 1 2043,6,3,0,50,0.8726,43.86,43
2043-04-10,Term 1 2043,6,4,0,50,0.8728,43.86,43
2043-04-13,Term 1 2043,7,0,0,50,0.87,43.71,43
2043-04-14,Term 1 2043,7,1,0,50,0.8629,43.29,44
2043-04-15,Term 1 2043,7,2,0,50,0.8735,43.71,44
2043-04-16,Term 1 2043,7,3,0,50,0.8792,44.0,46
2043-04-17,Term 1 2043,7,4,0,50,0.8793,44.0,42
2043-04-20,Term 1 2043,8,0,0,50,0.8716,43.57,41
2043-04-21,Term 1 2043,8,1,0,50,0.8664,43.29,45
2043-04-22,Term 1 2043,8,2,0,50,0.8738,43.57,45
2043-04-23,Term 1 2043,8,3,0,50,0.8795,43.86,45
2043-04-24,Term 1 2043,8,4,0,50,0.8819,44.0,42
2043-04-27,Term 1 2043,9,0,0,50,0.8765,43.71,40
2043-04-28,Term 1 2043,9,1,0,50,0.8586,42.86,46
2043-04-29,Term 1 2043,9,2,0,50,0.8696,43.43,45
2043-04-30,Term 1 2043,9,3,0,50,0.8811,44.0,44
2043-05-01,Term 1 2043,9,4,0,50,0.877,43.86,42
2043-05-04,Term 1 2043,10,0,0,50,0.8689,43.43,43
2043-05-05,Term 1 2043,10,1,0,50,0.8634,43.14,43
2043-05-06,Term 1 2043,10,2,0,50,0.8671,43.29,45
2043-05-07,Term 1 2043,10,3,0,50,0.882,44.0,44
2043-05-08,Term 1 2043,10,4,0,50,0.8756,43.71,43
2043-05-11,Term 1 2043,11,0,0,50,0.8678,43.43,43
2043-05-12,Term 1 2043,11,1,0,50,0.8661,43.29,42
2043-05-13,Term 1 2043,11,2,0,50,0.8664,43.29,44
2043-05-14,Term 1 2043,11,3,0,50,0.8689,43.43,46
2043-05-15,Term 1 2043,11,4,0,50,0.8758,43.86,40
2043-05-18,Term 1 2043,12,0,1,50,0.8632,43.14,35
2043-05-19,Term 1 2043,12,1,1,50,0.8396,41.86,39
2043-05-20,Term 1 2043,12,2,1,50,0.8297,41.29,39
2043-05-21,Term 1 2043,12,3,1,50,0.8162,40.71,37
2043-05-22,Term 1 2043,12,4,1,50,0.8,40.0,34
2043-05-25,Term 1 2043,13,0,1,50,0.7715,38.57,35
2043-05-26,Term 1 2043,13,1,1,50,0.7406,37.0,37
2043-05-27,Term 1 2043,13,2,1,50,0.7304,36.57,39
2043-05-28,Term 1 2043,13,3,1,50,0.7403,37.14,40
2043-05-29,Term 1 2043,13,4,1,50,0.7418,37.29,37
2043-06-15,Term 2 2043,1,0,0,50,0.7359,37.0,37
2043-06-16,Term 2 2043,1,1,0,50,0.7365,37.0,38
2043-06-17,Term 2 2043,1,2,0,50,0.7485,37.57,41
2043-06-18,Term 2 2043,1,3,0,50,0.7642,38.43,41
2043-06-19,Term 2 2043,1,4,0,50,0.7761,39.0,37
2043-06-22,Term 2 2043,2,0,0,50,0.7697,38.71,40
2043-06-23,Term 2 2043,2,1,0,50,0.7717,38.71,45
2043-06-24,Term 2 2043,2,2,0,50,0.7956,39.86,44
2043-06-25,Term 2 2043,2,3,0,50,0.8168,40.86,44
2043-06-26,Term 2 2043,2,4,0,50,0.8329,41.71,40
2043-06-29,Term 2 2043,3,0,0,50,0.8321,41.57,42
2043-06-30,Term 2 2043,3,1,0,50,0.8341,41.71,43
2043-07-01,Term 2 2043,3,2,0,50,0.8532,42.57,44
2043-07-02,Term 2 2043,3,3,0,50,0.8642,43.14,45
2043-07-03,Term 2 2043,3,4,0,50,0.8655,43.14,42
2043-07-06,Term 2 2043,4,0,0,50,0.8582,42.86,43
2043-07-07,Term 2 2043,4,1,0,50,0.8568,42.71,42
2043-07-08,Term 2 2043,4,2,0,50,0.8623,43.0,42
2043-07-09,Term 2 2043,4,3,0,50,0.8639,43.0,45
2043-07-10,Term 2 2043,4,4,0,50,0.8694,43.29,40
2043-07-13,Term 2 2043,5,0,0,50,0.858,42.71,40
2043-07-14,Term 2 2043,5,1,0,50,0.8427,42.0,45
2043-07-15,Term 2 2043,5,2,0,50,0.8525,42.43,45
2043-07-16,Term 2 2043,5,3,0,50,0.8559,42.71,44
2043-07-17,Term 2 2043,5,4,0,50,0.8607,43.0,43
2043-07-20,Term 2 2043,6,0,0,50,0.8621,43.14,43
2043-07-21,Term 2 2043,6,1,0,50,0.856,42.86,43
2043-07-22,Term 2 2043,6,2,0,50,0.8629,43.29,44
2043-07-23,Term 2 2043,6,3,0,50,0.8753,43.86,46
2043-07-24,Term 2 2043,6,4,0,50,0.8766,44.0,40
2043-07-27,Term 2 2043,7,0,0,50,0.8637,43.29,40
2043-07-28,Term 2 2043,7,1,0,50,0.8529,42.71,45
2043-07-29,Term 2 2043,7,2,0,50,0.8584,43.0,44
2043-07-30,Term 2 2043,7,3,0,50,0.8609,43.14,46
2043-07-31,Term 2 2043,7,4,0,50,0.8697,43.57,40
2043-08-03,Term 2 2043,8,0,0,50,0.8579,43.0,42
2043-08-04,Term 2 2043,8,1,0,50,0.8482,42.43,43
2043-08-05,Term 2 2043,8,2,0,50,0.855,42.86,43
2043-08-06,Term 2 2043,8,3,0,50,0.8625,43.29,42
2043-08-07,Term 2 2043,8,4,0,50,0.8556,42.86,41
2043-08-10,Term 2 2043,9,0,0,50,0.848,42.43,43
2043-08-11,Term 2 2043,9,1,0,50,0.8394,42.0,44
2043-08-12,Term 2 2043,9,2,0,50,0.8498,42.57,43
2043-08-13,Term 2 2043,9,3,0,50,0.8509,42.71,44
2043-08-14,Term 2 2043,9,4,0,50,0.8562,42.86,43
2043-08-17,Term 2 2043,10,0,0,50,0.8579,42.86,40
2043-08-18,Term 2 2043,10,1,0,50,0.8514,42.57,44
2043-08-19,Term 2 2043,10,2,0,50,0.8592,43.0,45
2043-08-20,Term 2 2043,10,3,0,50,0.8664,43.29,43
2043-08-21,Term 2 2043,10,4,0,50,0.8637,43.14,43
2043-08-24,Term 2 2043,11,0,0,50,0.8653,43.14,41
2043-08-25,Term 2 2043,11,1,0,50,0.8562,42.71,45
2043-08-26,Term 2 2043,11,2,0,50,0.8619,43.0,46
2043-08-27,Term 2 2043,11,3,0,50,0.879,43.86,45
2043-08-28,Term 2 2043,11,4,0,50,0.8811,44.0,41
2043-08-31,Term 2 2043,12,0,1,50,0.87,43.43,37
2043-09-01,Term 2 2043,12,1,1,50,0.8543,42.57,38
2043-09-02,Term 2 2043,12,2,1,50,0.8403,41.86,37
2043-09-03,Term 2 2043,12,3,1,50,0.827,41.29,39
2043-09-04,Term 2 2043,12,4,1,50,0.8101,40.43,37
2043-09-07,Term 2 2043,13,0,1,50,0.7851,39.14,37
2043-09-08,Term 2 2043,13,1,1,50,0.7618,38.0,38
2043-09-09,Term 2 2043,13,2,1,50,0.7534,37.57,37
2043-09-10,Term 2 2043,13,3,1,50,0.7532,37.57,36
2043-09-11,Term 2 2043,13,4,1,50,0.748,37.29,35
2043-09-28,Term 3 2043,1,0,0,50,0.7424,37.0,37
2043-09-29,Term 3 2043,1,1,0,50,0.7361,36.71,41
2043-09-30,Term 3 2043,1,2,0,50,0.7465,37.29,40
2043-10-01,Term 3 2043,1,3,0,50,0.7569,37.71,40
2043-10-02,Term 3 2043,1,4,0,50,0.7609,38.0,40
2043-10-05,Term 3 2043,2,0,0,50,0.7676,38.43,40
2043-10-06,Term 3 2043,2,1,0,50,0.7767,39.0,42
2043-10-07,Term 3 2043,2,2,0,50,0.7991,40.0,45
2043-10-08,Term 3 2043,2,3,0,50,0.8226,41.14,44
2043-10-09,Term 3 2043,2,4,0,50,0.8331,41.57,43
2043-10-12,Term 3 2043,3,0,0,50,0.8414,42.0,40
2043-10-13,Term 3 2043,3,1,0,50,0.8408,42.0,44
2043-10-14,Term 3 2043,3,2,0,50,0.8529,42.57,42
2043-10-15,Term 3 2043,3,3,0,50,0.8597,42.86,43
2043-10-16,Term 3 2043,3,4,0,50,0.8606,43.0,40
2043-10-19,Term 3 2043,4,0,0,50,0.8462,42.29,42
2043-10-20,Term 3 2043,4,1,0,50,0.8395,42.0,46
2043-10-21,Term 3 2043,4,2,0,50,0.8465,42.43,44
2043-10-22,Term 3 2043,4,3,0,50,0.8582,43.0,45
2043-10-23,Term 3 2043,4,4,0,50,0.8619,43.14,43
2043-10-26,Term 3 2043,5,0,0,50,0.8649,43.29,42
2043-10-27,Term 3 2043,5,1,0,50,0.8636,43.14,43
2043-10-28,Term 3 2043,5,2,0,50,0.8707,43.57,45
2043-10-29,Term 3 2043,5,3,0,50,0.8777,44.0,44
2043-10-30,Term 3 2043,5,4,0,50,0.8735,43.71,42
2043-11-02,Term 3 2043,6,0,0,50,0.8678,43.43,43
2043-11-03,Term 3 2043,6,1,0,50,0.8621,43.14,44
2043-11-04,Term 3 2043,6,2,0,50,0.866,43.29,42
2043-11-05,Term 3 2043,6,3,0,50,0.8656,43.29,43
2043-11-06,Term 3 2043,6,4,0,50,0.8653,43.29,42
2043-11-09,Term 3 2043,7,0,0,50,0.858,42.86,43
2043-11-10,Term 3 2043,7,1,0,50,0.8557,42.71,45
2043-11-11,Term 3 2043,7,2,0,50,0.8639,43.14,45
2043-11-12,Term 3 2043,7,3,0,50,0.8693,43.43,43
2043-11-13,Term 3 2043,7,4,0,50,0.8663,43.29,40
2043-11-16,Term 3 2043,8,0,0,50,0.8602,43.0,40
2043-11-17,Term 3 2043,8,1,0,50,0.8537,42.57,42
2043-11-18,Term 3 2043,8,2,0,50,0.855,42.57,44
2043-11-19,Term 3 2043,8,3,0,50,0.8574,42.71,42
2043-11-20,Term 3 2043,8,4,0,50,0.8513,42.29,41
2043-11-23,Term 3 2043,9,0,0,50,0.8408,41.71,43
2043-11-24,Term 3 2043,9,1,0,50,0.8384,41.71,44
2043-11-25,Term 3 2043,9,2,0,50,0.8502,42.29,43
2043-11-26,Term 3 2043,9,3,0,50,0.8572,42.71,45
2043-11-27,Term 3 2043,9,4,0,50,0.8646,43.14,43
2043-11-30,Term 3 2043,10,0,0,50,0.8604,43.0,41
2043-12-01,Term 3 2043,10,1,0,50,0.8553,42.86,43
2043-12-02,Term 3 2043,10,2,0,50,0.8591,43.14,45
2043-12-03,Term 3 2043,10,3,0,50,0.8666,43.43,45
2043-12-04,Term 3 2043,10,4,0,50,0.8683,43.57,44
2043-12-07,Term 3 2043,11,0,0,50,0.8711,43.71,41
2043-12-08,Term 3 2043,11,1,0,50,0.8606,43.14,43
2043-12-09,Term 3 2043,11,2,0,50,0.8608,43.14,45
2043-12-10,Term 3 2043,11,3,0,50,0.8725,43.71,42
2043-12-11,Term 3 2043,11,4,0,50,0.8707,43.57,43
2043-12-14,Term 3 2043,12,0,1,50,0.8633,43.29,35
2043-12-15,Term 3 2043,12,1,1,50,0.8344,41.86,38
2043-12-16,Term 3 2043,12,2,1,50,0.8169,41.0,37
2043-12-17,Term 3 2043,12,3,1,50,0.8053,40.43,39
2043-12-18,Term 3 2043,12,4,1,50,0.7953,39.86,37
2043-12-21,Term 3 2043,13,0,1,50,0.7735,38.71,34
2043-12-22,Term 3 2043,13,1,1,50,0.7492,37.57,39
2043-12-23,Term 3 2043,13,2,1,50,0.7389,37.0,40
2043-12-24,Term 3 2043,13,3,1,50,0.7533,37.71,37
2043-12-25,Term 3 2043,13,4,1,50,0.7504,37.57,37
2044-01-11,Term 1 2044,1,0,0,50,0.7498,37.57,37
2044-01-12,Term 1 2044,1,1,0,50,0.7447,37.29,38
2044-01-13,Term 1 2044,1,2,0,50,0.7488,37.43,42
2044-01-14,Term 1 2044,1,3,0,50,0.7714,38.57,41
2044-01-15,Term 1 2044,1,4,0,50,0.7769,38.86,38
2044-01-18,Term 1 2044,2,0,0,50,0.7731,38.57,41
2044-01-19,Term 1 2044,2,1,0,50,0.7848,39.14,43
2044-01-20,Term 1 2044,2,2,0,50,0.801,40.0,45
2044-01-21,Term 1 2044,2,3,0,50,0.8217,41.14,43
2044-01-22,Term 1 2044,2,4,0,50,0.8356,41.86,43
2044-01-25,Term 1 2044,3,0,0,50,0.8399,42.0,41
2044-01-26,Term 1 2044,3,1,0,50,0.8397,42.0,42
2044-01-27,Term 1 2044,3,2,0,50,0.8512,42.57,45
2044-01-28,Term 1 2044,3,3,0,50,0.863,43.14,45
2044-01-29,Term 1 2044,3,4,0,50,0.8707,43.43,42
2044-02-01,Term 1 2044,4,0,0,50,0.8616,43.0,40
2044-02-02,Term 1 2044,4,1,0,50,0.8532,42.57,44
2044-02-03,Term 1 2044,4,2,0,50,0.8554,42.71,44
2044-02-04,Term 1 2044,4,3,0,50,0.8644,43.14,46
2044-02-05,Term 1 2044,4,4,0,50,0.8734,43.71,41
2044-02-08,Term 1 2044,5,0,0,50,0.8609,43.14,43
2044-02-09,Term 1 2044,5,1,0,50,0.8545,42.86,44
2044-02-10,Term 1 2044,5,2,0,50,0.8611,43.14,44
2044-02-11,Term 1 2044,5,3,0,50,0.8701,43.71,43
2044-02-12,Term 1 2044,5,4,0,50,0.8663,43.57,43
2044-02-15,Term 1 2044,6,0,0,50,0.8633,43.43,42
2044-02-16,Term 1 2044,6,1,0,50,0.8532,42.86,46
2044-02-17,Term 1 2044,6,2,0,50,0.8684,43.57,43
2044-02-18,Term 1 2044,6,3,0,50,0.8672,43.57,43
2044-02-19,Term 1 2044,6,4,0,50,0.8635,43.43,43
2044-02-22,Term 1 2044,7,0,0,50,0.8613,43.29,40
2044-02-23,Term 1 2044,7,1,0,50,0.8533,42.86,43
2044-02-24,Term 1 2044,7,2,0,50,0.8523,42.86,45
2044-02-25,Term 1 2044,7,3,0,50,0.8619,43.29,44
2044-02-26,Term 1 2044,7,4,0,50,0.856,43.0,41
2044-02-29,Term 1 2044,8,0,0,50,0.85,42.71,41
2044-03-01,Term 1 2044,8,1,0,50,0.8453,42.43,46
2044-03-02,Term 1 2044,8,2,0,50,0.8532,42.86,44
2044-03-03,Term 1 2044,8,3,0,50,0.8666,43.43,45
2044-03-04,Term 1 2044,8,4,0,50,0.8741,43.71,43
2044-03-07,Term 1 2044,9,0,0,50,0.8659,43.43,42
2044-03-08,Term 1 2044,9,1,0,50,0.8605,43.14,43
2044-03-09,Term 1 2044,9,2,0,50,0.8662,43.43,46
2044-03-10,Term 1 2044,9,3,0,50,0.8805,44.14,45
2044-03-11,Term 1 2044,9,4,0,50,0.8801,44.0,40
2044-03-14,Term 1 2044,10,0,0,50,0.8685,43.43,43
2044-03-15,Term 1 2044,10,1,0,50,0.8621,43.14,44
2044-03-16,Term 1 2044,10,2,0,50,0.8662,43.29,46
2044-03-17,Term 1 2044,10,3,0,50,0.8777,43.86,44
2044-03-18,Term 1 2044,10,4,0,50,0.8825,44.0,43
2044-03-21,Term 1 2044,11,0,0,50,0.8753,43.57,41
2044-03-22,Term 1 2044,11,1,0,50,0.8616,43.0,45
2044-03-23,Term 1 2044,11,2,0,50,0.8746,43.71,45
2044-03-24,Term 1 2044,11,3,0,50,0.8804,44.0,43
2044-03-25,Term 1 2044,11,4,0,50,0.8776,43.86,41
2044-03-28,Term 1 2044,12,0,1,50,0.8643,43.14,36
2044-03-29,Term 1 2044,12,1,1,50,0.8398,42.0,40
2044-03-30,Term 1 2044,12,2,1,50,0.829,41.57,38
2044-03-31,Term 1 2044,12,3,1,50,0.8226,41.14,37
2044-04-01,Term 1 2044,12,4,1,50,0.7988,40.0,36
2044-04-04,Term 1 2044,13,0,1,50,0.7741,38.71,34
2044-04-05,Term 1 2044,13,1,1,50,0.7471,37.43,40
2044-04-06,Term 1 2044,13,2,1,50,0.7431,37.29,36
2044-04-07,Term 1 2044,13,3,1,50,0.7441,37.29,38
2044-04-08,Term 1 2044,13,4,1,50,0.7393,37.0,37
2044-04-25,Term 2 2044,1,0,0,50,0.7356,36.86,36
2044-04-26,Term 2 2044,1,1,0,50,0.7328,36.71,40
2044-04-27,Term 2 2044,1,2,0,50,0.7438,37.29,40
2044-04-28,Term 2 2044,1,3,0,50,0.762,38.14,41
2044-04-29,Term 2 2044,1,4,0,50,0.7657,38.29,39
2044-05-02,Term 2 2044,2,0,0,50,0.7746,38.71,41
2044-05-03,Term 2 2044,2,1,0,50,0.7844,39.14,43
2044-05-04,Term 2 2044,2,2,0,50,0.8012,40.0,44
2044-05-05,Term 2 2044,2,3,0,50,0.8258,41.14,42
2044-05-06,Term 2 2044,2,4,0,50,0.8313,41.43,43
2044-05-09,Term 2 2044,3,0,0,50,0.8399,41.86,43
2044-05-10,Term 2 2044,3,1,0,50,0.8459,42.14,43
2044-05-11,Term 2 2044,3,2,0,50,0.8552,42.71,43
2044-05-12,Term 2 2044,3,3,0,50,0.8605,43.0,45
2044-05-13,Term 2 2044,3,4,0,50,0.8652,43.29,40
2044-05-16,Term 2 2044,4,0,0,50,0.8541,42.71,41
2044-05-17,Term 2 2044,4,1,0,50,0.8523,42.57,43
2044-05-18,Term 2 2044,4,2,0,50,0.8532,42.57,45
2044-05-19,Term 2 2044,4,3,0,50,0.8575,42.86,45
2044-05-20,Term 2 2044,4,4,0,50,0.8658,43.14,43
2044-05-23,Term 2 2044,5,0,0,50,0.8652,43.14,40
2044-05-24,Term 2 2044,5,1,0,50,0.851,42.43,44
2044-05-25,Term 2 2044,5,2,0,50,0.8608,43.0,45
2044-05-26,Term 2 2044,5,3,0,50,0.8713,43.57,45
2044-05-27,Term 2 2044,5,4,0,50,0.8778,43.86,42
2044-05-30,Term 2 2044,6,0,0,50,0.8687,43.43,43
2044-05-31,Term 2 2044,6,1,0,50,0.8608,43.14,43
2044-06-01,Term 2 2044,6,2,0,50,0.8622,43.14,44
2044-06-02,Term 2 2044,6,3,0,50,0.8743,43.71,45
2044-06-03,Term 2 2044,6,4,0,50,0.8764,43.86,43
2044-06-06,Term 2 2044,7,0,0,50,0.8717,43.57,40
2044-06-07,Term 2 2044,7,1,0,50,0.8554,42.86,46
2044-06-08,Term 2 2044,7,2,0,50,0.8667,43.43,43
2044-06-09,Term 2 2044,7,3,0,50,0.8686,43.43,42
2044-06-10,Term 2 2044,7,4,0,50,0.8647,43.29,42
2044-06-13,Term 2 2044,8,0,0,50,0.8586,43.0,41
2044-06-14,Term 2 2044,8,1,0,50,0.8473,42.43,46
2044-06-15,Term 2 2044,8,2,0,50,0.854,42.86,44
2044-06-16,Term 2 2044,8,3,0,50,0.8665,43.43,45
2044-06-17,Term 2 2044,8,4,0,50,0.8654,43.29,43
2044-06-20,Term 2 2044,9,0,0,50,0.8649,43.29,40
2044-06-21,Term 2 2044,9,1,0,50,0.8583,43.0,46
2044-06-22,Term 2 2044,9,2,0,50,0.8692,43.57,45
2044-06-23,Term 2 2044,9,3,0,50,0.8817,44.14,42
2044-06-24,Term 2 2044,9,4,0,50,0.8715,43.57,44
2044-06-27,Term 2 2044,10,0,0,50,0.8704,43.57,42
2044-06-28,Term 2 2044,10,1,0,50,0.8618,43.14,46
2044-06-29,Term 2 2044,10,2,0,50,0.8687,43.57,42
2044-06-30,Term 2 2044,10,3,0,50,0.8762,43.86,43
2044-07-01,Term 2 2044,10,4,0,50,0.8703,43.43,42
2044-07-04,Term 2 2044,11,0,0,50,0.8632,43.0,41
2044-07-05,Term 2 2044,11,1,0,50,0.8596,42.86,43
2044-07-06,Term 2 2044,11,2,0,50,0.8565,42.71,44
2044-07-07,Term 2 2044,11,3,0,50,0.8624,43.0,42
2044-07-08,Term 2 2044,11,4,0,50,0.853,42.43,43
2044-07-11,Term 2 2044,12,0,1,50,0.8541,42.57,34
2044-07-12,Term 2 2044,12,1,1,50,0.828,41.29,40
2044-07-13,Term 2 2044,12,2,1,50,0.8207,41.0,37
2044-07-14,Term 2 2044,12,3,1,50,0.8093,40.43,36
2044-07-15,Term 2 2044,12,4,1,50,0.7914,39.43,36
2044-07-18,Term 2 2044,13,0,1,50,0.7676,38.29,37
2044-07-19,Term 2 2044,13,1,1,50,0.7533,37.57,38
2044-07-20,Term 2 2044,13,2,1,50,0.7404,36.86,40
2044-07-21,Term 2 2044,13,3,1,50,0.7562,37.71,37
2044-07-22,Term 2 2044,13,4,1,50,0.7474,37.29,37
2044-08-08,Term 3 2044,1,0,0,50,0.7474,37.29,36
2044-08-09,Term 3 2044,1,1,0,50,0.7473,37.29,39
2044-08-10,Term 3 2044,1,2,0,50,0.7573,37.71,39
2044-08-11,Term 3 2044,1,3,0,50,0.7624,38.0,41
2044-08-12,Term 3 2044,1,4,0,50,0.7693,38.43,37
2044-08-15,Term 3 2044,2,0,0,50,0.7615,38.0,40
2044-08-16,Term 3 2044,2,1,0,50,0.7698,38.43,43
2044-08-17,Term 3 2044,2,2,0,50,0.7881,39.29,44
2044-08-18,Term 3 2044,2,3,0,50,0.8097,40.43,44
2044-08-19,Term 3 2044,2,4,0,50,0.8231,41.14,40
2044-08-22,Term 3 2044,3,0,0,50,0.8272,41.29,42
2044-08-23,Term 3 2044,3,1,0,50,0.8318,41.43,45
2044-08-24,Term 3 2044,3,2,0,50,0.8535,42.57,44
2044-08-25,Term 3 2044,3,3,0,50,0.866,43.14,43
2044-08-26,Term 3 2044,3,4,0,50,0.8654,43.14,42
2044-08-29,Term 3 2044,4,0,0,50,0.8612,42.86,43
2044-08-30,Term 3 2044,4,1,0,50,0.8572,42.71,46
2044-08-31,Term 3 2044,4,2,0,50,0.8723,43.57,45
2044-09-01,Term 3 2044,4,3,0,50,0.8806,44.0,46
2044-09-02,Term 3 2044,4,4,0,50,0.8836,44.14,40
2044-09-05,Term 3 2044,5,0,0,50,0.8726,43.57,43
2044-09-06,Term 3 2044,5,1,0,50,0.8723,43.57,44
2044-09-07,Term 3 2044,5,2,0,50,0.8761,43.86,42
2044-09-08,Term 3 2044,5,3,0,50,0.875,43.71,46
2044-09-09,Term 3 2044,5,4,0,50,0.8745,43.71,41
2044-09-12,Term 3 2044,6,0,0,50,0.8628,43.14,43
2044-09-13,Term 3 2044,6,1,0,50,0.8559,42.71,42
2044-09-14,Term 3 2044,6,2,0,50,0.8621,43.0,43
2044-09-15,Term 3 2044,6,3,0,50,0.8622,43.0,45
2044-09-16,Term 3 2044,6,4,0,50,0.8649,43.14,42
2044-09-19,Term 3 2044,7,0,0,50,0.864,43.14,43
2044-09-20,Term 3 2044,7,1,0,50,0.8566,42.71,44
2044-09-21,Term 3 2044,7,2,0,50,0.8649,43.14,45
2044-09-22,Term 3 2044,7,3,0,50,0.8683,43.43,43
2044-09-23,Term 3 2044,7,4,0,50,0.8704,43.57,44
2044-09-26,Term 3 2044,8,0,0,50,0.8726,43.71,42
2044-09-27,Term 3 2044,8,1,0,50,0.8637,43.29,43
2044-09-28,Term 3 2044,8,2,0,50,0.8653,43.43,43
2044-09-29,Term 3 2044,8,3,0,50,0.8664,43.43,44
2044-09-30,Term 3 2044,8,4,0,50,0.8655,43.43,43
2044-10-03,Term 3 2044,9,0,0,50,0.86,43.14,41
2044-10-04,Term 3 2044,9,1,0,50,0.8528,42.86,42
2044-10-05,Term 3 2044,9,2,0,50,0.8481,42.57,45
2044-10-06,Term 3 2044,9,3,0,50,0.8591,43.0,43
2044-10-07,Term 3 2044,9,4,0,50,0.8602,43.0,44
2044-10-10,Term 3 2044,10,0,0,50,0.8614,43.14,42
2044-10-11,Term 3 2044,10,1,0,50,0.8565,42.86,44
2044-10-12,Term 3 2044,10,2,0,50,0.8596,43.0,43
2044-10-13,Term 3 2044,10,3,0,50,0.8673,43.29,45
2044-10-14,Term 3 2044,10,4,0,50,0.874,43.71,41
2044-10-17,Term 3 2044,11,0,0,50,0.862,43.14,42
2044-10-18,Term 3 2044,11,1,0,50,0.859,43.0,45
2044-10-19,Term 3 2044,11,2,0,50,0.8618,43.14,45
2044-10-20,Term 3 2044,11,3,0,50,0.8712,43.57,44
2044-10-21,Term 3 2044,11,4,0,50,0.8716,43.57,41
2044-10-24,Term 3 2044,12,0,1,50,0.8655,43.29,34
2044-10-25,Term 3 2044,12,1,1,50,0.8353,41.71,39
2044-10-26,Term 3 2044,12,2,1,50,0.8292,41.43,37
2044-10-27,Term 3 2044,12,3,1,50,0.8143,40.71,37
2044-10-28,Term 3 2044,12,4,1,50,0.7922,39.57,36
2044-10-31,Term 3 2044,13,0,1,50,0.7653,38.29,37
2044-11-01,Term 3 2044,13,1,1,50,0.747,37.29,39
2044-11-02,Term 3 2044,13,2,1,50,0.7409,37.0,36
2044-11-03,Term 3 2044,13,3,1,50,0.7471,37.29,37
2044-11-04,Term 3 2044,13,4,1,50,0.7421,37.0,36
2044-11-21,Term 1 2044,1,0,0,50,0.7396,36.86,36
2044-11-22,Term 1 2044,1,1,0,50,0.7371,36.71,42
2044-11-23,Term 1 2044,1,2,0,50,0.7536,37.57,41
2044-11-24,Term 1 2044,1,3,0,50,0.7635,38.14,39
2044-11-25,Term 1 2044,1,4,0,50,0.7636,38.14,40
2044-11-28,Term 1 2044,2,0,0,50,0.7742,38.71,43
2044-11-29,Term 1 2044,2,1,0,50,0.7898,39.57,45
2044-11-30,Term 1 2044,2,2,0,50,0.8153,40.86,45
2044-12-01,Term 1 2044,2,3,0,50,0.8396,42.14,43
2044-12-02,Term 1 2044,2,4,0,50,0.8422,42.29,41
2044-12-05,Term 1 2044,3,0,0,50,0.8425,42.29,40
2044-12-06,Term 1 2044,3,1,0,50,0.844,42.43,43
2044-12-07,Term 1 2044,3,2,0,50,0.8537,42.86,43
2044-12-08,Term 1 2044,3,3,0,50,0.8527,42.86,43
2044-12-09,Term 1 2044,3,4,0,50,0.8477,42.57,41
2044-12-12,Term 1 2044,4,0,0,50,0.8365,42.0,42
2044-12-13,Term 1 2044,4,1,0,50,0.834,41.86,42
2044-12-14,Term 1 2044,4,2,0,50,0.8374,42.0,43
2044-12-15,Term 1 2044,4,3,0,50,0.8477,42.43,43
2044-12-16,Term 1 2044,4,4,0,50,0.8481,42.43,41
2044-12-19,Term 1 2044,5,0,0,50,0.8452,42.14,42
2044-12-20,Term 1 2044,5,1,0,50,0.8412,42.0,43
2044-12-21,Term 1 2044,5,2,0,50,0.8467,42.29,43
2044-12-22,Term 1 2044,5,3,0,50,0.8508,42.43,46
2044-12-23,Term 1 2044,5,4,0,50,0.8609,43.0,42
2044-12-26,Term 1 2044,6,0,0,50,0.8562,42.86,41
2044-12-27,Term 1 2044,6,1,0,50,0.8509,42.57,43
2044-12-28,Term 1 2044,6,2,0,50,0.854,42.86,44
2044-12-29,Term 1 2044,6,3,0,50,0.8602,43.14,43
2044-12-30,Term 1 2044,6,4,0,50,0.862,43.14,40
2045-01-02,Term 1 2044,7,0,0,50,0.8529,42.71,42
2045-01-03,Term 1 2044,7,1,0,50,0.8437,42.14,46
2045-01-04,Term 1 2044,7,2,0,50,0.8559,42.71,43
2045-01-05,Term 1 2044,7,3,0,50,0.8611,43.0,45
2045-01-06,Term 1 2044,7,4,0,50,0.8675,43.29,42
2045-01-09,Term 1 2044,8,0,0,50,0.862,43.0,41
2045-01-10,Term 1 2044,8,1,0,50,0.8545,42.71,46
2045-01-11,Term 1 2044,8,2,0,50,0.8709,43.57,46
2045-01-12,Term 1 2044,8,3,0,50,0.8809,44.14,44
2045-01-13,Term 1 2044,8,4,0,50,0.8763,43.86,41
2045-01-16,Term 1 2044,9,0,0,50,0.8685,43.57,42
2045-01-17,Term 1 2044,9,1,0,50,0.8597,43.14,46
2045-01-18,Term 1 2044,9,2,0,50,0.8704,43.71,44
2045-01-19,Term 1 2044,9,3,0,50,0.8793,44.14,45
2045-01-20,Term 1 2044,9,4,0,50,0.8764,44.0,43
2045-01-23,Term 1 2044,10,0,0,50,0.8678,43.57,43
2045-01-24,Term 1 2044,10,1,0,50,0.8644,43.43,43
2045-01-25,Term 1 2044,10,2,0,50,0.87,43.71,44
2045-01-26,Term 1 2044,10,3,0,50,0.877,44.0,43
2045-01-27,Term 1 2044,10,4,0,50,0.8701,43.57,42
2045-01-30,Term 1 2044,11,0,0,50,0.8639,43.29,43
2045-01-31,Term 1 2044,11,1,0,50,0.8585,43.0,44
2045-02-01,Term 1 2044,11,2,0,50,0.861,43.14,42
2045-02-02,Term 1 2044,11,3,0,50,0.8589,43.0,42
2045-02-03,Term 1 2044,11,4,0,50,0.8579,42.86,43
2045-02-06,Term 1 2044,12,0,1,50,0.8533,42.71,36
2045-02-07,Term 1 2044,12,1,1,50,0.8321,41.71,37
2045-02-08,Term 1 2044,12,2,1,50,0.8187,41.0,40
2045-02-09,Term 1 2044,12,3,1,50,0.8097,40.57,37
2045-02-10,Term 1 2044,12,4,1,50,0.7907,39.57,34
2045-02-13,Term 1 2044,13,0,1,50,0.767,38.43,36
2045-02-14,Term 1 2044,13,1,1,50,0.7483,37.57,38
2045-02-15,Term 1 2044,13,2,1,50,0.7346,36.86,39
2045-02-16,Term 1 2044,13,3,1,50,0.7427,37.29,36
2045-02-17,Term 1 2044,13,4,1,50,0.7412,37.14,36
2045-03-06,Term 2 2045,1,0,0,50,0.7306,36.57,36
2045-03-07,Term 2 2045,1,1,0,50,0.7282,36.43,39
2045-03-08,Term 2 2045,1,2,0,50,0.743,37.14,40
2045-03-09,Term 2 2045,1,3,0,50,0.7567,37.71,42
2045-03-10,Term 2 2045,1,4,0,50,0.7681,38.29,40
2045-03-13,Term 2 2045,2,0,0,50,0.7708,38.43,41
2045-03-14,Term 2 2045,2,1,0,50,0.7839,39.14,43
2045-03-15,Term 2 2045,2,2,0,50,0.8026,40.14,45
2045-03-16,Term 2 2045,2,3,0,50,0.8287,41.43,43
2045-03-17,Term 2 2045,2,4,0,50,0.8407,42.0,41
2045-03-20,Term 2 2045,3,0,0,50,0.8438,42.14,41
2045-03-21,Term 2 2045,3,1,0,50,0.8406,42.0,43
2045-03-22,Term 2 2045,3,2,0,50,0.8513,42.43,46
2045-03-23,Term 2 2045,3,3,0,50,0.8655,43.14,45
2045-03-24,Term 2 2045,3,4,0,50,0.8738,43.43,40
2045-03-27,Term 2 2045,4,0,0,50,0.8593,42.71,42
2045-03-28,Term 2 2045,4,1,0,50,0.8563,42.57,44
2045-03-29,Term 2 2045,4,2,0,50,0.8628,43.0,46
2045-03-30,Term 2 2045,4,3,0,50,0.878,43.71,45
2045-03-31,Term 2 2045,4,4,0,50,0.8832,44.0,41
2045-04-03,Term 2 2045,5,0,0,50,0.8696,43.29,43
2045-04-04,Term 2 2045,5,1,0,50,0.8617,43.0,46
2045-04-05,Term 2 2045,5,2,0,50,0.8775,43.86,44
2045-04-06,Term 2 2045,5,3,0,50,0.8812,44.14,46
2045-04-07,Term 2 2045,5,4,0,50,0.8864,44.43,41
2045-04-10,Term 2 2045,6,0,0,50,0.8709,43.71,42
2045-04-11,Term 2 2045,6,1,0,50,0.8613,43.29,42
2045-04-12,Term 2 2045,6,2,0,50,0.8647,43.43,43
2045-04-13,Term 2 2045,6,3,0,50,0.865,43.43,44
2045-04-14,Term 2 2045,6,4,0,50,0.8593,43.14,43
2045-04-17,Term 2 2045,7,0,0,50,0.8587,43.0,43
2045-04-18,Term 2 2045,7,1,0,50,0.8526,42.57,42
2045-04-19,Term 2 2045,7,2,0,50,0.8574,42.71,46
2045-04-20,Term 2 2045,7,3,0,50,0.8688,43.29,45
2045-04-21,Term 2 2045,7,4,0,50,0.8765,43.71,40
2045-04-24,Term 2 2045,8,0,0,50,0.8694,43.29,41
2045-04-25,Term 2 2045,8,1,0,50,0.8615,42.86,46
2045-04-26,Term 2 2045,8,2,0,50,0.8678,43.29,44
2045-04-27,Term 2 2045,8,3,0,50,0.8684,43.43,44
2045-04-28,Term 2 2045,8,4,0,50,0.874,43.71,43
2045-05-01,Term 2 2045,9,0,0,50,0.8654,43.29,43
2045-05-02,Term 2 2045,9,1,0,50,0.8583,43.0,43
2045-05-03,Term 2 2045,9,2,0,50,0.8646,43.43,43
2045-05-04,Term 2 2045,9,3,0,50,0.8691,43.71,44
2045-05-05,Term 2 2045,9,4,0,50,0.863,43.43,42
2045-05-08,Term 2 2045,10,0,0,50,0.8589,43.14,40
2045-05-09,Term 2 2045,10,1,0,50,0.8459,42.57,45
2045-05-10,Term 2 2045,10,2,0,50,0.8529,42.86,45
2045-05-11,Term 2 2045,10,3,0,50,0.861,43.14,43
2045-05-12,Term 2 2045,10,4,0,50,0.8629,43.14,42
2045-05-15,Term 2 2045,11,0,0,50,0.8614,43.0,41
2045-05-16,Term 2 2045,11,1,0,50,0.8552,42.57,42
2045-05-17,Term 2 2045,11,2,0,50,0.8549,42.57,42
2045-05-18,Term 2 2045,11,3,0,50,0.8616,42.86,43
2045-05-19,Term 2 2045,11,4,0,50,0.8552,42.57,44
2045-05-22,Term 2 2045,12,0,1,50,0.8508,42.43,37
2045-05-23,Term 2 2045,12,1,1,50,0.8326,41.57,38
2045-05-24,Term 2 2045,12,2,1,50,0.8202,41.0,39
2045-05-25,Term 2 2045,12,3,1,50,0.8124,40.71,40
2045-05-26,Term 2 2045,12,4,1,50,0.8051,40.43,36
2045-05-29,Term 2 2045,13,0,1,50,0.787,39.57,35
2045-05-30,Term 2 2045,13,1,1,50,0.7654,38.43,39
2045-05-31,Term 2 2045,13,2,1,50,0.7509,37.71,37
2045-06-01,Term 2 2045,13,3,1,50,0.7513,37.71,36
2045-06-02,Term 2 2045,13,4,1,50,0.7472,37.43,35
2045-06-19,Term 3 2045,1,0,0,50,0.7372,36.86,39
2045-06-20,Term 3 2045,1,1,0,50,0.7369,36.71,38
2045-06-21,Term 3 2045,1,2,0,50,0.7444,37.0,41
2045-06-22,Term 3 2045,1,3,0,50,0.7601,37.86,40
2045-06-23,Term 3 2045,1,4,0,50,0.7646,38.0,38
2045-06-26,Term 3 2045,2,0,0,50,0.7683,38.14,43
2045-06-27,Term 3 2045,2,1,0,50,0.7868,39.14,45
2045-06-28,Term 3 2045,2,2,0,50,0.8137,40.57,44
2045-06-29,Term 3 2045,2,3,0,50,0.8263,41.29,45
2045-06-30,Term 3 2045,2,4,0,50,0.8449,42.29,40
2045-07-03,Term 3 2045,3,0,0,50,0.8435,42.14,42
2045-07-04,Term 3 2045,3,1,0,50,0.847,42.43,44
2045-07-05,Term 3 2045,3,2,0,50,0.8643,43.29,45
2045-07-06,Term 3 2045,3,3,0,50,0.8711,43.57,43
2045-07-07,Term 3 2045,3,4,0,50,0.8658,43.29,40
2045-07-10,Term 3 2045,4,0,0,50,0.8553,42.71,41
2045-07-11,Term 3 2045,4,1,0,50,0.8439,42.14,46
2045-07-12,Term 3 2045,4,2,0,50,0.8583,43.0,43
2045-07-13,Term 3 2045,4,3,0,50,0.8611,43.14,43
2045-07-14,Term 3 2045,4,4,0,50,0.8564,43.0,41
2045-07-17,Term 3 2045,5,0,0,50,0.8442,42.43,41
2045-07-18,Term 3 2045,5,1,0,50,0.84,42.14,46
2045-07-19,Term 3 2045,5,2,0,50,0.8555,43.0,43
2045-07-20,Term 3 2045,5,3,0,50,0.863,43.29,43
2045-07-21,Term 3 2045,5,4,0,50,0.8563,42.86,42
2045-07-24,Term 3 2045,6,0,0,50,0.8551,42.71,43
2045-07-25,Term 3 2045,6,1,0,50,0.8568,42.71,44
2045-07-26,Term 3 2045,6,2,0,50,0.8652,43.14,45
2045-07-27,Term 3 2045,6,3,0,50,0.8763,43.71,43
2045-07-28,Term 3 2045,6,4,0,50,0.868,43.29,40
2045-07-31,Term 3 2045,7,0,0,50,0.8593,42.86,43
2045-08-01,Term 3 2045,7,1,0,50,0.8575,42.86,44
2045-08-02,Term 3 2045,7,2,0,50,0.8633,43.14,45
2045-08-03,Term 3 2045,7,3,0,50,0.8697,43.43,45
2045-08-04,Term 3 2045,7,4,0,50,0.8733,43.57,43
2045-08-07,Term 3 2045,8,0,0,50,0.8667,43.29,41
2045-08-08,Term 3 2045,8,1,0,50,0.8609,43.0,45
2045-08-09,Term 3 2045,8,2,0,50,0.8733,43.71,45
2045-08-10,Term 3 2045,8,3,0,50,0.8797,44.0,42
2045-08-11,Term 3 2045,8,4,0,50,0.8746,43.71,42
2045-08-14,Term 3 2045,9,0,0,50,0.8656,43.29,43
2045-08-15,Term 3 2045,9,1,0,50,0.8584,43.0,42
2045-08-16,Term 3 2045,9,2,0,50,0.8564,42.86,44
2045-08-17,Term 3 2045,9,3,0,50,0.8661,43.29,43
2045-08-18,Term 3 2045,9,4,0,50,0.8625,43.0,42
2045-08-21,Term 3 2045,10,0,0,50,0.8544,42.57,41
2045-08-22,Term 3 2045,10,1,0,50,0.8501,42.43,46
2045-08-23,Term 3 2045,10,2,0,50,0.8596,43.0,42
2045-08-24,Term 3 2045,10,3,0,50,0.8585,42.86,43
2045-08-25,Term 3 2045,10,4,0,50,0.8601,43.0,41
2045-08-28,Term 3 2045,11,0,0,50,0.851,42.57,40
2045-08-29,Term 3 2045,11,1,0,50,0.8418,42.14,46
2045-08-30,Term 3 2045,11,2,0,50,0.8522,42.71,44
2045-08-31,Term 3 2045,11,3,0,50,0.8625,43.14,45
2045-09-01,Term 3 2045,11,4,0,50,0.8615,43.0,42
2045-09-04,Term 3 2045,12,0,1,50,0.8607,43.0,36
2045-09-05,Term 3 2045,12,1,1,50,0.8407,42.0,38
2045-09-06,Term 3 2045,12,2,1,50,0.833,41.57,39
2045-09-07,Term 3 2045,12,3,1,50,0.8295,41.43,36
2045-09-08,Term 3 2045,12,4,1,50,0.8034,40.0,36
2045-09-11,Term 3 2045,13,0,1,50,0.7788,38.86,34
2045-09-12,Term 3 2045,13,1,1,50,0.7459,37.29,39
2045-09-13,Term 3 2045,13,2,1,50,0.7378,36.86,40
2045-09-14,Term 3 2045,13,3,1,50,0.7494,37.43,38
2045-09-15,Term 3 2045,13,4,1,50,0.7486,37.43,35
2045-10-02,Term 1 2045,1,0,0,50,0.7378,36.86,37
2045-10-03,Term 1 2045,1,1,0,50,0.7392,37.0,41
2045-10-04,Term 1 2045,1,2,0,50,0.7547,37.71,42
2045-10-05,Term 1 2045,1,3,0,50,0.7769,38.86,40
2045-10-06,Term 1 2045,1,4,0,50,0.7801,39.0,39
2045-10-09,Term 1 2045,2,0,0,50,0.7783,38.86,41
2045-10-10,Term 1 2045,2,1,0,50,0.7867,39.29,45
2045-10-11,Term 1 2045,2,2,0,50,0.8141,40.71,42
2045-10-12,Term 1 2045,2,3,0,50,0.8289,41.43,45
2045-10-13,Term 1 2045,2,4,0,50,0.8403,42.0,41
2045-10-16,Term 1 2045,3,0,0,50,0.8383,41.86,43
2045-10-17,Term 1 2045,3,1,0,50,0.8456,42.29,43
2045-10-18,Term 1 2045,3,2,0,50,0.8556,42.86,43
2045-10-19,Term 1 2045,3,3,0,50,0.8614,43.14,43
2045-10-20,Term 1 2045,3,4,0,50,0.8548,42.86,41
2045-10-23,Term 1 2045,4,0,0,50,0.8502,42.71,40
2045-10-24,Term 1 2045,4,1,0,50,0.8346,42.0,45
2045-10-25,Term 1 2045,4,2,0,50,0.8457,42.57,45
2045-10-26,Term 1 2045,4,3,0,50,0.852,42.86,42
2045-10-27,Term 1 2045,4,4,0,50,0.8513,42.71,43
2045-10-30,Term 1 2045,5,0,0,50,0.8518,42.71,43
2045-10-31,Term 1 2045,5,1,0,50,0.8519,42.71,42
2045-11-01,Term 1 2045,5,2,0,50,0.8566,42.86,42
2045-11-02,Term 1 2045,5,3,0,50,0.8641,43.14,45
2045-11-03,Term 1 2045,5,4,0,50,0.8653,43.14,42
2045-11-06,Term 1 2045,6,0,0,50,0.8565,42.71,40
2045-11-07,Term 1 2045,6,1,0,50,0.8491,42.43,42
2045-11-08,Term 1 2045,6,2,0,50,0.8473,42.29,43
2045-11-09,Term 1 2045,6,3,0,50,0.8487,42.29,42
2045-11-10,Term 1 2045,6,4,0,50,0.849,42.29,43
2045-11-13,Term 1 2045,7,0,0,50,0.8497,42.43,43
2045-11-14,Term 1 2045,7,1,0,50,0.8421,42.14,45
2045-11-15,Term 1 2045,7,2,0,50,0.8509,42.57,46
2045-11-16,Term 1 2045,7,3,0,50,0.8679,43.43,43
2045-11-17,Term 1 2045,7,4,0,50,0.8688,43.57,44
2045-11-20,Term 1 2045,8,0,0,50,0.8705,43.71,40
2045-11-21,Term 1 2045,8,1,0,50,0.8648,43.43,43
2045-11-22,Term 1 2045,8,2,0,50,0.8669,43.43,42
2045-11-23,Term 1 2045,8,3,0,50,0.8664,43.29,45
2045-11-24,Term 1 2045,8,4,0,50,0.8671,43.29,44
2045-11-27,Term 1 2045,9,0,0,50,0.8617,43.0,43
2045-11-28,Term 1 2045,9,1,0,50,0.863,43.0,43
2045-11-29,Term 1 2045,9,2,0,50,0.8624,42.86,43
2045-11-30,Term 1 2045,9,3,0,50,0.8693,43.29,44
2045-12-01,Term 1 2045,9,4,0,50,0.871,43.43,43
2045-12-04,Term 1 2045,10,0,0,50,0.8726,43.57,40
2045-12-05,Term 1 2045,10,1,0,50,0.8585,42.86,44
2045-12-06,Term 1 2045,10,2,0,50,0.86,42.86,42
2045-12-07,Term 1 2045,10,3,0,50,0.8574,42.71,44
2045-12-08,Term 1 2045,10,4,0,50,0.86,42.86,40
2045-12-11,Term 1 2045,11,0,0,50,0.8527,42.43,40
2045-12-12,Term 1 2045,11,1,0,50,0.8423,41.86,43
2045-12-13,Term 1 2045,11,2,0,50,0.8418,41.86,43
2045-12-14,Term 1 2045,11,3,0,50,0.8494,42.29,46
2045-12-15,Term 1 2045,11,4,0,50,0.8532,42.57,42
2045-12-18,Term 1 2045,12,0,1,50,0.8525,42.57,37
2045-12-19,Term 1 2045,12,1,1,50,0.8328,41.57,36
2045-12-20,Term 1 2045,12,2,1,50,0.8223,41.0,37
2045-12-21,Term 1 2045,12,3,1,50,0.8123,40.57,38
2045-12-22,Term 1 2045,12,4,1,50,0.7987,39.86,37
2045-12-25,Term 1 2045,13,0,1,50,0.7807,39.0,35
2045-12-26,Term 1 2045,13,1,1,50,0.7503,37.43,38
2045-12-27,Term 1 2045,13,2,1,50,0.7395,36.86,38
2045-12-28,Term 1 2045,13,3,1,50,0.7405,37.0,40
2045-12-29,Term 1 2045,13,4,1,50,0.7503,37.57,35
2046-01-15,Term 2 2046,1,0,0,50,0.7442,37.29,37
2046-01-16,Term 2 2046,1,1,0,50,0.7411,37.14,40
2046-01-17,Term 2 2046,1,2,0,50,0.7488,37.57,39
2046-01-18,Term 2 2046,1,3,0,50,0.7599,38.14,39
2046-01-19,Term 2 2046,1,4,0,50,0.7615,38.29,36
2046-01-22,Term 2 2046,2,0,0,50,0.7577,38.0,43
2046-01-23,Term 2 2046,2,1,0,50,0.7681,38.43,42
2046-01-24,Term 2 2046,2,2,0,50,0.7903,39.43,42
2046-01-25,Term 2 2046,2,3,0,50,0.806,40.14,43
2046-01-26,Term 2 2046,2,4,0,50,0.8147,40.57,43
2046-01-29,Term 2 2046,3,0,0,50,0.8267,41.14,42
2046-01-30,Term 2 2046,3,1,0,50,0.8364,41.57,44
2046-01-31,Term 2 2046,3,2,0,50,0.8586,42.71,42
2046-02-01,Term 2 2046,3,3,0,50,0.855,42.57,43
2046-02-02,Term 2 2046,3,4,0,50,0.8573,42.71,40
2046-02-05,Term 2 2046,4,0,0,50,0.8517,42.43,41
2046-02-06,Term 2 2046,4,1,0,50,0.8462,42.14,44
2046-02-07,Term 2 2046,4,2,0,50,0.8501,42.29,43
2046-02-08,Term 2 2046,4,3,0,50,0.8527,42.43,46
2046-02-09,Term 2 2046,4,4,0,50,0.8575,42.71,42
2046-02-12,Term 2 2046,5,0,0,50,0.8564,42.71,42
2046-02-13,Term 2 2046,5,1,0,50,0.8518,42.57,43
2046-02-14,Term 2 2046,5,2,0,50,0.8595,43.0,45
2046-02-15,Term 2 2046,5,3,0,50,0.8732,43.57,43
2046-02-16,Term 2 2046,5,4,0,50,0.8685,43.43,40
2046-02-19,Term 2 2046,6,0,0,50,0.86,43.0,43
2046-02-20,Term 2 2046,6,1,0,50,0.8513,42.57,44
2046-02-21,Term 2 2046,6,2,0,50,0.8574,42.86,45
2046-02-22,Term 2 2046,6,3,0,50,0.866,43.29,43
2046-02-23,Term 2 2046,6,4,0,50,0.8647,43.29,44
2046-02-26,Term 2 2046,7,0,0,50,0.8607,43.14,41
2046-02-27,Term 2 2046,7,1,0,50,0.857,42.86,42
2046-02-28,Term 2 2046,7,2,0,50,0.8631,43.14,44
2046-03-01,Term 2 2046,7,3,0,50,0.8656,43.29,45
2046-03-02,Term 2 2046,7,4,0,50,0.8677,43.43,40
2046-03-05,Term 2 2046,8,0,0,50,0.8552,42.71,40
2046-03-06,Term 2 2046,8,1,0,50,0.8477,42.29,44
2046-03-07,Term 2 2046,8,2,0,50,0.8465,42.29,44
2046-03-08,Term 2 2046,8,3,0,50,0.8548,42.71,42
2046-03-09,Term 2 2046,8,4,0,50,0.8548,42.71,44
2046-03-12,Term 2 2046,9,0,0,50,0.8546,42.71,43
2046-03-13,Term 2 2046,9,1,0,50,0.8511,42.43,42
2046-03-14,Term 2 2046,9,2,0,50,0.8566,42.71,46
2046-03-15,Term 2 2046,9,3,0,50,0.8732,43.57,43
2046-03-16,Term 2 2046,9,4,0,50,0.8725,43.43,42
2046-03-19,Term 2 2046,10,0,0,50,0.8669,43.14,43
2046-03-20,Term 2 2046,10,1,0,50,0.8699,43.29,42
2046-03-21,Term 2 2046,10,2,0,50,0.8665,43.0,45
2046-03-22,Term 2 2046,10,3,0,50,0.872,43.29,45
2046-03-23,Term 2 2046,10,4,0,50,0.8795,43.71,41
2046-03-26,Term 2 2046,11,0,0,50,0.8659,43.0,42
2046-03-27,Term 2 2046,11,1,0,50,0.863,42.86,44
2046-03-28,Term 2 2046,11,2,0,50,0.8686,43.14,43
2046-03-29,Term 2 2046,11,3,0,50,0.8675,43.14,45
2046-03-30,Term 2 2046,11,4,0,50,0.8751,43.57,43
2046-04-02,Term 2 2046,12,0,1,50,0.8672,43.29,35
2046-04-03,Term 2 2046,12,1,1,50,0.8392,41.86,38
2046-04-04,Term 2 2046,12,2,1,50,0.83,41.43,38
2046-04-05,Term 2 2046,12,3,1,50,0.8188,40.86,38
2046-04-06,Term 2 2046,12,4,1,50,0.7996,40.0,36
2046-04-09,Term 2 2046,13,0,1,50,0.7792,39.0,35
2046-04-10,Term 2 2046,13,1,1,50,0.7491,37.57,39
2046-04-11,Term 2 2046,13,2,1,50,0.739,37.0,36
2046-04-12,Term 2 2046,13,3,1,50,0.7428,37.14,37
2046-04-13,Term 2 2046,13,4,1,50,0.7403,37.0,36
2046-04-30,Term 3 2046,1,0,0,50,0.7333,36.71,38
2046-05-01,Term 3 2046,1,1,0,50,0.7345,36.71,39
2046-05-02,Term 3 2046,1,2,0,50,0.7419,37.14,38
2046-05-03,Term 3 2046,1,3,0,50,0.7527,37.57,38
2046-05-04,Term 3 2046,1,4,0,50,0.7503,37.43,36
2046-05-07,Term 3 2046,2,0,0,50,0.7498,37.43,42
2046-05-08,Term 3 2046,2,1,0,50,0.7647,38.14,46
2046-05-09,Term 3 2046,2,2,0,50,0.793,39.57,44
2046-05-10,Term 3 2046,2,3,0,50,0.8087,40.43,45
2046-05-11,Term 3 2046,2,4,0,50,0.8264,41.29,41
2046-05-14,Term 3 2046,3,0,0,50,0.8327,41.71,42
2046-05-15,Term 3 2046,3,1,0,50,0.8435,42.29,42
2046-05-16,Term 3 2046,3,2,0,50,0.8609,43.14,42
2046-05-17,Term 3 2046,3,3,0,50,0.8612,43.14,45
2046-05-18,Term 3 2046,3,4,0,50,0.8587,43.0,43
2046-05-21,Term 3 2046,4,0,0,50,0.8574,42.86,43
2046-05-22,Term 3 2046,4,1,0,50,0.8515,42.57,43
2046-05-23,Term 3 2046,4,2,0,50,0.8578,42.86,45
2046-05-24,Term 3 2046,4,3,0,50,0.8654,43.29,44
2046-05-25,Term 3 2046,4,4,0,50,0.8699,43.57,41
2046-05-28,Term 3 2046,5,0,0,50,0.8663,43.43,41
2046-05-29,Term 3 2046,5,1,0,50,0.8545,42.86,45
2046-05-30,Term 3 2046,5,2,0,50,0.8613,43.14,44
2046-05-31,Term 3 2046,5,3,0,50,0.8656,43.29,46
2046-06-01,Term 3 2046,5,4,0,50,0.8742,43.71,40
2046-06-04,Term 3 2046,6,0,0,50,0.8613,43.0,41
2046-06-05,Term 3 2046,6,1,0,50,0.8534,42.57,46
2046-06-06,Term 3 2046,6,2,0,50,0.8666,43.29,44
2046-06-07,Term 3 2046,6,3,0,50,0.8742,43.71,43
2046-06-08,Term 3 2046,6,4,0,50,0.868,43.43,42
2046-06-11,Term 3 2046,7,0,0,50,0.8603,43.14,41
2046-06-12,Term 3 2046,7,1,0,50,0.8476,42.43,42
2046-06-13,Term 3 2046,7,2,0,50,0.8533,42.71,44
2046-06-14,Term 3 2046,7,3,0,50,0.8619,43.14,45
2046-06-15,Term 3 2046,7,4,0,50,0.8612,43.0,41
2046-06-18,Term 3 2046,8,0,0,50,0.8546,42.57,42
2046-06-19,Term 3 2046,8,1,0,50,0.8519,42.43,44
2046-06-20,Term 3 2046,8,2,0,50,0.859,42.71,43
2046-06-21,Term 3 2046,8,3,0,50,0.8624,43.0,45
2046-06-22,Term 3 2046,8,4,0,50,0.8702,43.43,42
2046-06-25,Term 3 2046,9,0,0,50,0.8637,43.14,40
2046-06-26,Term 3 2046,9,1,0,50,0.848,42.43,45
2046-06-27,Term 3 2046,9,2,0,50,0.858,43.0,45
2046-06-28,Term 3 2046,9,3,0,50,0.8646,43.43,45
2046-06-29,Term 3 2046,9,4,0,50,0.8668,43.57,42
2046-07-02,Term 3 2046,10,0,0,50,0.8661,43.43,41
2046-07-03,Term 3 2046,10,1,0,50,0.8562,42.86,45
2046-07-04,Term 3 2046,10,2,0,50,0.8661,43.29,44
2046-07-05,Term 3 2046,10,3,0,50,0.8778,43.86,44
2046-07-06,Term 3 2046,10,4,0,50,0.8745,43.71,42
2046-07-09,Term 3 2046,11,0,0,50,0.8669,43.29,43
2046-07-10,Term 3 2046,11,1,0,50,0.863,43.0,44
2046-07-11,Term 3 2046,11,2,0,50,0.8693,43.29,43
2046-07-12,Term 3 2046,11,3,0,50,0.875,43.57,46
2046-07-13,Term 3 2046,11,4,0,50,0.8764,43.71,41
2046-07-16,Term 3 2046,12,0,1,50,0.8686,43.29,34
2046-07-17,Term 3 2046,12,1,1,50,0.8401,41.86,36
2046-07-18,Term 3 2046,12,2,1,50,0.8236,41.0,39
2046-07-19,Term 3 2046,12,3,1,50,0.812,40.43,37
2046-07-20,Term 3 2046,12,4,1,50,0.7918,39.43,37
2046-07-23,Term 3 2046,13,0,1,50,0.7734,38.57,34
2046-07-24,Term 3 2046,13,1,1,50,0.7383,36.86,40
2046-07-25,Term 3 2046,13,2,1,50,0.7334,36.71,37
2046-07-26,Term 3 2046,13,3,1,50,0.7441,37.14,36
2046-07-27,Term 3 2046,13,4,1,50,0.7447,37.14,35
2046-08-13,Term 1 2046,1,0,0,50,0.7334,36.57,37
2046-08-14,Term 1 2046,1,1,0,50,0.732,36.57,39
2046-08-15,Term 1 2046,1,2,0,50,0.739,36.86,41
2046-08-16,Term 1 2046,1,3,0,50,0.7591,37.86,39
2046-08-17,Term 1 2046,1,4,0,50,0.7574,37.71,39
2046-08-20,Term 1 2046,2,0,0,50,0.7609,38.0,42
2046-08-21,Term 1 2046,2,1,0,50,0.7766,38.86,46
2046-08-22,Term 1 2046,2,2,0,50,0.8059,40.43,42
2046-08-23,Term 1 2046,2,3,0,50,0.8211,41.14,43
2046-08-24,Term 1 2046,2,4,0,50,0.832,41.71,41
2046-08-27,Term 1 2046,3,0,0,50,0.8341,41.71,40
2046-08-28,Term 1 2046,3,1,0,50,0.8357,41.86,43
2046-08-29,Term 1 2046,3,2,0,50,0.8492,42.43,44
2046-08-30,Term 1 2046,3,3,0,50,0.8549,42.71,45
2046-08-31,Term 1 2046,3,4,0,50,0.8543,42.57,42
2046-09-03,Term 1 2046,4,0,0,50,0.8544,42.57,43
2046-09-04,Term 1 2046,4,1,0,50,0.854,42.57,43
2046-09-05,Term 1 2046,4,2,0,50,0.8589,42.86,45
2046-09-06,Term 1 2046,4,3,0,50,0.8738,43.57,44
2046-09-07,Term 1 2046,4,4,0,50,0.8768,43.71,44
2046-09-10,Term 1 2046,5,0,0,50,0.8771,43.71,41
2046-09-11,Term 1 2046,5,1,0,50,0.8644,43.14,44
2046-09-12,Term 1 2046,5,2,0,50,0.8681,43.43,44
2046-09-13,Term 1 2046,5,3,0,50,0.8714,43.57,45
2046-09-14,Term 1 2046,5,4,0,50,0.8776,43.86,40
2046-09-17,Term 1 2046,6,0,0,50,0.8651,43.14,42
2046-09-18,Term 1 2046,6,1,0,50,0.859,42.86,43
2046-09-19,Term 1 2046,6,2,0,50,0.8573,42.71,44
2046-09-20,Term 1 2046,6,3,0,50,0.8658,43.14,45
2046-09-21,Term 1 2046,6,4,0,50,0.8701,43.29,41
2046-09-24,Term 1 2046,7,0,0,50,0.8617,42.86,42
2046-09-25,Term 1 2046,7,1,0,50,0.8524,42.43,43
2046-09-26,Term 1 2046,7,2,0,50,0.8611,42.86,44
2046-09-27,Term 1 2046,7,3,0,50,0.8655,43.14,44
2046-09-28,Term 1 2046,7,4,0,50,0.8674,43.29,43
2046-10-01,Term 1 2046,8,0,0,50,0.8656,43.14,43
2046-10-02,Term 1 2046,8,1,0,50,0.8587,42.86,45
2046-10-03,Term 1 2046,8,2,0,50,0.8701,43.43,44
2046-10-04,Term 1 2046,8,3,0,50,0.8764,43.71,43
2046-10-05,Term 1 2046,8,4,0,50,0.8755,43.71,40
2046-10-08,Term 1 2046,9,0,0,50,0.8654,43.14,43
2046-10-09,Term 1 2046,9,1,0,50,0.8639,43.0,44
2046-10-10,Term 1 2046,9,2,0,50,0.8645,43.14,43
2046-10-11,Term 1 2046,9,3,0,50,0.8653,43.14,45
2046-10-12,Term 1 2046,9,4,0,50,0.8642,43.14,40
2046-10-15,Term 1 2046,10,0,0,50,0.8534,42.57,43
2046-10-16,Term 1 2046,10,1,0,50,0.8526,42.57,42
2046-10-17,Term 1 2046,10,2,0,50,0.8588,42.86,43
2046-10-18,Term 1 2046,10,3,0,50,0.8584,42.86,42
2046-10-19,Term 1 2046,10,4,0,50,0.8546,42.57,43
2046-10-22,Term 1 2046,11,0,0,50,0.8555,42.57,41
2046-10-23,Term 1 2046,11,1,0,50,0.8453,42.0,43
2046-10-24,Term 1 2046,11,2,0,50,0.8523,42.43,45
2046-10-25,Term 1 2046,11,3,0,50,0.8589,42.71,45
2046-10-26,Term 1 2046,11,4,0,50,0.8653,43.14,41
2046-10-29,Term 1 2046,12,0,1,50,0.8592,42.86,37
2046-10-30,Term 1 2046,12,1,1,50,0.8433,42.14,38
2046-10-31,Term 1 2046,12,2,1,50,0.8277,41.43,38
2046-11-01,Term 1 2046,12,3,1,50,0.8184,41.0,37
2046-11-02,Term 1 2046,12,4,1,50,0.8011,40.14,36
2046-11-05,Term 1 2046,13,0,1,50,0.7738,38.86,36
2046-11-06,Term 1 2046,13,1,1,50,0.7492,37.57,38
2046-11-07,Term 1 2046,13,2,1,50,0.7395,37.14,39
2046-11-08,Term 1 2046,13,3,1,50,0.7462,37.43,37
2046-11-09,Term 1 2046,13,4,1,50,0.7433,37.29,34
2046-11-26,Term 2 2046,1,0,0,50,0.7316,36.71,38
2046-11-27,Term 2 2046,1,1,0,50,0.736,36.86,41
2046-11-28,Term 2 2046,1,2,0,50,0.7527,37.57,40
2046-11-29,Term 2 2046,1,3,0,50,0.765,38.14,39
2046-11-30,Term 2 2046,1,4,0,50,0.7679,38.29,40
2046-12-03,Term 2 2046,2,0,0,50,0.7702,38.43,42
2046-12-04,Term 2 2046,2,1,0,50,0.7866,39.14,44
2046-12-05,Term 2 2046,2,2,0,50,0.8146,40.57,46
2046-12-06,Term 2 2046,2,3,0,50,0.8358,41.71,44
2046-12-07,Term 2 2046,2,4,0,50,0.8435,42.14,42
2046-12-10,Term 2 2046,3,0,0,50,0.8497,42.43,43
2046-12-11,Term 2 2046,3,1,0,50,0.8603,43.0,44
2046-12-12,Term 2 2046,3,2,0,50,0.8714,43.57,44
2046-12-13,Term 2 2046,3,3,0,50,0.8765,43.86,45
2046-12-14,Term 2 2046,3,4,0,50,0.8783,44.0,42
2046-12-17,Term 2 2046,4,0,0,50,0.8679,43.43,41
2046-12-18,Term 2 2046,4,1,0,50,0.8588,43.0,43
2046-12-19,Term 2 2046,4,2,0,50,0.8592,43.14,43
2046-12-20,Term 2 2046,4,3,0,50,0.8593,43.14,45
2046-12-21,Term 2 2046,4,4,0,50,0.8621,43.29,41
2046-12-24,Term 2 2046,5,0,0,50,0.8534,42.86,41
2046-12-25,Term 2 2046,5,1,0,50,0.844,42.29,43
2046-12-26,Term 2 2046,5,2,0,50,0.8474,42.43,45
2046-12-27,Term 2 2046,5,3,0,50,0.8599,43.0,42
2046-12-28,Term 2 2046,5,4,0,50,0.859,42.86,41
2046-12-31,Term 2 2046,6,0,0,50,0.8539,42.57,41
2047-01-01,Term 2 2046,6,1,0,50,0.8436,42.0,45
2047-01-02,Term 2 2046,6,2,0,50,0.8553,42.57,45
2047-01-03,Term 2 2046,6,3,0,50,0.8649,43.14,43
2047-01-04,Term 2 2046,6,4,0,50,0.8641,43.14,42
2047-01-07,Term 2 2046,7,0,0,50,0.8558,42.71,41
2047-01-08,Term 2 2046,7,1,0,50,0.8526,42.57,42
2047-01-09,Term 2 2046,7,2,0,50,0.8573,42.71,43
2047-01-10,Term 2 2046,7,3,0,50,0.8619,43.0,43
2047-01-11,Term 2 2046,7,4,0,50,0.8553,42.71,43
2047-01-14,Term 2 2046,8,0,0,50,0.8516,42.43,41
2047-01-15,Term 2 2046,8,1,0,50,0.8469,42.14,44
2047-01-16,Term 2 2046,8,2,0,50,0.8521,42.43,44
2047-01-17,Term 2 2046,8,3,0,50,0.8596,42.86,45
2047-01-18,Term 2 2046,8,4,0,50,0.8657,43.29,40
2047-01-21,Term 2 2046,9,0,0,50,0.8582,42.86,40
2047-01-22,Term 2 2046,9,1,0,50,0.8501,42.43,43
2047-01-23,Term 2 2046,9,2,0,50,0.8479,42.43,43
2047-01-24,Term 2 2046,9,3,0,50,0.8527,42.71,45
2047-01-25,Term 2 2046,9,4,0,50,0.8555,42.86,43
2047-01-28,Term 2 2046,10,0,0,50,0.8523,42.71,40
2047-01-29,Term 2 2046,10,1,0,50,0.8398,42.0,45
2047-01-30,Term 2 2046,10,2,0,50,0.8548,42.71,46
2047-01-31,Term 2 2046,10,3,0,50,0.8711,43.57,44
2047-02-01,Term 2 2046,10,4,0,50,0.8751,43.71,40
2047-02-04,Term 2 2046,11,0,0,50,0.8667,43.29,43
2047-02-05,Term 2 2046,11,1,0,50,0.8602,43.0,42
2047-02-06,Term 2 2046,11,2,0,50,0.8593,42.86,44
2047-02-07,Term 2 2046,11,3,0,50,0.8713,43.43,45
2047-02-08,Term 2 2046,11,4,0,50,0.8715,43.43,44
2047-02-11,Term 2 2046,12,0,1,50,0.8651,43.14,35
2047-02-12,Term 2 2046,12,1,1,50,0.8399,41.86,37
2047-02-13,Term 2 2046,12,2,1,50,0.8324,41.43,39
2047-02-14,Term 2 2046,12,3,1,50,0.8201,40.86,36
2047-02-15,Term 2 2046,12,4,1,50,0.803,40.0,38
2047-02-18,Term 2 2046,13,0,1,50,0.7841,39.14,36
2047-02-19,Term 2 2046,13,1,1,50,0.7581,37.86,37
2047-02-20,Term 2 2046,13,2,1,50,0.738,36.86,36
2047-02-21,Term 2 2046,13,3,1,50,0.7418,37.0,39
2047-02-22,Term 2 2046,13,4,1,50,0.746,37.29,38
2047-03-11,Term 3 2047,1,0,0,50,0.7435,37.14,38
2047-03-12,Term 3 2047,1,1,0,50,0.747,37.43,41
2047-03-13,Term 3 2047,1,2,0,50,0.7571,37.86,42
2047-03-14,Term 3 2047,1,3,0,50,0.7725,38.71,42
2047-03-15,Term 3 2047,1,4,0,50,0.7873,39.43,37
2047-03-18,Term 3 2047,2,0,0,50,0.7889,39.57,43
2047-03-19,Term 3 2047,2,1,0,50,0.8006,40.14,43
2047-03-20,Term 3 2047,2,2,0,50,0.8155,40.86,42
2047-03-21,Term 3 2047,2,3,0,50,0.8295,41.43,45
2047-03-22,Term 3 2047,2,4,0,50,0.8407,42.0,41
2047-03-25,Term 3 2047,3,0,0,50,0.8393,41.86,42
2047-03-26,Term 3 2047,3,1,0,50,0.8396,41.86,44
2047-03-27,Term 3 2047,3,2,0,50,0.8583,42.86,45
2047-03-28,Term 3 2047,3,3,0,50,0.8639,43.14,43
2047-03-29,Term 3 2047,3,4,0,50,0.8639,43.14,42
2047-04-01,Term 3 2047,4,0,0,50,0.8616,43.14,40
2047-04-02,Term 3 2047,4,1,0,50,0.8469,42.43,43
2047-04-03,Term 3 2047,4,2,0,50,0.8509,42.71,46
2047-04-04,Term 3 2047,4,3,0,50,0.8624,43.29,44
2047-04-05,Term 3 2047,4,4,0,50,0.863,43.29,41
2047-04-08,Term 3 2047,5,0,0,50,0.8516,42.71,42
2047-04-09,Term 3 2047,5,1,0,50,0.8485,42.57,44
2047-04-10,Term 3 2047,5,2,0,50,0.855,42.86,43
2047-04-11,Term 3 2047,5,3,0,50,0.8648,43.29,46
2047-04-12,Term 3 2047,5,4,0,50,0.8736,43.71,41
2047-04-15,Term 3 2047,6,0,0,50,0.8604,43.0,41
2047-04-16,Term 3 2047,6,1,0,50,0.8531,42.57,45
2047-04-17,Term 3 2047,6,2,0,50,0.8637,43.14,46
2047-04-18,Term 3 2047,6,3,0,50,0.8751,43.71,46
2047-04-19,Term 3 2047,6,4,0,50,0.8796,44.0,44
2047-04-22,Term 3 2047,7,0,0,50,0.8803,44.14,41
2047-04-23,Term 3 2047,7,1,0,50,0.8665,43.43,45
2047-04-24,Term 3 2047,7,2,0,50,0.8768,44.0,45
2047-04-25,Term 3 2047,7,3,0,50,0.8884,44.57,42
2047-04-26,Term 3 2047,7,4,0,50,0.8809,44.14,44
2047-04-29,Term 3 2047,8,0,0,50,0.8752,43.86,42
2047-04-30,Term 3 2047,8,1,0,50,0.8649,43.29,45
2047-05-01,Term 3 2047,8,2,0,50,0.8695,43.43,45
2047-05-02,Term 3 2047,8,3,0,50,0.8801,44.0,46
2047-05-03,Term 3 2047,8,4,0,50,0.8827,44.14,43
2047-05-06,Term 3 2047,9,0,0,50,0.8755,43.86,43
2047-05-07,Term 3 2047,9,1,0,50,0.8771,44.0,43
2047-05-08,Term 3 2047,9,2,0,50,0.8745,43.86,44
2047-05-09,Term 3 2047,9,3,0,50,0.8811,44.14,43
2047-05-10,Term 3 2047,9,4,0,50,0.875,43.86,44
2047-05-13,Term 3 2047,10,0,0,50,0.8726,43.71,41
2047-05-14,Term 3 2047,10,1,0,50,0.8589,43.0,45
2047-05-15,Term 3 2047,10,2,0,50,0.866,43.29,42
2047-05-16,Term 3 2047,10,3,0,50,0.8655,43.14,45
2047-05-17,Term 3 2047,10,4,0,50,0.8727,43.43,43
2047-05-20,Term 3 2047,11,0,0,50,0.8705,43.29,41
2047-05-21,Term 3 2047,11,1,0,50,0.8642,43.0,46
2047-05-22,Term 3 2047,11,2,0,50,0.8694,43.29,44
2047-05-23,Term 3 2047,11,3,0,50,0.8769,43.71,46
2047-05-24,Term 3 2047,11,4,0,50,0.8788,43.86,41
2047-05-27,Term 3 2047,12,0,1,50,0.8746,43.71,34
2047-05-28,Term 3 2047,12,1,1,50,0.8414,42.14,39
2047-05-29,Term 3 2047,12,2,1,50,0.8296,41.57,37
2047-05-30,Term 3 2047,12,3,1,50,0.8178,41.0,37
2047-05-31,Term 3 2047,12,4,1,50,0.7927,39.71,38
2047-06-03,Term 3 2047,13,0,1,50,0.7755,38.86,37
2047-06-04,Term 3 2047,13,1,1,50,0.7505,37.57,39
2047-06-05,Term 3 2047,13,2,1,50,0.7434,37.29,40
2047-06-06,Term 3 2047,13,3,1,50,0.7595,38.14,39
2047-06-07,Term 3 2047,13,4,1,50,0.7589,38.14,36
2047-06-24,Term 1 2047,1,0,0,50,0.7551,38.0,36
2047-06-25,Term 1 2047,1,1,0,50,0.7517,37.86,41
2047-06-26,Term 1 2047,1,2,0,50,0.7629,38.29,41
2047-06-27,Term 1 2047,1,3,0,50,0.7747,38.86,42
2047-06-28,Term 1 2047,1,4,0,50,0.7839,39.29,38
2047-07-01,Term 1 2047,2,0,0,50,0.7792,39.0,41
2047-07-02,Term 1 2047,2,1,0,50,0.7852,39.29,45
2047-07-03,Term 1 2047,2,2,0,50,0.813,40.57,45
2047-07-04,Term 1 2047,2,3,0,50,0.8394,41.86,46
2047-07-05,Term 1 2047,2,4,0,50,0.8509,42.57,43
2047-07-08,Term 1 2047,3,0,0,50,0.8566,42.86,43
2047-07-09,Term 1 2047,3,1,0,50,0.8596,43.0,45
2047-07-10,Term 1 2047,3,2,0,50,0.8793,44.0,44
2047-07-11,Term 1 2047,3,3,0,50,0.8875,44.43,43
2047-07-12,Term 1 2047,3,4,0,50,0.8819,44.14,42
2047-07-15,Term 1 2047,4,0,0,50,0.8749,43.71,43
2047-07-16,Term 1 2047,4,1,0,50,0.8671,43.29,45
2047-07-17,Term 1 2047,4,2,0,50,0.8718,43.57,44
2047-07-18,Term 1 2047,4,3,0,50,0.8747,43.71,42
2047-07-19,Term 1 2047,4,4,0,50,0.8671,43.29,40
2047-07-22,Term 1 2047,5,0,0,50,0.8562,42.71,42
2047-07-23,Term 1 2047,5,1,0,50,0.8523,42.57,45
2047-07-24,Term 1 2047,5,2,0,50,0.8584,43.0,45
2047-07-25,Term 1 2047,5,3,0,50,0.8652,43.29,43
2047-07-26,Term 1 2047,5,4,0,50,0.8584,43.0,42
2047-07-29,Term 1 2047,6,0,0,50,0.8521,42.71,42
2047-07-30,Term 1 2047,6,1,0,50,0.8518,42.71,43
2047-07-31,Term 1 2047,6,2,0,50,0.8605,43.14,42
2047-08-01,Term 1 2047,6,3,0,50,0.8612,43.14,43
2047-08-02,Term 1 2047,6,4,0,50,0.8558,42.86,42
2047-08-05,Term 1 2047,7,0,0,50,0.847,42.43,43
2047-08-06,Term 1 2047,7,1,0,50,0.8494,42.43,45
2047-08-07,Term 1 2047,7,2,0,50,0.86,42.86,45
2047-08-08,Term 1 2047,7,3,0,50,0.8687,43.29,45
2047-08-09,Term 1 2047,7,4,0,50,0.8748,43.57,43
2047-08-12,Term 1 2047,8,0,0,50,0.876,43.71,43
2047-08-13,Term 1 2047,8,1,0,50,0.8761,43.71,43
2047-08-14,Term 1 2047,8,2,0,50,0.8795,43.86,44
2047-08-15,Term 1 2047,8,3,0,50,0.8811,44.0,45
2047-08-16,Term 1 2047,8,4,0,50,0.88,44.0,41
2047-08-19,Term 1 2047,9,0,0,50,0.8685,43.43,42
2047-08-20,Term 1 2047,9,1,0,50,0.8596,43.0,45
2047-08-21,Term 1 2047,9,2,0,50,0.8669,43.29,45
2047-08-22,Term 1 2047,9,3,0,50,0.8741,43.57,43
2047-08-23,Term 1 2047,9,4,0,50,0.8727,43.57,42
2047-08-26,Term 1 2047,10,0,0,50,0.8663,43.29,40
2047-08-27,Term 1 2047,10,1,0,50,0.8528,42.57,46
2047-08-28,Term 1 2047,10,2,0,50,0.8656,43.29,46
2047-08-29,Term 1 2047,10,3,0,50,0.8756,43.86,46
2047-08-30,Term 1 2047,10,4,0,50,0.8763,44.0,41
2047-09-02,Term 1 2047,11,0,0,50,0.864,43.43,43
2047-09-03,Term 1 2047,11,1,0,50,0.8654,43.43,46
2047-09-04,Term 1 2047,11,2,0,50,0.8769,44.0,45
2047-09-05,Term 1 2047,11,3,0,50,0.8894,44.71,45
2047-09-06,Term 1 2047,11,4,0,50,0.8865,44.57,44
2047-09-09,Term 1 2047,12,0,1,50,0.8804,44.29,37
2047-09-10,Term 1 2047,12,1,1,50,0.8571,43.0,37
2047-09-11,Term 1 2047,12,2,1,50,0.8454,42.43,39
2047-09-12,Term 1 2047,12,3,1,50,0.8326,41.86,37
2047-09-13,Term 1 2047,12,4,1,50,0.8068,40.57,36
2047-09-16,Term 1 2047,13,0,1,50,0.7812,39.29,35
2047-09-17,Term 1 2047,13,1,1,50,0.7546,37.86,37
2047-09-18,Term 1 2047,13,2,1,50,0.7358,36.86,36
2047-09-19,Term 1 2047,13,3,1,50,0.7328,36.71,37
2047-09-20,Term 1 2047,13,4,1,50,0.7348,36.71,38
2047-10-07,Term 2 2047,1,0,0,50,0.7319,36.57,36
2047-10-08,Term 2 2047,1,1,0,50,0.7298,36.43,41
2047-10-09,Term 2 2047,1,2,0,50,0.7449,37.14,40
2047-10-10,Term 2 2047,1,3,0,50,0.7578,37.86,42
2047-10-11,Term 2 2047,1,4,0,50,0.7711,38.57,38
2047-10-14,Term 2 2047,2,0,0,50,0.7753,38.86,42
2047-10-15,Term 2 2047,2,1,0,50,0.7888,39.57,42
2047-10-16,Term 2 2047,2,2,0,50,0.8021,40.14,45
2047-10-17,Term 2 2047,2,3,0,50,0.8275,41.43,43
2047-10-18,Term 2 2047,2,4,0,50,0.8329,41.71,43
2047-10-21,Term 2 2047,3,0,0,50,0.8435,42.14,43
2047-10-22,Term 2 2047,3,1,0,50,0.8462,42.29,43
2047-10-23,Term 2 2047,3,2,0,50,0.8615,43.0,44
2047-10-24,Term 2 2047,3,3,0,50,0.8666,43.29,43
2047-10-25,Term 2 2047,3,4,0,50,0.8667,43.43,43
2047-10-28,Term 2 2047,4,0,0,50,0.8626,43.14,42
2047-10-29,Term 2 2047,4,1,0,50,0.8601,43.0,46
2047-10-30,Term 2 2047,4,2,0,50,0.8674,43.43,43
2047-10-31,Term 2 2047,4,3,0,50,0.8688,43.43,45
2047-11-01,Term 2 2047,4,4,0,50,0.8733,43.71,42
2047-11-04,Term 2 2047,5,0,0,50,0.8667,43.43,41
2047-11-05,Term 2 2047,5,1,0,50,0.8627,43.14,43
2047-11-06,Term 2 2047,5,2,0,50,0.8603,43.14,43
2047-11-07,Term 2 2047,5,3,0,50,0.8639,43.29,43
2047-11-08,Term 2 2047,5,4,0,50,0.8555,42.86,42
2047-11-11,Term 2 2047,6,0,0,50,0.8537,42.71,43
2047-11-12,Term 2 2047,6,1,0,50,0.8491,42.43,43
2047-11-13,Term 2 2047,6,2,0,50,0.8543,42.57,45
2047-11-14,Term 2 2047,6,3,0,50,0.8646,43.14,44
2047-11-15,Term 2 2047,6,4,0,50,0.8682,43.29,40
2047-11-18,Term 2 2047,7,0,0,50,0.8592,42.86,40
2047-11-19,Term 2 2047,7,1,0,50,0.8506,42.43,43
2047-11-20,Term 2 2047,7,2,0,50,0.853,42.57,45
2047-11-21,Term 2 2047,7,3,0,50,0.8577,42.86,45
2047-11-22,Term 2 2047,7,4,0,50,0.8613,43.14,43
2047-11-25,Term 2 2047,8,0,0,50,0.8559,42.86,42
2047-11-26,Term 2 2047,8,1,0,50,0.8516,42.57,45
2047-11-27,Term 2 2047,8,2,0,50,0.8657,43.29,43
2047-11-28,Term 2 2047,8,3,0,50,0.8742,43.71,42
2047-11-29,Term 2 2047,8,4,0,50,0.8716,43.57,40
2047-12-02,Term 2 2047,9,0,0,50,0.8586,42.86,41
2047-12-03,Term 2 2047,9,1,0,50,0.8474,42.29,43
2047-12-04,Term 2 2047,9,2,0,50,0.8477,42.29,46
2047-12-05,Term 2 2047,9,3,0,50,0.8571,42.86,46
2047-12-06,Term 2 2047,9,4,0,50,0.8601,43.0,44
2047-12-09,Term 2 2047,10,0,0,50,0.8622,43.14,43
2047-12-10,Term 2 2047,10,1,0,50,0.865,43.29,44
2047-12-11,Term 2 2047,10,2,0,50,0.8769,43.86,45
2047-12-12,Term 2 2047,10,3,0,50,0.8888,44.43,42
2047-12-13,Term 2 2047,10,4,0,50,0.8866,44.29,41
2047-12-16,Term 2 2047,11,0,0,50,0.8734,43.57,42
2047-12-17,Term 2 2047,11,1,0,50,0.862,43.0,43
2047-12-18,Term 2 2047,11,2,0,50,0.8604,42.86,44
2047-12-19,Term 2 2047,11,3,0,50,0.861,43.0,43
2047-12-20,Term 2 2047,11,4,0,50,0.8584,42.86,44
2047-12-23,Term 2 2047,12,0,1,50,0.8552,42.71,36
2047-12-24,Term 2 2047,12,1,1,50,0.8368,41.86,38
2047-12-25,Term 2 2047,12,2,1,50,0.8291,41.43,37
2047-12-26,Term 2 2047,12,3,1,50,0.815,40.71,38
2047-12-27,Term 2 2047,12,4,1,50,0.8001,40.0,38
2047-12-30,Term 2 2047,13,0,1,50,0.7834,39.14,37
2047-12-31,Term 2 2047,13,1,1,50,0.7649,38.29,37
2048-01-01,Term 2 2047,13,2,1,50,0.7439,37.29,37
2048-01-02,Term 2 2047,13,3,1,50,0.7483,37.43,38
2048-01-03,Term 2 2047,13,4,1,50,0.7477,37.43,35
2048-01-20,Term 3 2048,1,0,0,50,0.7407,37.14,36
2048-01-21,Term 3 2048,1,1,0,50,0.7348,36.86,38
2048-01-22,Term 3 2048,1,2,0,50,0.7361,36.86,39
2048-01-23,Term 3 2048,1,3,0,50,0.7404,37.14,41
2048-01-24,Term 3 2048,1,4,0,50,0.7545,37.71,39
2048-01-27,Term 3 2048,2,0,0,50,0.7605,38.0,42
2048-01-28,Term 3 2048,2,1,0,50,0.7729,38.57,46
2048-01-29,Term 3 2048,2,2,0,50,0.8048,40.14,43
2048-01-30,Term 3 2048,2,3,0,50,0.8252,41.14,46
2048-01-31,Term 3 2048,2,4,0,50,0.8462,42.29,42
2048-02-03,Term 3 2048,3,0,0,50,0.8575,42.71,43
2048-02-04,Term 3 2048,3,1,0,50,0.8605,43.0,43
2048-02-05,Term 3 2048,3,2,0,50,0.8711,43.57,43
2048-02-06,Term 3 2048,3,3,0,50,0.8733,43.71,46
2048-02-07,Term 3 2048,3,4,0,50,0.8729,43.71,41
2048-02-10,Term 3 2048,4,0,0,50,0.8675,43.43,43
2048-02-11,Term 3 2048,4,1,0,50,0.8617,43.0,45
2048-02-12,Term 3 2048,4,2,0,50,0.8692,43.43,43
2048-02-13,Term 3 2048,4,3,0,50,0.8694,43.43,45
2048-02-14,Term 3 2048,4,4,0,50,0.8761,43.71,43
2048-02-17,Term 3 2048,5,0,0,50,0.8743,43.71,43
2048-02-18,Term 3 2048,5,1,0,50,0.8661,43.29,42
2048-02-19,Term 3 2048,5,2,0,50,0.8688,43.43,43
2048-02-20,Term 3 2048,5,3,0,50,0.8663,43.43,43
2048-02-21,Term 3 2048,5,4,0,50,0.8602,43.14,40
2048-02-24,Term 3 2048,6,0,0,50,0.8532,42.71,41
2048-02-25,Term 3 2048,6,1,0,50,0.8393,42.14,45
2048-02-26,Term 3 2048,6,2,0,50,0.8455,42.43,44
2048-02-27,Term 3 2048,6,3,0,50,0.8485,42.57,46
2048-02-28,Term 3 2048,6,4,0,50,0.8593,43.14,44
2048-03-02,Term 3 2048,7,0,0,50,0.8625,43.29,40
2048-03-03,Term 3 2048,7,1,0,50,0.8532,42.86,43
2048-03-04,Term 3 2048,7,2,0,50,0.8625,43.29,45
2048-03-05,Term 3 2048,7,3,0,50,0.8748,43.86,44
2048-03-06,Term 3 2048,7,4,0,50,0.8723,43.71,42
2048-03-09,Term 3 2048,8,0,0,50,0.8672,43.43,43
2048-03-10,Term 3 2048,8,1,0,50,0.8584,43.0,45
2048-03-11,Term 3 2048,8,2,0,50,0.8634,43.14,42
2048-03-12,Term 3 2048,8,3,0,50,0.8715,43.43,42
2048-03-13,Term 3 2048,8,4,0,50,0.8685,43.29,43
2048-03-16,Term 3 2048,9,0,0,50,0.8646,43.0,40
2048-03-17,Term 3 2048,9,1,0,50,0.854,42.43,43
2048-03-18,Term 3 2048,9,2,0,50,0.856,42.57,44
2048-03-19,Term 3 2048,9,3,0,50,0.8593,42.71,43
2048-03-20,Term 3 2048,9,4,0,50,0.8525,42.43,44
2048-03-23,Term 3 2048,10,0,0,50,0.8555,42.71,42
2048-03-24,Term 3 2048,10,1,0,50,0.854,42.71,44
2048-03-25,Term 3 2048,10,2,0,50,0.8565,42.86,46
2048-03-26,Term 3 2048,10,3,0,50,0.8727,43.71,44
2048-03-27,Term 3 2048,10,4,0,50,0.8767,43.86,42
2048-03-30,Term 3 2048,11,0,0,50,0.8717,43.57,41
2048-03-31,Term 3 2048,11,1,0,50,0.8662,43.29,42
2048-04-01,Term 3 2048,11,2,0,50,0.8626,43.0,45
2048-04-02,Term 3 2048,11,3,0,50,0.8719,43.43,45
2048-04-03,Term 3 2048,11,4,0,50,0.8729,43.57,44
2048-04-06,Term 3 2048,12,0,1,50,0.8663,43.29,34
2048-04-07,Term 3 2048,12,1,1,50,0.8363,41.86,39
2048-04-08,Term 3 2048,12,2,1,50,0.8261,41.43,39
2048-04-09,Term 3 2048,12,3,1,50,0.8191,41.14,38
2048-04-10,Term 3 2048,12,4,1,50,0.8056,40.57,36
2048-04-13,Term 3 2048,13,0,1,50,0.7807,39.29,37
2048-04-14,Term 3 2048,13,1,1,50,0.7596,38.14,39
2048-04-15,Term 3 2048,13,2,1,50,0.7476,37.43,37
2048-04-16,Term 3 2048,13,3,1,50,0.7562,37.86,36
2048-04-17,Term 3 2048,13,4,1,50,0.7493,37.43,37
2048-05-04,Term 1 2048,1,0,0,50,0.7453,37.14,38
2048-05-05,Term 1 2048,1,1,0,50,0.7469,37.14,40
2048-05-06,Term 1 2048,1,2,0,50,0.7568,37.71,42
2048-05-07,Term 1 2048,1,3,0,50,0.7697,38.43,40
2048-05-08,Term 1 2048,1,4,0,50,0.7726,38.57,36
2048-05-11,Term 1 2048,2,0,0,50,0.7709,38.43,43
2048-05-12,Term 1 2048,2,1,0,50,0.7911,39.43,45
2048-05-13,Term 1 2048,2,2,0,50,0.8119,40.57,46
2048-05-14,Term 1 2048,2,3,0,50,0.8338,41.71,43
2048-05-15,Term 1 2048,2,4,0,50,0.8438,42.14,43
2048-05-18,Term 1 2048,3,0,0,50,0.847,42.29,42
2048-05-19,Term 1 2048,3,1,0,50,0.8528,42.57,46
2048-05-20,Term 1 2048,3,2,0,50,0.8809,44.0,44
2048-05-21,Term 1 2048,3,3,0,50,0.8834,44.14,43
2048-05-22,Term 1 2048,3,4,0,50,0.8783,43.86,40
2048-05-25,Term 1 2048,4,0,0,50,0.8623,43.0,42
2048-05-26,Term 1 2048,4,1,0,50,0.8588,42.86,43
2048-05-27,Term 1 2048,4,2,0,50,0.8599,42.86,42
2048-05-28,Term 1 2048,4,3,0,50,0.8592,42.86,42
2048-05-29,Term 1 2048,4,4,0,50,0.8491,42.29,44
2048-06-01,Term 1 2048,5,0,0,50,0.8478,42.29,41
2048-06-02,Term 1 2048,5,1,0,50,0.8426,42.0,44
2048-06-03,Term 1 2048,5,2,0,50,0.8523,42.57,43
2048-06-04,Term 1 2048,5,3,0,50,0.8541,42.71,46
2048-06-05,Term 1 2048,5,4,0,50,0.8614,43.14,43
2048-06-08,Term 1 2048,6,0,0,50,0.865,43.29,40
2048-06-09,Term 1 2048,6,1,0,50,0.858,43.0,45
2048-06-10,Term 1 2048,6,2,0,50,0.8626,43.14,43
2048-06-11,Term 1 2048,6,3,0,50,0.8673,43.43,45
2048-06-12,Term 1 2048,6,4,0,50,0.8716,43.57,41
2048-06-15,Term 1 2048,7,0,0,50,0.8671,43.29,43
2048-06-16,Term 1 2048,7,1,0,50,0.8576,42.86,45
2048-06-17,Term 1 2048,7,2,0,50,0.8609,43.14,42
2048-06-18,Term 1 2048,7,3,0,50,0.8684,43.43,44
2048-06-19,Term 1 2048,7,4,0,50,0.8642,43.29,42
2048-06-22,Term 1 2048,8,0,0,50,0.8616,43.14,43
2048-06-23,Term 1 2048,8,1,0,50,0.8548,42.86,43
2048-06-24,Term 1 2048,8,2,0,50,0.8608,43.14,45
2048-06-25,Term 1 2048,8,3,0,50,0.8671,43.43,43
2048-06-26,Term 1 2048,8,4,0,50,0.8612,43.14,43
2048-06-29,Term 1 2048,9,0,0,50,0.8617,43.29,43
2048-06-30,Term 1 2048,9,1,0,50,0.8584,43.14,44
2048-07-01,Term 1 2048,9,2,0,50,0.8651,43.43,44
2048-07-02,Term 1 2048,9,3,0,50,0.8686,43.57,46
2048-07-03,Term 1 2048,9,4,0,50,0.8752,44.0,42
2048-07-06,Term 1 2048,10,0,0,50,0.8671,43.57,42
2048-07-07,Term 1 2048,10,1,0,50,0.8648,43.43,44
2048-07-08,Term 1 2048,10,2,0,50,0.8678,43.57,45
2048-07-09,Term 1 2048,10,3,0,50,0.8741,43.86,45
2048-07-10,Term 1 2048,10,4,0,50,0.8775,44.0,42
2048-07-13,Term 1 2048,11,0,0,50,0.8732,43.71,41
2048-07-14,Term 1 2048,11,1,0,50,0.8609,43.0,44
2048-07-15,Term 1 2048,11,2,0,50,0.866,43.29,42
2048-07-16,Term 1 2048,11,3,0,50,0.8672,43.29,43
2048-07-17,Term 1 2048,11,4,0,50,0.8663,43.14,42
2048-07-20,Term 1 2048,12,0,1,50,0.8572,42.71,34
2048-07-21,Term 1 2048,12,1,1,50,0.8262,41.14,39
2048-07-22,Term 1 2048,12,2,1,50,0.8156,40.71,37
2048-07-23,Term 1 2048,12,3,1,50,0.8024,40.14,38
2048-07-24,Term 1 2048,12,4,1,50,0.7861,39.29,37
2048-07-27,Term 1 2048,13,0,1,50,0.7699,38.57,36
2048-07-28,Term 1 2048,13,1,1,50,0.7478,37.57,37
2048-07-29,Term 1 2048,13,2,1,50,0.7344,36.86,38
2048-07-30,Term 1 2048,13,3,1,50,0.7439,37.43,40
2048-07-31,Term 1 2048,13,4,1,50,0.7465,37.57,36
2048-08-17,Term 2 2048,1,0,0,50,0.7444,37.43,36
2048-08-18,Term 2 2048,1,1,0,50,0.7391,37.14,39
2048-08-19,Term 2 2048,1,2,0,50,0.7447,37.43,42
2048-08-20,Term 2 2048,1,3,0,50,0.7619,38.29,41
2048-08-21,Term 2 2048,1,4,0,50,0.7739,38.86,38
2048-08-24,Term 2 2048,2,0,0,50,0.7749,38.86,41
2048-08-25,Term 2 2048,2,1,0,50,0.7779,39.0,42
2048-08-26,Term 2 2048,2,2,0,50,0.7958,39.86,42
2048-08-27,Term 2 2048,2,3,0,50,0.8136,40.71,42
2048-08-28,Term 2 2048,2,4,0,50,0.8241,41.14,40
2048-08-31,Term 2 2048,3,0,0,50,0.8207,40.86,41
2048-09-01,Term 2 2048,3,1,0,50,0.8202,40.86,42
2048-09-02,Term 2 2048,3,2,0,50,0.8325,41.43,45
2048-09-03,Term 2 2048,3,3,0,50,0.8438,42.0,44
2048-09-04,Term 2 2048,3,4,0,50,0.8498,42.29,41
2048-09-07,Term 2 2048,4,0,0,50,0.8461,42.14,41
2048-09-08,Term 2 2048,4,1,0,50,0.8413,42.0,42
2048-09-09,Term 2 2048,4,2,0,50,0.8467,42.29,44
2048-09-10,Term 2 2048,4,3,0,50,0.8548,42.71,42
2048-09-11,Term 2 2048,4,4,0,50,0.855,42.71,43
2048-09-14,Term 2 2048,5,0,0,50,0.8493,42.43,40
2048-09-15,Term 2 2048,5,1,0,50,0.8377,41.86,43
2048-09-16,Term 2 2048,5,2,0,50,0.8426,42.14,44
2048-09-17,Term 2 2048,5,3,0,50,0.8513,42.57,42
2048-09-18,Term 2 2048,5,4,0,50,0.8513,42.57,44
2048-09-21,Term 2 2048,6,0,0,50,0.8499,42.57,41
2048-09-22,Term 2 2048,6,1,0,50,0.8448,42.43,44
2048-09-23,Term 2 2048,6,2,0,50,0.8497,42.57,44
2048-09-24,Term 2 2048,6,3,0,50,0.86,43.14,45
2048-09-25,Term 2 2048,6,4,0,50,0.8656,43.43,42
2048-09-28,Term 2 2048,7,0,0,50,0.8625,43.14,41
2048-09-29,Term 2 2048,7,1,0,50,0.8574,43.0,46
2048-09-30,Term 2 2048,7,2,0,50,0.8642,43.29,45
2048-10-01,Term 2 2048,7,3,0,50,0.8779,43.86,43
2048-10-02,Term 2 2048,7,4,0,50,0.8733,43.71,41
2048-10-05,Term 2 2048,8,0,0,50,0.8645,43.29,42
2048-10-06,Term 2 2048,8,1,0,50,0.8582,42.86,44
2048-10-07,Term 2 2048,8,2,0,50,0.8637,43.14,45
2048-10-08,Term 2 2048,8,3,0,50,0.8778,43.71,42
2048-10-09,Term 2 2048,8,4,0,50,0.868,43.14,42
2048-10-12,Term 2 2048,9,0,0,50,0.8584,42.71,40
2048-10-13,Term 2 2048,9,1,0,50,0.8492,42.29,42
2048-10-14,Term 2 2048,9,2,0,50,0.8541,42.43,43
2048-10-15,Term 2 2048,9,3,0,50,0.8547,42.57,44
2048-10-16,Term 2 2048,9,4,0,50,0.8532,42.57,43
2048-10-19,Term 2 2048,10,0,0,50,0.8455,42.29,43
2048-10-20,Term 2 2048,10,1,0,50,0.847,42.43,46
2048-10-21,Term 2 2048,10,2,0,50,0.8577,43.0,44
2048-10-22,Term 2 2048,10,3,0,50,0.8716,43.57,44
2048-10-23,Term 2 2048,10,4,0,50,0.8759,43.86,42
2048-10-26,Term 2 2048,11,0,0,50,0.8753,43.71,43
2048-10-27,Term 2 2048,11,1,0,50,0.8738,43.57,43
2048-10-28,Term 2 2048,11,2,0,50,0.8757,43.57,45
2048-10-29,Term 2 2048,11,3,0,50,0.8807,43.86,45
2048-10-30,Term 2 2048,11,4,0,50,0.8775,43.71,42
2048-11-02,Term 2 2048,12,0,1,50,0.8694,43.43,35
2048-11-03,Term 2 2048,12,1,1,50,0.843,42.14,37
2048-11-04,Term 2 2048,12,2,1,50,0.826,41.43,36
2048-11-05,Term 2 2048,12,3,1,50,0.805,40.43,36
2048-11-06,Term 2 2048,12,4,1,50,0.785,39.43,34
2048-11-09,Term 2 2048,13,0,1,50,0.7546,37.86,37
2048-11-10,Term 2 2048,13,1,1,50,0.7335,36.71,39
2048-11-11,Term 2 2048,13,2,1,50,0.7274,36.29,37
2048-11-12,Term 2 2048,13,3,1,50,0.7335,36.57,39
2048-11-13,Term 2 2048,13,4,1,50,0.7395,36.86,37
2048-11-30,Term 3 2048,1,0,0,50,0.741,37.0,37
2048-12-01,Term 3 2048,1,1,0,50,0.7433,37.14,41
2048-12-02,Term 3 2048,1,2,0,50,0.7617,38.14,41
2048-12-03,Term 3 2048,1,3,0,50,0.7725,38.71,39
2048-12-04,Term 3 2048,1,4,0,50,0.7706,38.71,37
2048-12-07,Term 3 2048,2,0,0,50,0.7716,38.71,41
2048-12-08,Term 3 2048,2,1,0,50,0.7795,39.0,44
2048-12-09,Term 3 2048,2,2,0,50,0.8004,40.0,42
2048-12-10,Term 3 2048,2,3,0,50,0.8142,40.71,43
2048-12-11,Term 3 2048,2,4,0,50,0.8204,41.0,41
2048-12-14,Term 3 2048,3,0,0,50,0.8188,41.0,42
2048-12-15,Term 3 2048,3,1,0,50,0.8289,41.43,46
2048-12-16,Term 3 2048,3,2,0,50,0.8536,42.71,44
2048-12-17,Term 3 2048,3,3,0,50,0.8609,43.14,45
2048-12-18,Term 3 2048,3,4,0,50,0.8653,43.29,42
2048-12-21,Term 3 2048,4,0,0,50,0.866,43.29,40
2048-12-22,Term 3 2048,4,1,0,50,0.8593,42.86,44
2048-12-23,Term 3 2048,4,2,0,50,0.8698,43.29,45
2048-12-24,Term 3 2048,4,3,0,50,0.8784,43.71,42
2048-12-25,Term 3 2048,4,4,0,50,0.868,43.14,40
2048-12-28,Term 3 2048,5,0,0,50,0.857,42.57,42
2048-12-29,Term 3 2048,5,1,0,50,0.8472,42.14,45
2048-12-30,Term 3 2048,5,2,0,50,0.8544,42.57,46
2048-12-31,Term 3 2048,5,3,0,50,0.8704,43.43,45
2049-01-01,Term 3 2048,5,4,0,50,0.8736,43.57,43
2049-01-04,Term 3 2048,6,0,0,50,0.8668,43.29,42
2049-01-05,Term 3 2048,6,1,0,50,0.8659,43.29,44
2049-01-06,Term 3 2048,6,2,0,50,0.8778,43.86,43
2049-01-07,Term 3 2048,6,3,0,50,0.8811,44.0,44
2049-01-08,Term 3 2048,6,4,0,50,0.8785,43.86,42
2049-01-11,Term 3 2048,7,0,0,50,0.8672,43.29,42
2049-01-12,Term 3 2048,7,1,0,50,0.8571,42.86,44
2049-01-13,Term 3 2048,7,2,0,50,0.8613,43.0,45
2049-01-14,Term 3 2048,7,3,0,50,0.8694,43.43,45
2049-01-15,Term 3 2048,7,4,0,50,0.8724,43.57,42
2049-01-18,Term 3 2048,8,0,0,50,0.869,43.43,42
2049-01-19,Term 3 2048,8,1,0,50,0.8644,43.14,44
2049-01-20,Term 3 2048,8,2,0,50,0.8706,43.43,44
2049-01-21,Term 3 2048,8,3,0,50,0.8758,43.71,43
2049-01-22,Term 3 2048,8,4,0,50,0.8724,43.57,40
2049-01-25,Term 3 2048,9,0,0,50,0.8597,42.86,43
2049-01-26,Term 3 2048,9,1,0,50,0.8534,42.57,44
2049-01-27,Term 3 2048,9,2,0,50,0.8583,42.86,44
2049-01-28,Term 3 2048,9,3,0,50,0.8627,43.14,44
2049-01-29,Term 3 2048,9,4,0,50,0.8624,43.14,44
2049-02-01,Term 3 2048,10,0,0,50,0.8625,43.14,41
2049-02-02,Term 3 2048,10,1,0,50,0.8557,42.86,45
2049-02-03,Term 3 2048,10,2,0,50,0.8687,43.57,42
2049-02-04,Term 3 2048,10,3,0,50,0.8659,43.43,43
2049-02-05,Term 3 2048,10,4,0,50,0.8644,43.29,41
2049-02-08,Term 3 2048,11,0,0,50,0.8555,42.86,41
2049-02-09,Term 3 2048,11,1,0,50,0.8466,42.43,43
2049-02-10,Term 3 2048,11,2,0,50,0.8442,42.29,43
2049-02-11,Term 3 2048,11,3,0,50,0.8499,42.57,46
2049-02-12,Term 3 2048,11,4,0,50,0.8524,42.71,41
2049-02-15,Term 3 2048,12,0,1,50,0.8503,42.57,36
2049-02-16,Term 3 2048,12,1,1,50,0.8296,41.57,39
2049-02-17,Term 3 2048,12,2,1,50,0.8256,41.29,39
2049-02-18,Term 3 2048,12,3,1,50,0.8192,41.0,37
2049-02-19,Term 3 2048,12,4,1,50,0.8009,40.14,35
2049-02-22,Term 3 2048,13,0,1,50,0.7789,39.0,36
2049-02-23,Term 3 2048,13,1,1,50,0.7523,37.57,40
2049-02-24,Term 3 2048,13,2,1,50,0.748,37.43,39
2049-02-25,Term 3 2048,13,3,1,50,0.7578,37.86,39
2049-02-26,Term 3 2048,13,4,1,50,0.7558,37.86,37
2049-03-15,Term 1 2049,1,0,0,50,0.751,37.57,39
2049-03-16,Term 1 2049,1,1,0,50,0.7572,37.86,41
2049-03-17,Term 1 2049,1,2,0,50,0.7744,38.71,41
2049-03-18,Term 1 2049,1,3,0,50,0.7888,39.43,40
2049-03-19,Term 1 2049,1,4,0,50,0.7906,39.43,37
2049-03-22,Term 1 2049,2,0,0,50,0.7843,39.14,42
2049-03-23,Term 1 2049,2,1,0,50,0.7952,39.57,45
2049-03-24,Term 1 2049,2,2,0,50,0.8173,40.71,43
2049-03-25,Term 1 2049,2,3,0,50,0.8282,41.29,43
2049-03-26,Term 1 2049,2,4,0,50,0.8328,41.57,42
2049-03-29,Term 1 2049,3,0,0,50,0.8358,41.71,40
2049-03-30,Term 1 2049,3,1,0,50,0.8341,41.71,44
2049-03-31,Term 1 2049,3,2,0,50,0.8528,42.71,46
2049-04-01,Term 1 2049,3,3,0,50,0.8627,43.29,43
2049-04-02,Term 1 2049,3,4,0,50,0.8586,43.0,41
2049-04-05,Term 1 2049,4,0,0,50,0.8538,42.71,40
2049-04-06,Term 1 2049,4,1,0,50,0.8449,42.29,42
2049-04-07,Term 1 2049,4,2,0,50,0.8439,42.29,46
2049-04-08,Term 1 2049,4,3,0,50,0.86,43.14,43
2049-04-09,Term 1 2049,4,4,0,50,0.8593,43.0,41
2049-04-12,Term 1 2049,5,0,0,50,0.844,42.29,43
2049-04-13,Term 1 2049,5,1,0,50,0.8429,42.29,46
2049-04-14,Term 1 2049,5,2,0,50,0.8564,43.0,42
2049-04-15,Term 1 2049,5,3,0,50,0.8634,43.29,42
2049-04-16,Term 1 2049,5,4,0,50,0.8639,43.29,42
2049-04-19,Term 1 2049,6,0,0,50,0.853,42.71,42
2049-04-20,Term 1 2049,6,1,0,50,0.8489,42.57,42
2049-04-21,Term 1 2049,6,2,0,50,0.8541,42.71,43
2049-04-22,Term 1 2049,6,3,0,50,0.8544,42.71,43
2049-04-23,Term 1 2049,6,4,0,50,0.8471,42.29,41
2049-04-26,Term 1 2049,7,0,0,50,0.8449,42.14,41
2049-04-27,Term 1 2049,7,1,0,50,0.8411,42.0,42
2049-04-28,Term 1 2049,7,2,0,50,0.8424,42.0,46
2049-04-29,Term 1 2049,7,3,0,50,0.8525,42.57,43
2049-04-30,Term 1 2049,7,4,0,50,0.8542,42.71,41
2049-05-03,Term 1 2049,8,0,0,50,0.8477,42.43,42
2049-05-04,Term 1 2049,8,1,0,50,0.8455,42.29,44
2049-05-05,Term 1 2049,8,2,0,50,0.8532,42.71,45
2049-05-06,Term 1 2049,8,3,0,50,0.8639,43.29,45
2049-05-07,Term 1 2049,8,4,0,50,0.8715,43.71,44
2049-05-10,Term 1 2049,9,0,0,50,0.8663,43.43,41
2049-05-11,Term 1 2049,9,1,0,50,0.8611,43.14,44
2049-05-12,Term 1 2049,9,2,0,50,0.8703,43.57,45
2049-05-13,Term 1 2049,9,3,0,50,0.8792,44.0,42
2049-05-14,Term 1 2049,9,4,0,50,0.8746,43.71,40
2049-05-17,Term 1 2049,10,0,0,50,0.8624,43.0,42
2049-05-18,Term 1 2049,10,1,0,50,0.8542,42.57,45
2049-05-19,Term 1 2049,10,2,0,50,0.8582,42.71,46
2049-05-20,Term 1 2049,10,3,0,50,0.8712,43.43,45
2049-05-21,Term 1 2049,10,4,0,50,0.8754,43.57,40
2049-05-24,Term 1 2049,11,0,0,50,0.8606,42.86,40
2049-05-25,Term 1 2049,11,1,0,50,0.8533,42.57,45
2049-05-26,Term 1 2049,11,2,0,50,0.865,43.29,45
2049-05-27,Term 1 2049,11,3,0,50,0.8752,43.71,46
2049-05-28,Term 1 2049,11,4,0,50,0.8766,43.86,41
2049-05-31,Term 1 2049,12,0,1,50,0.8619,43.14,35
2049-06-01,Term 1 2049,12,1,1,50,0.8315,41.71,38
2049-06-02,Term 1 2049,12,2,1,50,0.8247,41.43,38
2049-06-03,Term 1 2049,12,3,1,50,0.8193,41.14,39
2049-06-04,Term 1 2049,12,4,1,50,0.8033,40.29,34
2049-06-07,Term 1 2049,13,0,1,50,0.7716,38.71,36
2049-06-08,Term 1 2049,13,1,1,50,0.7443,37.29,37
2049-06-09,Term 1 2049,13,2,1,50,0.7349,36.71,37
2049-06-10,Term 1 2049,13,3,1,50,0.7403,37.0,39
2049-06-11,Term 1 2049,13,4,1,50,0.7449,37.14,36
2049-06-28,Term 2 2049,1,0,0,50,0.7384,36.86,37
2049-06-29,Term 2 2049,1,1,0,50,0.7334,36.57,41
2049-06-30,Term 2 2049,1,2,0,50,0.7525,37.57,39
2049-07-01,Term 2 2049,1,3,0,50,0.7607,38.0,41
2049-07-02,Term 2 2049,1,4,0,50,0.7719,38.57,37
2049-07-05,Term 2 2049,2,0,0,50,0.7742,38.57,42
2049-07-06,Term 2 2049,2,1,0,50,0.7803,39.0,42
2049-07-07,Term 2 2049,2,2,0,50,0.7991,39.86,43
2049-07-08,Term 2 2049,2,3,0,50,0.8172,40.71,45
2049-07-09,Term 2 2049,2,4,0,50,0.8284,41.29,41
2049-07-12,Term 2 2049,3,0,0,50,0.8355,41.57,42
2049-07-13,Term 2 2049,3,1,0,50,0.8381,41.71,43
2049-07-14,Term 2 2049,3,2,0,50,0.8531,42.57,45
2049-07-15,Term 2 2049,3,3,0,50,0.8631,43.0,44
2049-07-16,Term 2 2049,3,4,0,50,0.8669,43.29,41
2049-07-19,Term 2 2049,4,0,0,50,0.8596,43.0,43
2049-07-20,Term 2 2049,4,1,0,50,0.8529,42.71,44
2049-07-21,Term 2 2049,4,2,0,50,0.8593,43.14,44
2049-07-22,Term 2 2049,4,3,0,50,0.8635,43.43,44
2049-07-23,Term 2 2049,4,4,0,50,0.867,43.57,43
2049-07-26,Term 2 2049,5,0,0,50,0.8624,43.29,43
2049-07-27,Term 2 2049,5,1,0,50,0.8595,43.14,43
2049-07-28,Term 2 2049,5,2,0,50,0.8668,43.43,42
2049-07-29,Term 2 2049,5,3,0,50,0.8651,43.29,43
2049-07-30,Term 2 2049,5,4,0,50,0.862,43.14,40
2049-08-02,Term 2 2049,6,0,0,50,0.8517,42.57,43
2049-08-03,Term 2 2049,6,1,0,50,0.8486,42.43,46
2049-08-04,Term 2 2049,6,2,0,50,0.8553,42.86,42
2049-08-05,Term 2 2049,6,3,0,50,0.8544,42.71,43
2049-08-06,Term 2 2049,6,4,0,50,0.8538,42.71,44
2049-08-09,Term 2 2049,7,0,0,50,0.859,43.0,40
2049-08-10,Term 2 2049,7,1,0,50,0.8521,42.57,42
2049-08-11,Term 2 2049,7,2,0,50,0.8584,42.86,45
2049-08-12,Term 2 2049,7,3,0,50,0.865,43.14,45
2049-08-13,Term 2 2049,7,4,0,50,0.8617,43.0,43
2049-08-16,Term 2 2049,8,0,0,50,0.8624,43.14,43
2049-08-17,Term 2 2049,8,1,0,50,0.8619,43.14,42
2049-08-18,Term 2 2049,8,2,0,50,0.8571,42.86,45
2049-08-19,Term 2 2049,8,3,0,50,0.8696,43.57,45
2049-08-20,Term 2 2049,8,4,0,50,0.877,44.0,43
2049-08-23,Term 2 2049,9,0,0,50,0.8702,43.71,42
2049-08-24,Term 2 2049,9,1,0,50,0.8614,43.29,43
2049-08-25,Term 2 2049,9,2,0,50,0.8632,43.29,44
2049-08-26,Term 2 2049,9,3,0,50,0.8646,43.43,45
2049-08-27,Term 2 2049,9,4,0,50,0.8718,43.86,42
2049-08-30,Term 2 2049,10,0,0,50,0.8652,43.43,41
2049-08-31,Term 2 2049,10,1,0,50,0.8533,42.86,45
2049-09-01,Term 2 2049,10,2,0,50,0.86,43.14,46
2049-09-02,Term 2 2049,10,3,0,50,0.8716,43.71,42
2049-09-03,Term 2 2049,10,4,0,50,0.8683,43.57,41
2049-09-06,Term 2 2049,11,0,0,50,0.8612,43.14,42
2049-09-07,Term 2 2049,11,1,0,50,0.8523,42.71,46
2049-09-08,Term 2 2049,11,2,0,50,0.8622,43.29,45
2049-09-09,Term 2 2049,11,3,0,50,0.8738,43.86,44
2049-09-10,Term 2 2049,11,4,0,50,0.8705,43.71,41
2049-09-13,Term 2 2049,12,0,1,50,0.8567,43.0,36
2049-09-14,Term 2 2049,12,1,1,50,0.8386,42.14,39
2049-09-15,Term 2 2049,12,2,1,50,0.8329,41.86,39
2049-09-16,Term 2 2049,12,3,1,50,0.8244,41.43,39
2049-09-17,Term 2 2049,12,4,1,50,0.8047,40.43,38
2049-09-20,Term 2 2049,13,0,1,50,0.784,39.43,37
2049-09-21,Term 2 2049,13,1,1,50,0.7635,38.43,38
2049-09-22,Term 2 2049,13,2,1,50,0.7544,38.0,37
2049-09-23,Term 2 2049,13,3,1,50,0.7575,38.14,37
2049-09-24,Term 2 2049,13,4,1,50,0.752,37.86,34
2049-10-11,Term 3 2049,1,0,0,50,0.7392,37.14,37
2049-10-12,Term 3 2049,1,1,0,50,0.7337,36.86,41
2049-10-13,Term 3 2049,1,2,0,50,0.7432,37.29,41
2049-10-14,Term 3 2049,1,3,0,50,0.7556,37.86,39
2049-10-15,Term 3 2049,1,4,0,50,0.7581,38.0,40
2049-10-18,Term 3 2049,2,0,0,50,0.7672,38.43,41
2049-10-19,Term 3 2049,2,1,0,50,0.777,39.0,42
2049-10-20,Term 3 2049,2,2,0,50,0.8005,40.14,44
2049-10-21,Term 3 2049,2,3,0,50,0.8216,41.14,44
2049-10-22,Term 3 2049,2,4,0,50,0.8307,41.57,43
2049-10-25,Term 3 2049,3,0,0,50,0.8366,41.86,40
2049-10-26,Term 3 2049,3,1,0,50,0.8412,42.0,42
2049-10-27,Term 3 2049,3,2,0,50,0.8474,42.29,45
2049-10-28,Term 3 2049,3,3,0,50,0.8604,42.86,44
2049-10-29,Term 3 2049,3,4,0,50,0.8661,43.14,41
2049-11-01,Term 3 2049,4,0,0,50,0.8568,42.71,43
2049-11-02,Term 3 2049,4,1,0,50,0.8526,42.57,45
2049-11-03,Term 3 2049,4,2,0,50,0.8579,42.86,46
2049-11-04,Term 3 2049,4,3,0,50,0.8745,43.71,42
2049-11-05,Term 3 2049,4,4,0,50,0.8755,43.71,40
2049-11-08,Term 3 2049,5,0,0,50,0.8613,43.0,41
2049-11-09,Term 3 2049,5,1,0,50,0.8517,42.57,45
2049-11-10,Term 3 2049,5,2,0,50,0.8618,43.14,43
2049-11-11,Term 3 2049,5,3,0,50,0.8642,43.14,42
2049-11-12,Term 3 2049,5,4,0,50,0.8564,42.71,43
2049-11-15,Term 3 2049,6,0,0,50,0.8468,42.29,40
2049-11-16,Term 3 2049,6,1,0,50,0.8399,42.0,43
2049-11-17,Term 3 2049,6,2,0,50,0.8483,42.43,45
2049-11-18,Term 3 2049,6,3,0,50,0.8596,43.0,44
2049-11-19,Term 3 2049,6,4,0,50,0.8576,42.86,44
2049-11-22,Term 3 2049,7,0,0,50,0.8591,43.0,43
2049-11-23,Term 3 2049,7,1,0,50,0.8606,43.14,46
2049-11-24,Term 3 2049,7,2,0,50,0.8702,43.57,44
2049-11-25,Term 3 2049,7,3,0,50,0.8823,44.14,46
2049-11-26,Term 3 2049,7,4,0,50,0.8891,44.57,43
2049-11-29,Term 3 2049,8,0,0,50,0.8822,44.29,42
2049-11-30,Term 3 2049,8,1,0,50,0.876,44.0,44
2049-12-01,Term 3 2049,8,2,0,50,0.8772,44.0,43
2049-12-02,Term 3 2049,8,3,0,50,0.8792,44.0,43
2049-12-03,Term 3 2049,8,4,0,50,0.8711,43.57,43
2049-12-06,Term 3 2049,9,0,0,50,0.8679,43.43,42
2049-12-07,Term 3 2049,9,1,0,50,0.8588,42.86,45
2049-12-08,Term 3 2049,9,2,0,50,0.865,43.14,45
2049-12-09,Term 3 2049,9,3,0,50,0.8742,43.57,44
2049-12-10,Term 3 2049,9,4,0,50,0.8733,43.57,41
2049-12-13,Term 3 2049,10,0,0,50,0.8664,43.29,41
2049-12-14,Term 3 2049,10,1,0,50,0.8598,43.0,44
2049-12-15,Term 3 2049,10,2,0,50,0.8632,43.14,45
2049-12-16,Term 3 2049,10,3,0,50,0.8716,43.57,43
2049-12-17,Term 3 2049,10,4,0,50,0.868,43.29,40
2049-12-20,Term 3 2049,11,0,0,50,0.8552,42.57,42
2049-12-21,Term 3 2049,11,1,0,50,0.8503,42.29,45
2049-12-22,Term 3 2049,11,2,0,50,0.8626,42.86,42
2049-12-23,Term 3 2049,11,3,0,50,0.867,43.0,42
2049-12-24,Term 3 2049,11,4,0,50,0.861,42.71,44
2049-12-27,Term 3 2049,12,0,1,50,0.8561,42.57,35
2049-12-28,Term 3 2049,12,1,1,50,0.8331,41.43,38
2049-12-29,Term 3 2049,12,2,1,50,0.8257,41.14,37
2049-12-30,Term 3 2049,12,3,1,50,0.8118,40.43,38
2049-12-31,Term 3 2049,12,4,1,50,0.7912,39.43,36
2050-01-03,Term 3 2049,13,0,1,50,0.7741,38.57,36
2050-01-04,Term 3 2049,13,1,1,50,0.755,37.71,38
2050-01-05,Term 3 2049,13,2,1,50,0.7379,36.86,37
2050-01-06,Term 3 2049,13,3,1,50,0.7427,37.14,38
2050-01-07,Term 3 2049,13,4,1,50,0.7433,37.14,36
2050-01-24,Term 1 2050,1,0,0,50,0.7382,37.0,37
2050-01-25,Term 1 2050,1,1,0,50,0.7358,36.86,42
2050-01-26,Term 1 2050,1,2,0,50,0.7511,37.71,40
2050-01-27,Term 1 2050,1,3,0,50,0.7636,38.29,42
2050-01-28,Term 1 2050,1,4,0,50,0.776,38.86,39
2050-01-31,Term 1 2050,2,0,0,50,0.7824,39.14,40
2050-02-01,Term 1 2050,2,1,0,50,0.7883,39.43,43
2050-02-02,Term 1 2050,2,2,0,50,0.8078,40.43,45
2050-02-03,Term 1 2050,2,3,0,50,0.8294,41.57,43
2050-02-04,Term 1 2050,2,4,0,50,0.8317,41.71,43
2050-02-07,Term 1 2050,3,0,0,50,0.8399,42.14,43
2050-02-08,Term 1 2050,3,1,0,50,0.8429,42.29,42
2050-02-09,Term 1 2050,3,2,0,50,0.852,42.71,43
2050-02-10,Term 1 2050,3,3,0,50,0.8599,43.14,44
2050-02-11,Term 1 2050,3,4,0,50,0.8639,43.29,43
2050-02-14,Term 1 2050,4,0,0,50,0.8586,43.0,43
2050-02-15,Term 1 2050,4,1,0,50,0.8607,43.0,43
2050-02-16,Term 1 2050,4,2,0,50,0.8626,43.0,46
2050-02-17,Term 1 2050,4,3,0,50,0.8707,43.43,44
2050-02-18,Term 1 2050,4,4,0,50,0.8763,43.71,42
2050-02-21,Term 1 2050,5,0,0,50,0.8728,43.57,40
2050-02-22,Term 1 2050,5,1,0,50,0.8616,43.0,44
2050-02-23,Term 1 2050,5,2,0,50,0.8653,43.14,42
2050-02-24,Term 1 2050,5,3,0,50,0.8621,43.0,43
2050-02-25,Term 1 2050,5,4,0,50,0.8597,43.0,41
2050-02-28,Term 1 2050,6,0,0,50,0.8473,42.29,43
2050-03-01,Term 1 2050,6,1,0,50,0.8447,42.14,43
2050-03-02,Term 1 2050,6,2,0,50,0.8492,42.29,44
2050-03-03,Term 1 2050,6,3,0,50,0.8605,42.86,45
2050-03-04,Term 1 2050,6,4,0,50,0.863,43.0,41
2050-03-07,Term 1 2050,7,0,0,50,0.8585,42.86,42
2050-03-08,Term 1 2050,7,1,0,50,0.8563,42.71,42
2050-03-09,Term 1 2050,7,2,0,50,0.8583,42.86,46
2050-03-10,Term 1 2050,7,3,0,50,0.8644,43.29,46
2050-03-11,Term 1 2050,7,4,0,50,0.871,43.71,41
2050-03-14,Term 1 2050,8,0,0,50,0.8622,43.29,43
2050-03-15,Term 1 2050,8,1,0,50,0.8554,43.0,44
2050-03-16,Term 1 2050,8,2,0,50,0.8651,43.43,42
2050-03-17,Term 1 2050,8,3,0,50,0.8669,43.43,43
2050-03-18,Term 1 2050,8,4,0,50,0.8703,43.57,43
2050-03-21,Term 1 2050,9,0,0,50,0.8643,43.14,41
2050-03-22,Term 1 2050,9,1,0,50,0.8518,42.43,44
2050-03-23,Term 1 2050,9,2,0,50,0.8616,42.86,44
2050-03-24,Term 1 2050,9,3,0,50,0.8658,43.0,46
2050-03-25,Term 1 2050,9,4,0,50,0.8705,43.29,43
2050-03-28,Term 1 2050,10,0,0,50,0.8724,43.43,41
2050-03-29,Term 1 2050,10,1,0,50,0.8667,43.14,45
2050-03-30,Term 1 2050,10,2,0,50,0.8707,43.43,44
2050-03-31,Term 1 2050,10,3,0,50,0.88,43.86,45
2050-04-01,Term 1 2050,10,4,0,50,0.8821,44.0,42
2050-04-04,Term 1 2050,11,0,0,50,0.8757,43.71,41
2050-04-05,Term 1 2050,11,1,0,50,0.8636,43.0,44
2050-04-06,Term 1 2050,11,2,0,50,0.8655,43.14,44
2050-04-07,Term 1 2050,11,3,0,50,0.8723,43.57,45
2050-04-08,Term 1 2050,11,4,0,50,0.874,43.57,41
2050-04-11,Term 1 2050,12,0,1,50,0.8651,43.14,37
2050-04-12,Term 1 2050,12,1,1,50,0.8412,42.0,39
2050-04-13,Term 1 2050,12,2,1,50,0.8316,41.57,38
2050-04-14,Term 1 2050,12,3,1,50,0.821,41.14,37
2050-04-15,Term 1 2050,12,4,1,50,0.8014,40.14,36
2050-04-18,Term 1 2050,13,0,1,50,0.7779,39.0,36
2050-04-19,Term 1 2050,13,1,1,50,0.7499,37.71,40
2050-04-20,Term 1 2050,13,2,1,50,0.7457,37.57,40
2050-04-21,Term 1 2050,13,3,1,50,0.7539,38.0,39
2050-04-22,Term 1 2050,13,4,1,50,0.7547,38.0,37
2050-05-09,Term 2 2050,1,0,0,50,0.7517,37.86,39
2050-05-10,Term 2 2050,1,1,0,50,0.7575,38.14,41
2050-05-11,Term 2 2050,1,2,0,50,0.7725,38.86,40
2050-05-12,Term 2 2050,1,3,0,50,0.7857,39.43,41
2050-05-13,Term 2 2050,1,4,0,50,0.7896,39.57,39
2050-05-16,Term 2 2050,2,0,0,50,0.7875,39.43,42
2050-05-17,Term 2 2050,2,1,0,50,0.7955,39.86,42
2050-05-18,Term 2 2050,2,2,0,50,0.8124,40.57,44
2050-05-19,Term 2 2050,2,3,0,50,0.8275,41.29,43
2050-05-20,Term 2 2050,2,4,0,50,0.833,41.57,42
2050-05-23,Term 2 2050,3,0,0,50,0.8392,41.86,42
2050-05-24,Term 2 2050,3,1,0,50,0.841,42.0,42
2050-05-25,Term 2 2050,3,2,0,50,0.8507,42.43,44
2050-05-26,Term 2 2050,3,3,0,50,0.8579,42.71,43
2050-05-27,Term 2 2050,3,4,0,50,0.8587,42.86,42
2050-05-30,Term 2 2050,4,0,0,50,0.852,42.57,43
2050-05-31,Term 2 2050,4,1,0,50,0.8529,42.57,42
2050-06-01,Term 2 2050,4,2,0,50,0.8529,42.57,46
2050-06-02,Term 2 2050,4,3,0,50,0.8642,43.14,43
2050-06-03,Term 2 2050,4,4,0,50,0.8656,43.29,40
2050-06-06,Term 2 2050,5,0,0,50,0.8536,42.71,43
2050-06-07,Term 2 2050,5,1,0,50,0.8533,42.71,43
2050-06-08,Term 2 2050,5,2,0,50,0.8564,42.86,45
2050-06-09,Term 2 2050,5,3,0,50,0.8613,43.14,46
2050-06-10,Term 2 2050,5,4,0,50,0.8701,43.71,42
2050-06-13,Term 2 2050,6,0,0,50,0.8588,43.14,43
2050-06-14,Term 2 2050,6,1,0,50,0.8588,43.14,44
2050-06-15,Term 2 2050,6,2,0,50,0.8712,43.71,44
2050-06-16,Term 2 2050,6,3,0,50,0.874,43.86,42
2050-06-17,Term 2 2050,6,4,0,50,0.8717,43.71,43
2050-06-20,Term 2 2050,7,0,0,50,0.8678,43.43,40
2050-06-21,Term 2 2050,7,1,0,50,0.8507,42.57,44
2050-06-22,Term 2 2050,7,2,0,50,0.8564,42.86,44
2050-06-23,Term 2 2050,7,3,0,50,0.859,43.0,45
2050-06-24,Term 2 2050,7,4,0,50,0.8619,43.14,41
2050-06-27,Term 2 2050,8,0,0,50,0.8553,42.71,41
2050-06-28,Term 2 2050,8,1,0,50,0.8506,42.57,42
2050-06-29,Term 2 2050,8,2,0,50,0.8477,42.43,42
2050-06-30,Term 2 2050,8,3,0,50,0.8557,42.71,43
2050-07-01,Term 2 2050,8,4,0,50,0.8527,42.57,41
2050-07-04,Term 2 2050,9,0,0,50,0.8438,42.14,41
2050-07-05,Term 2 2050,9,1,0,50,0.8298,41.57,42
2050-07-06,Term 2 2050,9,2,0,50,0.8329,41.71,43
2050-07-07,Term 2 2050,9,3,0,50,0.8406,42.0,44
2050-07-08,Term 2 2050,9,4,0,50,0.8439,42.29,41
2050-07-11,Term 2 2050,10,0,0,50,0.839,42.14,42
2050-07-12,Term 2 2050,10,1,0,50,0.837,42.0,43
2050-07-13,Term 2 2050,10,2,0,50,0.8448,42.29,42
2050-07-14,Term 2 2050,10,3,0,50,0.8493,42.43,42
2050-07-15,Term 2 2050,10,4,0,50,0.849,42.43,42
2050-07-18,Term 2 2050,11,0,0,50,0.8442,42.29,41
2050-07-19,Term 2 2050,11,1,0,50,0.8361,41.86,44
2050-07-20,Term 2 2050,11,2,0,50,0.8446,42.29,43
2050-07-21,Term 2 2050,11,3,0,50,0.8484,42.43,44
2050-07-22,Term 2 2050,11,4,0,50,0.8489,42.57,43
2050-07-25,Term 2 2050,12,0,1,50,0.8524,42.71,34
2050-07-26,Term 2 2050,12,1,1,50,0.8288,41.57,37
2050-07-27,Term 2 2050,12,2,1,50,0.8152,40.86,39
2050-07-28,Term 2 2050,12,3,1,50,0.8102,40.57,38
2050-07-29,Term 2 2050,12,4,1,50,0.795,39.71,36
2050-08-01,Term 2 2050,13,0,1,50,0.7741,38.71,37
2050-08-02,Term 2 2050,13,1,1,50,0.7541,37.71,38
2050-08-03,Term 2 2050,13,2,1,50,0.7376,37.0,36
2050-08-04,Term 2 2050,13,3,1,50,0.7447,37.29,36
2050-08-05,Term 2 2050,13,4,1,50,0.7431,37.14,36
2050-08-22,Term 3 2050,1,0,0,50,0.7341,36.71,37
2050-08-23,Term 3 2050,1,1,0,50,0.7306,36.57,40
2050-08-24,Term 3 2050,1,2,0,50,0.7419,37.14,40
2050-08-25,Term 3 2050,1,3,0,50,0.7509,37.57,39
2050-08-26,Term 3 2050,1,4,0,50,0.7548,37.71,40
2050-08-29,Term 3 2050,2,0,0,50,0.7637,38.29,41
2050-08-30,Term 3 2050,2,1,0,50,0.776,39.0,46
2050-08-31,Term 3 2050,2,2,0,50,0.8046,40.43,45
2050-09-01,Term 3 2050,2,3,0,50,0.8262,41.57,43
2050-09-02,Term 3 2050,2,4,0,50,0.8349,42.0,42
2050-09-05,Term 3 2050,3,0,0,50,0.8423,42.29,43
2050-09-06,Term 3 2050,3,1,0,50,0.8529,42.86,43
2050-09-07,Term 3 2050,3,2,0,50,0.8634,43.29,44
2050-09-08,Term 3 2050,3,3,0,50,0.8721,43.71,42
2050-09-09,Term 3 2050,3,4,0,50,0.8621,43.14,43
2050-09-12,Term 3 2050,4,0,0,50,0.8559,42.86,40
2050-09-13,Term 3 2050,4,1,0,50,0.8483,42.43,46
2050-09-14,Term 3 2050,4,2,0,50,0.8587,43.0,43
2050-09-15,Term 3 2050,4,3,0,50,0.8612,43.0,46
2050-09-16,Term 3 2050,4,4,0,50,0.8689,43.43,43
2050-09-19,Term 3 2050,5,0,0,50,0.8675,43.29,42
2050-09-20,Term 3 2050,5,1,0,50,0.8656,43.29,44
2050-09-21,Term 3 2050,5,2,0,50,0.8688,43.43,46
2050-09-22,Term 3 2050,5,3,0,50,0.8841,44.29,44
2050-09-23,Term 3 2050,5,4,0,50,0.8782,44.0,40
2050-09-26,Term 3 2050,6,0,0,50,0.8682,43.57,41
2050-09-27,Term 3 2050,6,1,0,50,0.8551,42.86,45
2050-09-28,Term 3 2050,6,2,0,50,0.8614,43.14,43
2050-09-29,Term 3 2050,6,3,0,50,0.8657,43.29,46
2050-09-30,Term 3 2050,6,4,0,50,0.8719,43.57,40
2050-10-03,Term 3 2050,7,0,0,50,0.8558,42.71,43
2050-10-04,Term 3 2050,7,1,0,50,0.8542,42.57,44
2050-10-05,Term 3 2050,7,2,0,50,0.8654,43.14,44
2050-10-06,Term 3 2050,7,3,0,50,0.874,43.57,45
2050-10-07,Term 3 2050,7,4,0,50,0.8742,43.57,42
2050-10-10,Term 3 2050,8,0,0,50,0.8695,43.43,41
2050-10-11,Term 3 2050,8,1,0,50,0.8553,42.71,45
2050-10-12,Term 3 2050,8,2,0,50,0.8682,43.43,44
2050-10-13,Term 3 2050,8,3,0,50,0.8714,43.57,44
2050-10-14,Term 3 2050,8,4,0,50,0.8717,43.57,40
2050-10-17,Term 3 2050,9,0,0,50,0.8596,43.0,42
2050-10-18,Term 3 2050,9,1,0,50,0.8513,42.57,44
2050-10-19,Term 3 2050,9,2,0,50,0.8591,42.86,43
2050-10-20,Term 3 2050,9,3,0,50,0.8657,43.14,44
2050-10-21,Term 3 2050,9,4,0,50,0.863,43.0,40
2050-10-24,Term 3 2050,10,0,0,50,0.852,42.43,40
2050-10-25,Term 3 2050,10,1,0,50,0.8406,41.86,44
2050-10-26,Term 3 2050,10,2,0,50,0.8522,42.43,43
2050-10-27,Term 3 2050,10,3,0,50,0.8541,42.57,44
2050-10-28,Term 3 2050,10,4,0,50,0.8526,42.57,42
2050-10-31,Term 3 2050,11,0,0,50,0.8504,42.43,43
2050-11-01,Term 3 2050,11,1,0,50,0.8497,42.29,43
2050-11-02,Term 3 2050,11,2,0,50,0.8577,42.71,45
2050-11-03,Term 3 2050,11,3,0,50,0.871,43.43,43
2050-11-04,Term 3 2050,11,4,0,50,0.8686,43.29,41
2050-11-07,Term 3 2050,12,0,1,50,0.8626,43.0,37
2050-11-08,Term 3 2050,12,1,1,50,0.842,42.0,38
2050-11-09,Term 3 2050,12,2,1,50,0.8288,41.43,37
2050-11-10,Term 3 2050,12,3,1,50,0.8106,40.57,40
2050-11-11,Term 3 2050,12,4,1,50,0.8011,40.14,35
2050-11-14,Term 3 2050,13,0,1,50,0.7743,38.71,35
2050-11-15,Term 3 2050,13,1,1,50,0.7514,37.57,38
2050-11-16,Term 3 2050,13,2,1,50,0.7438,37.14,36
2050-11-17,Term 3 2050,13,3,1,50,0.7426,37.0,39
2050-11-18,Term 3 2050,13,4,1,50,0.7453,37.14,37
2050-12-05,Term 1 2050,1,0,0,50,0.7441,37.14,36
2050-12-06,Term 1 2050,1,1,0,50,0.7315,36.57,40
2050-12-07,Term 1 2050,1,2,0,50,0.7445,37.29,42
2050-12-08,Term 1 2050,1,3,0,50,0.7624,38.29,41
2050-12-09,Term 1 2050,1,4,0,50,0.7689,38.71,38
2050-12-12,Term 1 2050,2,0,0,50,0.7735,39.0,43
2050-12-13,Term 1 2050,2,1,0,50,0.7858,39.57,45
2050-12-14,Term 1 2050,2,2,0,50,0.8093,40.71,45
2050-12-15,Term 1 2050,2,3,0,50,0.8366,42.0,44
2050-12-16,Term 1 2050,2,4,0,50,0.8487,42.57,43
2050-12-19,Term 1 2050,3,0,0,50,0.8531,42.71,42
2050-12-20,Term 1 2050,3,1,0,50,0.8571,42.86,42
2050-12-21,Term 1 2050,3,2,0,50,0.8704,43.43,42
2050-12-22,Term 1 2050,3,3,0,50,0.8677,43.29,45
2050-12-23,Term 1 2050,3,4,0,50,0.8692,43.29,43
2050-12-26,Term 1 2050,4,0,0,50,0.8624,43.0,42
2050-12-27,Term 1 2050,4,1,0,50,0.8568,42.71,43
2050-12-28,Term 1 2050,4,2,0,50,0.8576,42.71,45
2050-12-29,Term 1 2050,4,3,0,50,0.8666,43.14,45
2050-12-30,Term 1 2050,4,4,0,50,0.8751,43.57,41
2051-01-02,Term 1 2050,5,0,0,50,0.8732,43.43,40
2051-01-03,Term 1 2050,5,1,0,50,0.8585,42.71,45
2051-01-04,Term 1 2050,5,2,0,50,0.8653,43.0,45
2051-01-05,Term 1 2050,5,3,0,50,0.8728,43.43,42
2051-01-06,Term 1 2050,5,4,0,50,0.8688,43.29,42
2051-01-09,Term 1 2050,6,0,0,50,0.8591,42.86,43
2051-01-10,Term 1 2050,6,1,0,50,0.8532,42.57,44
2051-01-11,Term 1 2050,6,2,0,50,0.8599,43.0,43
2051-01-12,Term 1 2050,6,3,0,50,0.8676,43.43,42
2051-01-13,Term 1 2050,6,4,0,50,0.859,43.0,41
2051-01-16,Term 1 2050,7,0,0,50,0.8486,42.43,43
2051-01-17,Term 1 2050,7,1,0,50,0.8519,42.57,43
2051-01-18,Term 1 2050,7,2,0,50,0.8564,42.71,42
2051-01-19,Term 1 2050,7,3,0,50,0.8538,42.57,44
2051-01-20,Term 1 2050,7,4,0,50,0.8558,42.57,41
2051-01-23,Term 1 2050,8,0,0,50,0.851,42.29,42
2051-01-24,Term 1 2050,8,1,0,50,0.8518,42.29,43
2051-01-25,Term 1 2050,8,2,0,50,0.857,42.57,44
2051-01-26,Term 1 2050,8,3,0,50,0.8593,42.71,43
2051-01-27,Term 1 2050,8,4,0,50,0.8593,42.71,41
2051-01-30,Term 1 2050,9,0,0,50,0.8558,42.57,43
2051-01-31,Term 1 2050,9,1,0,50,0.852,42.43,45
2051-02-01,Term 1 2050,9,2,0,50,0.8623,43.0,43
2051-02-02,Term 1 2050,9,3,0,50,0.8636,43.14,43
2051-02-03,Term 1 2050,9,4,0,50,0.8632,43.14,43
2051-02-06,Term 1 2050,10,0,0,50,0.8612,43.0,41
2051-02-07,Term 1 2050,10,1,0,50,0.8545,42.71,45
2051-02-08,Term 1 2050,10,2,0,50,0.8669,43.29,44
2051-02-09,Term 1 2050,10,3,0,50,0.8702,43.43,44
2051-02-10,Term 1 2050,10,4,0,50,0.8678,43.29,42
2051-02-13,Term 1 2050,11,0,0,50,0.866,43.14,42
2051-02-14,Term 1 2050,11,1,0,50,0.8641,43.0,44
2051-02-15,Term 1 2050,11,2,0,50,0.8669,43.14,45
2051-02-16,Term 1 2050,11,3,0,50,0.8773,43.71,44
2051-02-17,Term 1 2050,11,4,0,50,0.8739,43.57,40
2051-02-20,Term 1 2050,12,0,1,50,0.8624,43.0,34
2051-02-21,Term 1 2050,12,1,1,50,0.8339,41.57,36
2051-02-22,Term 1 2050,12,2,1,50,0.8169,40.71,37
2051-02-23,Term 1 2050,12,3,1,50,0.8024,40.0,38
2051-02-24,Term 1 2050,12,4,1,50,0.7853,39.14,35
2051-02-27,Term 1 2050,13,0,1,50,0.7572,37.71,36
2051-02-28,Term 1 2050,13,1,1,50,0.7324,36.57,39
2051-03-01,Term 1 2050,13,2,1,50,0.7292,36.43,37
2051-03-02,Term 1 2050,13,3,1,50,0.7371,36.86,39
2051-03-03,Term 1 2050,13,4,1,50,0.7441,37.29,38
2051-03-20,Term 2 2051,1,0,0,50,0.7467,37.43,38
2051-03-21,Term 2 2051,1,1,0,50,0.7467,37.43,40
2051-03-22,Term 2 2051,1,2,0,50,0.7616,38.14,39
2051-03-23,Term 2 2051,1,3,0,50,0.7714,38.57,40
2051-03-24,Term 2 2051,1,4,0,50,0.7746,38.71,38
2051-03-27,Term 2 2051,2,0,0,50,0.7776,38.86,43
2051-03-28,Term 2 2051,2,1,0,50,0.7905,39.43,45
2051-03-29,Term 2 2051,2,2,0,50,0.8094,40.43,46
2051-03-30,Term 2 2051,2,3,0,50,0.8308,41.57,42
2051-03-31,Term 2 2051,2,4,0,50,0.8367,41.86,44
2051-04-03,Term 2 2051,3,0,0,50,0.8503,42.57,41
2051-04-04,Term 2 2051,3,1,0,50,0.8531,42.71,46
2051-04-05,Term 2 2051,3,2,0,50,0.8764,43.86,43
2051-04-06,Term 2 2051,3,3,0,50,0.876,43.86,45
2051-04-07,Term 2 2051,3,4,0,50,0.8764,43.86,42
2051-04-10,Term 2 2051,4,0,0,50,0.8653,43.29,41
2051-04-11,Term 2 2051,4,1,0,50,0.8617,43.14,45
2051-04-12,Term 2 2051,4,2,0,50,0.8653,43.29,46
2051-04-13,Term 2 2051,4,3,0,50,0.8776,44.0,43
2051-04-14,Term 2 2051,4,4,0,50,0.8688,43.57,41
2051-04-17,Term 2 2051,5,0,0,50,0.8632,43.29,41
2051-04-18,Term 2 2051,5,1,0,50,0.8531,42.71,44
2051-04-19,Term 2 2051,5,2,0,50,0.8586,43.0,42
2051-04-20,Term 2 2051,5,3,0,50,0.8616,43.14,43
2051-04-21,Term 2 2051,5,4,0,50,0.8552,42.86,40
2051-04-24,Term 2 2051,6,0,0,50,0.8403,42.0,42
2051-04-25,Term 2 2051,6,1,0,50,0.8371,41.86,42
2051-04-26,Term 2 2051,6,2,0,50,0.84,42.0,45
2051-04-27,Term 2 2051,6,3,0,50,0.8507,42.57,46
2051-04-28,Term 2 2051,6,4,0,50,0.8568,42.86,42
2051-05-01,Term 2 2051,7,0,0,50,0.8558,42.86,40
2051-05-02,Term 2 2051,7,1,0,50,0.8473,42.43,43
2051-05-03,Term 2 2051,7,2,0,50,0.855,42.86,43
2051-05-04,Term 2 2051,7,3,0,50,0.8575,43.0,43
2051-05-05,Term 2 2051,7,4,0,50,0.8607,43.14,43
2051-05-08,Term 2 2051,8,0,0,50,0.8538,42.86,40
2051-05-09,Term 2 2051,8,1,0,50,0.8365,42.0,44
2051-05-10,Term 2 2051,8,2,0,50,0.8429,42.29,45
2051-05-11,Term 2 2051,8,3,0,50,0.8584,43.0,44
2051-05-12,Term 2 2051,8,4,0,50,0.8623,43.14,43
2051-05-15,Term 2 2051,9,0,0,50,0.8619,43.14,41
2051-05-16,Term 2 2051,9,1,0,50,0.855,42.86,43
2051-05-17,Term 2 2051,9,2,0,50,0.8564,42.86,42
2051-05-18,Term 2 2051,9,3,0,50,0.8637,43.14,43
2051-05-19,Term 2 2051,9,4,0,50,0.8609,43.0,41
2051-05-22,Term 2 2051,10,0,0,50,0.8499,42.43,40
2051-05-23,Term 2 2051,10,1,0,50,0.8366,41.86,43
2051-05-24,Term 2 2051,10,2,0,50,0.839,41.86,45
2051-05-25,Term 2 2051,10,3,0,50,0.8514,42.43,46
2051-05-26,Term 2 2051,10,4,0,50,0.8593,42.86,43
2051-05-29,Term 2 2051,11,0,0,50,0.8612,43.0,42
2051-05-30,Term 2 2051,11,1,0,50,0.8584,42.86,45
2051-05-31,Term 2 2051,11,2,0,50,0.869,43.43,45
2051-06-01,Term 2 2051,11,3,0,50,0.8826,44.14,44
2051-06-02,Term 2 2051,11,4,0,50,0.8854,44.29,40
2051-06-05,Term 2 2051,12,0,1,50,0.8716,43.57,34
2051-06-06,Term 2 2051,12,1,1,50,0.8373,41.86,36
2051-06-07,Term 2 2051,12,2,1,50,0.8173,40.86,37
2051-06-08,Term 2 2051,12,3,1,50,0.8038,40.14,39
2051-06-09,Term 2 2051,12,4,1,50,0.7877,39.29,34
2051-06-12,Term 2 2051,13,0,1,50,0.7584,37.71,34
2051-06-13,Term 2 2051,13,1,1,50,0.729,36.29,40
2051-06-14,Term 2 2051,13,2,1,50,0.7271,36.29,38
2051-06-15,Term 2 2051,13,3,1,50,0.7386,36.86,37
2051-06-16,Term 2 2051,13,4,1,50,0.7416,37.0,37
2051-07-03,Term 3 2051,1,0,0,50,0.7395,37.0,36
2051-07-04,Term 3 2051,1,1,0,50,0.7291,36.57,41
2051-07-05,Term 3 2051,1,2,0,50,0.7475,37.57,40
2051-07-06,Term 3 2051,1,3,0,50,0.7653,38.43,39
2051-07-07,Term 3 2051,1,4,0,50,0.7639,38.29,38
2051-07-10,Term 3 2051,2,0,0,50,0.7632,38.29,40
2051-07-11,Term 3 2051,2,1,0,50,0.7709,38.71,45
2051-07-12,Term 3 2051,2,2,0,50,0.7952,39.86,43
2051-07-13,Term 3 2051,2,3,0,50,0.8156,40.86,44
2051-07-14,Term 3 2051,2,4,0,50,0.8262,41.29,43
2051-07-17,Term 3 2051,3,0,0,50,0.8331,41.71,40
2051-07-18,Term 3 2051,3,1,0,50,0.8341,41.86,44
2051-07-19,Term 3 2051,3,2,0,50,0.8513,42.71,45
2051-07-20,Term 3 2051,3,3,0,50,0.8664,43.43,46
2051-07-21,Term 3 2051,3,4,0,50,0.8678,43.57,42
2051-07-24,Term 3 2051,4,0,0,50,0.8665,43.43,41
2051-07-25,Term 3 2051,4,1,0,50,0.8564,43.0,46
2051-07-26,Term 3 2051,4,2,0,50,0.8653,43.43,45
2051-07-27,Term 3 2051,4,3,0,50,0.8813,44.14,44
2051-07-28,Term 3 2051,4,4,0,50,0.8821,44.14,41
2051-07-31,Term 3 2051,5,0,0,50,0.871,43.57,40
2051-08-01,Term 3 2051,5,1,0,50,0.856,42.71,42
2051-08-02,Term 3 2051,5,2,0,50,0.8559,42.71,44
2051-08-03,Term 3 2051,5,3,0,50,0.8659,43.14,42
2051-08-04,Term 3 2051,5,4,0,50,0.856,42.57,43
2051-08-07,Term 3 2051,6,0,0,50,0.8503,42.29,40
2051-08-08,Term 3 2051,6,1,0,50,0.8402,41.71,44
2051-08-09,Term 3 2051,6,2,0,50,0.8487,42.14,45
2051-08-10,Term 3 2051,6,3,0,50,0.861,42.86,43
2051-08-11,Term 3 2051,6,4,0,50,0.8627,43.0,42
2051-08-14,Term 3 2051,7,0,0,50,0.855,42.71,42
2051-08-15,Term 3 2051,7,1,0,50,0.8554,42.71,44
2051-08-16,Term 3 2051,7,2,0,50,0.8572,42.86,43
2051-08-17,Term 3 2051,7,3,0,50,0.8649,43.29,45
2051-08-18,Term 3 2051,7,4,0,50,0.8674,43.43,40
2051-08-21,Term 3 2051,8,0,0,50,0.8551,42.71,41
2051-08-22,Term 3 2051,8,1,0,50,0.8486,42.43,44
2051-08-23,Term 3 2051,8,2,0,50,0.8545,42.71,46
2051-08-24,Term 3 2051,8,3,0,50,0.8643,43.29,45
2051-08-25,Term 3 2051,8,4,0,50,0.8679,43.43,41
2051-08-28,Term 3 2051,9,0,0,50,0.8629,43.14,43
2051-08-29,Term 3 2051,9,1,0,50,0.8568,42.86,45
2051-08-30,Term 3 2051,9,2,0,50,0.8707,43.57,43
2051-08-31,Term 3 2051,9,3,0,50,0.8759,43.86,43
2051-09-01,Term 3 2051,9,4,0,50,0.8745,43.71,41
2051-09-04,Term 3 2051,10,0,0,50,0.8617,43.0,41
2051-09-05,Term 3 2051,10,1,0,50,0.8502,42.43,42
2051-09-06,Term 3 2051,10,2,0,50,0.8524,42.57,44
2051-09-07,Term 3 2051,10,3,0,50,0.8561,42.71,45
2051-09-08,Term 3 2051,10,4,0,50,0.855,42.71,40
2051-09-11,Term 3 2051,11,0,0,50,0.8483,42.29,42
2051-09-12,Term 3 2051,11,1,0,50,0.8434,42.14,45
2051-09-13,Term 3 2051,11,2,0,50,0.8548,42.71,45
2051-09-14,Term 3 2051,11,3,0,50,0.8675,43.29,44
2051-09-15,Term 3 2051,11,4,0,50,0.8722,43.57,41
2051-09-18,Term 3 2051,12,0,1,50,0.8621,43.14,34
2051-09-19,Term 3 2051,12,1,1,50,0.8323,41.57,40
2051-09-20,Term 3 2051,12,2,1,50,0.8306,41.57,39
2051-09-21,Term 3 2051,12,3,1,50,0.8238,41.14,37
2051-09-22,Term 3 2051,12,4,1,50,0.801,40.0,37
2051-09-25,Term 3 2051,13,0,1,50,0.7759,38.86,36
2051-09-26,Term 3 2051,13,1,1,50,0.7548,37.71,40
2051-09-27,Term 3 2051,13,2,1,50,0.7523,37.57,38
2051-09-28,Term 3 2051,13,3,1,50,0.7641,38.14,37
2051-09-29,Term 3 2051,13,4,1,50,0.7575,37.71,36
2051-10-16,Term 1 2051,1,0,0,50,0.7494,37.29,39
2051-10-17,Term 1 2051,1,1,0,50,0.7551,37.57,40
2051-10-18,Term 1 2051,1,2,0,50,0.7659,38.0,40
2051-10-19,Term 1 2051,1,3,0,50,0.7756,38.57,39
2051-10-20,Term 1 2051,1,4,0,50,0.7719,38.43,38
2051-10-23,Term 1 2051,2,0,0,50,0.7703,38.43,43
2051-10-24,Term 1 2051,2,1,0,50,0.7855,39.29,42
2051-10-25,Term 1 2051,2,2,0,50,0.8022,40.14,43
2051-10-26,Term 1 2051,2,3,0,50,0.8123,40.71,42
2051-10-27,Term 1 2051,2,4,0,50,0.8167,41.0,41
2051-10-30,Term 1 2051,3,0,0,50,0.8202,41.14,40
2051-10-31,Term 1 2051,3,1,0,50,0.8253,41.29,44
2051-11-01,Term 1 2051,3,2,0,50,0.8444,42.14,43
2051-11-02,Term 1 2051,3,3,0,50,0.8452,42.14,45
2051-11-03,Term 1 2051,3,4,0,50,0.8531,42.57,44
2051-11-06,Term 1 2051,4,0,0,50,0.8558,42.71,41
2051-11-07,Term 1 2051,4,1,0,50,0.8524,42.57,45
2051-11-08,Term 1 2051,4,2,0,50,0.864,43.14,43
2051-11-09,Term 1 2051,4,3,0,50,0.8709,43.57,43
2051-11-10,Term 1 2051,4,4,0,50,0.8658,43.43,44
2051-11-13,Term 1 2051,5,0,0,50,0.8687,43.57,41
2051-11-14,Term 1 2051,5,1,0,50,0.8573,43.0,42
2051-11-15,Term 1 2051,5,2,0,50,0.853,42.71,42
2051-11-16,Term 1 2051,5,3,0,50,0.8567,42.86,42
2051-11-17,Term 1 2051,5,4,0,50,0.8495,42.43,41
2051-11-20,Term 1 2051,6,0,0,50,0.8448,42.14,40
2051-11-21,Term 1 2051,6,1,0,50,0.8378,41.71,44
2051-11-22,Term 1 2051,6,2,0,50,0.8389,41.71,45
2051-11-23,Term 1 2051,6,3,0,50,0.8506,42.29,42
2051-11-24,Term 1 2051,6,4,0,50,0.8503,42.29,40
2051-11-27,Term 1 2051,7,0,0,50,0.8446,42.0,40
2051-11-28,Term 1 2051,7,1,0,50,0.8384,41.71,43
2051-11-29,Term 1 2051,7,2,0,50,0.8428,42.0,46
2051-11-30,Term 1 2051,7,3,0,50,0.8578,42.86,45
2051-12-01,Term 1 2051,7,4,0,50,0.8593,43.0,41
2051-12-04,Term 1 2051,8,0,0,50,0.8487,42.43,42
2051-12-05,Term 1 2051,8,1,0,50,0.8474,42.43,43
2051-12-06,Term 1 2051,8,2,0,50,0.8548,42.86,42
2051-12-07,Term 1 2051,8,3,0,50,0.86,43.14,45
2051-12-08,Term 1 2051,8,4,0,50,0.8676,43.43,44
2051-12-11,Term 1 2051,9,0,0,50,0.8622,43.14,40
2051-12-12,Term 1 2051,9,1,0,50,0.8471,42.43,45
2051-12-13,Term 1 2051,9,2,0,50,0.8567,43.0,44
2051-12-14,Term 1 2051,9,3,0,50,0.8618,43.29,45
2051-12-15,Term 1 2051,9,4,0,50,0.8687,43.57,40
2051-12-18,Term 1 2051,10,0,0,50,0.8641,43.29,43
2051-12-19,Term 1 2051,10,1,0,50,0.858,43.0,43
2051-12-20,Term 1 2051,10,2,0,50,0.8568,42.86,43
2051-12-21,Term 1 2051,10,3,0,50,0.8664,43.29,45
2051-12-22,Term 1 2051,10,4,0,50,0.8679,43.29,43
2051-12-25,Term 1 2051,11,0,0,50,0.8654,43.14,43
2051-12-26,Term 1 2051,11,1,0,50,0.8601,42.86,46
2051-12-27,Term 1 2051,11,2,0,50,0.8757,43.71,46
2051-12-28,Term 1 2051,11,3,0,50,0.8835,44.14,46
2051-12-29,Term 1 2051,11,4,0,50,0.8901,44.57,44
2052-01-01,Term 1 2051,12,0,1,50,0.8917,44.71,34
2052-01-02,Term 1 2051,12,1,1,50,0.8589,43.14,37
2052-01-03,Term 1 2051,12,2,1,50,0.8416,42.29,40
2052-01-04,Term 1 2051,12,3,1,50,0.8314,41.86,39
2052-01-05,Term 1 2051,12,4,1,50,0.8121,40.86,35
2052-01-08,Term 1 2051,13,0,1,50,0.7801,39.29,35
2052-01-09,Term 1 2051,13,1,1,50,0.75,37.71,37
2052-01-10,Term 1 2051,13,2,1,50,0.7328,36.71,38
2052-01-11,Term 1 2051,13,3,1,50,0.7461,37.29,40
2052-01-12,Term 1 2051,13,4,1,50,0.7556,37.71,35
2052-01-29,Term 2 2052,1,0,0,50,0.7421,37.0,36
2052-01-30,Term 2 2052,1,1,0,50,0.7321,36.57,40
2052-01-31,Term 2 2052,1,2,0,50,0.7484,37.29,39
2052-02-01,Term 2 2052,1,3,0,50,0.7591,37.86,40
2052-02-02,Term 2 2052,1,4,0,50,0.7667,38.29,39
2052-02-05,Term 2 2052,2,0,0,50,0.7688,38.43,41
2052-02-06,Term 2 2052,2,1,0,50,0.7714,38.57,42
2052-02-07,Term 2 2052,2,2,0,50,0.7921,39.57,45
2052-02-08,Term 2 2052,2,3,0,50,0.8192,40.86,45
2052-02-09,Term 2 2052,2,4,0,50,0.8336,41.57,43
2052-02-12,Term 2 2052,3,0,0,50,0.8469,42.14,43
2052-02-13,Term 2 2052,3,1,0,50,0.8561,42.57,46
2052-02-14,Term 2 2052,3,2,0,50,0.8743,43.57,43
2052-02-15,Term 2 2052,3,3,0,50,0.8801,43.86,42
2052-02-16,Term 2 2052,3,4,0,50,0.8804,43.86,42
2052-02-19,Term 2 2052,4,0,0,50,0.871,43.43,42
2052-02-20,Term 2 2052,4,1,0,50,0.8615,43.0,42
2052-02-21,Term 2 2052,4,2,0,50,0.8582,42.86,44
2052-02-22,Term 2 2052,4,3,0,50,0.8601,43.0,45
2052-02-23,Term 2 2052,4,4,0,50,0.8586,42.86,43
2052-02-26,Term 2 2052,5,0,0,50,0.8578,42.86,42
2052-02-27,Term 2 2052,5,1,0,50,0.8556,42.86,44
2052-02-28,Term 2 2052,5,2,0,50,0.8616,43.14,44
2052-02-29,Term 2 2052,5,3,0,50,0.8665,43.43,43
2052-03-01,Term 2 2052,5,4,0,50,0.8694,43.57,41
2052-03-04,Term 2 2052,6,0,0,50,0.8621,43.14,42
2052-03-05,Term 2 2052,6,1,0,50,0.8544,42.71,45
2052-03-06,Term 2 2052,6,2,0,50,0.8609,43.0,44
2052-03-07,Term 2 2052,6,3,0,50,0.8679,43.29,43
2052-03-08,Term 2 2052,6,4,0,50,0.8652,43.14,42
2052-03-11,Term 2 2052,7,0,0,50,0.8588,42.86,43
2052-03-12,Term 2 2052,7,1,0,50,0.8585,42.86,44
2052-03-13,Term 2 2052,7,2,0,50,0.8666,43.29,42
2052-03-14,Term 2 2052,7,3,0,50,0.8663,43.29,43
2052-03-15,Term 2 2052,7,4,0,50,0.8606,43.0,41
2052-03-18,Term 2 2052,8,0,0,50,0.8515,42.57,43
2052-03-19,Term 2 2052,8,1,0,50,0.8512,42.57,44
2052-03-20,Term 2 2052,8,2,0,50,0.8568,42.86,43
2052-03-21,Term 2 2052,8,3,0,50,0.857,42.86,46
2052-03-22,Term 2 2052,8,4,0,50,0.8604,43.14,42
2052-03-25,Term 2 2052,9,0,0,50,0.8608,43.14,43
2052-03-26,Term 2 2052,9,1,0,50,0.8619,43.14,43
2052-03-27,Term 2 2052,9,2,0,50,0.8695,43.43,44
2052-03-28,Term 2 2052,9,3,0,50,0.8731,43.57,43
2052-03-29,Term 2 2052,9,4,0,50,0.8701,43.43,40
2052-04-01,Term 2 2052,10,0,0,50,0.8618,43.0,41
2052-04-02,Term 2 2052,10,1,0,50,0.8496,42.29,43
2052-04-03,Term 2 2052,10,2,0,50,0.8528,42.43,44
2052-04-04,Term 2 2052,10,3,0,50,0.856,42.57,44
2052-04-05,Term 2 2052,10,4,0,50,0.857,42.71,42
2052-04-08,Term 2 2052,11,0,0,50,0.8521,42.43,41
2052-04-09,Term 2 2052,11,1,0,50,0.8483,42.14,44
2052-04-10,Term 2 2052,11,2,0,50,0.8584,42.71,44
2052-04-11,Term 2 2052,11,3,0,50,0.8651,43.14,45
2052-04-12,Term 2 2052,11,4,0,50,0.8703,43.43,41
2052-04-15,Term 2 2052,12,0,1,50,0.8616,43.0,35
2052-04-16,Term 2 2052,12,1,1,50,0.8363,41.71,37
2052-04-17,Term 2 2052,12,2,1,50,0.8199,41.0,37
2052-04-18,Term 2 2052,12,3,1,50,0.8077,40.43,39
2052-04-19,Term 2 2052,12,4,1,50,0.7925,39.71,35
2052-04-22,Term 2 2052,13,0,1,50,0.7691,38.43,34
2052-04-23,Term 2 2052,13,1,1,50,0.7366,36.86,39
2052-04-24,Term 2 2052,13,2,1,50,0.7311,36.57,38
2052-04-25,Term 2 2052,13,3,1,50,0.7398,37.0,39
2052-04-26,Term 2 2052,13,4,1,50,0.7451,37.29,37
2052-05-13,Term 3 2052,1,0,0,50,0.7457,37.29,39
2052-05-14,Term 3 2052,1,1,0,50,0.7475,37.29,38
2052-05-15,Term 3 2052,1,2,0,50,0.7559,37.71,38
2052-05-16,Term 3 2052,1,3,0,50,0.7686,38.29,38
2052-05-17,Term 3 2052,1,4,0,50,0.7652,38.14,37
2052-05-20,Term 3 2052,2,0,0,50,0.7616,38.0,40
2052-05-21,Term 3 2052,2,1,0,50,0.7665,38.14,43
2052-05-22,Term 3 2052,2,2,0,50,0.7841,39.0,43
2052-05-23,Term 3 2052,2,3,0,50,0.7956,39.57,45
2052-05-24,Term 3 2052,2,4,0,50,0.8152,40.57,43
2052-05-27,Term 3 2052,3,0,0,50,0.8279,41.29,41
2052-05-28,Term 3 2052,3,1,0,50,0.8349,41.71,45
2052-05-29,Term 3 2052,3,2,0,50,0.8578,42.86,46
2052-05-30,Term 3 2052,3,3,0,50,0.8741,43.71,46
2052-05-31,Term 3 2052,3,4,0,50,0.8818,44.14,43
2052-06-03,Term 3 2052,4,0,0,50,0.8812,44.14,42
2052-06-04,Term 3 2052,4,1,0,50,0.8732,43.71,46
2052-06-05,Term 3 2052,4,2,0,50,0.8815,44.14,42
2052-06-06,Term 3 2052,4,3,0,50,0.8856,44.29,43
2052-06-07,Term 3 2052,4,4,0,50,0.881,44.0,43
2052-06-10,Term 3 2052,5,0,0,50,0.8733,43.57,43
2052-06-11,Term 3 2052,5,1,0,50,0.8637,43.14,44
2052-06-12,Term 3 2052,5,2,0,50,0.8654,43.29,44
2052-06-13,Term 3 2052,5,3,0,50,0.8687,43.57,44
2052-06-14,Term 3 2052,5,4,0,50,0.8649,43.29,43
2052-06-17,Term 3 2052,6,0,0,50,0.8666,43.43,41
2052-06-18,Term 3 2052,6,1,0,50,0.8614,43.14,44
2052-06-19,Term 3 2052,6,2,0,50,0.8636,43.29,45
2052-06-20,Term 3 2052,6,3,0,50,0.8705,43.57,43
2052-06-21,Term 3 2052,6,4,0,50,0.8676,43.43,42
2052-06-24,Term 3 2052,7,0,0,50,0.8617,43.14,40
2052-06-25,Term 3 2052,7,1,0,50,0.8506,42.57,45
2052-06-26,Term 3 2052,7,2,0,50,0.8574,42.86,44
2052-06-27,Term 3 2052,7,3,0,50,0.8645,43.29,44
2052-06-28,Term 3 2052,7,4,0,50,0.8646,43.29,43
2052-07-01,Term 3 2052,8,0,0,50,0.8591,43.0,43
2052-07-02,Term 3 2052,8,1,0,50,0.859,43.0,45
2052-07-03,Term 3 2052,8,2,0,50,0.8684,43.43,44
2052-07-04,Term 3 2052,8,3,0,50,0.8782,44.0,45
2052-07-05,Term 3 2052,8,4,0,50,0.8787,44.0,41
2052-07-08,Term 3 2052,9,0,0,50,0.8711,43.57,40
2052-07-09,Term 3 2052,9,1,0,50,0.8602,43.0,45
2052-07-10,Term 3 2052,9,2,0,50,0.8658,43.29,45
2052-07-11,Term 3 2052,9,3,0,50,0.8722,43.57,43
2052-07-12,Term 3 2052,9,4,0,50,0.8664,43.29,42
2052-07-15,Term 3 2052,10,0,0,50,0.8605,43.0,42
2052-07-16,Term 3 2052,10,1,0,50,0.8507,42.57,43
2052-07-17,Term 3 2052,10,2,0,50,0.8571,42.86,44
2052-07-18,Term 3 2052,10,3,0,50,0.8687,43.43,43
2052-07-19,Term 3 2052,10,4,0,50,0.8614,43.14,44
2052-07-22,Term 3 2052,11,0,0,50,0.8585,43.0,40
2052-07-23,Term 3 2052,11,1,0,50,0.8491,42.57,45
2052-07-24,Term 3 2052,11,2,0,50,0.8589,43.0,45
2052-07-25,Term 3 2052,11,3,0,50,0.8692,43.43,43
2052-07-26,Term 3 2052,11,4,0,50,0.8688,43.43,42
2052-07-29,Term 3 2052,12,0,1,50,0.8613,43.14,36
2052-07-30,Term 3 2052,12,1,1,50,0.8433,42.14,38
2052-07-31,Term 3 2052,12,2,1,50,0.8257,41.29,39
2052-08-01,Term 3 2052,12,3,1,50,0.8245,41.14,38
2052-08-02,Term 3 2052,12,4,1,50,0.8043,40.14,35
2052-08-05,Term 3 2052,13,0,1,50,0.7756,38.71,34
2052-08-06,Term 3 2052,13,1,1,50,0.7477,37.43,39
2052-08-07,Term 3 2052,13,2,1,50,0.7405,37.0,40
2052-08-08,Term 3 2052,13,3,1,50,0.7503,37.57,37
2052-08-09,Term 3 2052,13,4,1,50,0.7475,37.43,38
2052-08-26,Term 1 2052,1,0,0,50,0.7437,37.29,37
2052-08-27,Term 1 2052,1,1,0,50,0.7399,37.14,41
2052-08-28,Term 1 2052,1,2,0,50,0.7548,38.0,40
2052-08-29,Term 1 2052,1,3,0,50,0.7743,38.86,40
2052-08-30,Term 1 2052,1,4,0,50,0.778,39.0,39
2052-09-02,Term 1 2052,2,0,0,50,0.7774,38.86,43
2052-09-03,Term 1 2052,2,1,0,50,0.7968,39.71,43
2052-09-04,Term 1 2052,2,2,0,50,0.8111,40.43,44
2052-09-05,Term 1 2052,2,3,0,50,0.8304,41.43,44
2052-09-06,Term 1 2052,2,4,0,50,0.8407,41.86,41
2052-09-09,Term 1 2052,3,0,0,50,0.8417,42.0,40
2052-09-10,Term 1 2052,3,1,0,50,0.8403,42.0,44
2052-09-11,Term 1 2052,3,2,0,50,0.854,42.71,44
2052-09-12,Term 1 2052,3,3,0,50,0.8551,42.86,46
2052-09-13,Term 1 2052,3,4,0,50,0.863,43.29,40
2052-09-16,Term 1 2052,4,0,0,50,0.8539,42.71,40
2052-09-17,Term 1 2052,4,1,0,50,0.8418,42.14,44
2052-09-18,Term 1 2052,4,2,0,50,0.8517,42.57,42
2052-09-19,Term 1 2052,4,3,0,50,0.858,42.86,45
2052-09-20,Term 1 2052,4,4,0,50,0.8593,43.0,42
2052-09-23,Term 1 2052,5,0,0,50,0.8541,42.71,40
2052-09-24,Term 1 2052,5,1,0,50,0.8388,41.86,42
2052-09-25,Term 1 2052,5,2,0,50,0.8443,42.14,46
2052-09-26,Term 1 2052,5,3,0,50,0.8612,43.0,43
2052-09-27,Term 1 2052,5,4,0,50,0.8581,42.86,41
2052-09-30,Term 1 2052,6,0,0,50,0.8547,42.71,42
2052-10-01,Term 1 2052,6,1,0,50,0.8472,42.29,42
2052-10-02,Term 1 2052,6,2,0,50,0.8482,42.29,42
2052-10-03,Term 1 2052,6,3,0,50,0.8538,42.57,44
2052-10-04,Term 1 2052,6,4,0,50,0.859,42.86,41
2052-10-07,Term 1 2052,7,0,0,50,0.8442,42.14,43
2052-10-08,Term 1 2052,7,1,0,50,0.8437,42.14,44
2052-10-09,Term 1 2052,7,2,0,50,0.8514,42.57,43
2052-10-10,Term 1 2052,7,3,0,50,0.8528,42.71,42
2052-10-11,Term 1 2052,7,4,0,50,0.8533,42.71,42
2052-10-14,Term 1 2052,8,0,0,50,0.853,42.71,41
2052-10-15,Term 1 2052,8,1,0,50,0.8454,42.29,42
2052-10-16,Term 1 2052,8,2,0,50,0.85,42.43,46
2052-10-17,Term 1 2052,8,3,0,50,0.8582,42.86,45
2052-10-18,Term 1 2052,8,4,0,50,0.8634,43.0,41
2052-10-21,Term 1 2052,9,0,0,50,0.8574,42.71,40
2052-10-22,Term 1 2052,9,1,0,50,0.8513,42.43,44
2052-10-23,Term 1 2052,9,2,0,50,0.8559,42.71,45
2052-10-24,Term 1 2052,9,3,0,50,0.8656,43.29,44
2052-10-25,Term 1 2052,9,4,0,50,0.8703,43.57,42
2052-10-28,Term 1 2052,10,0,0,50,0.8606,43.0,43
2052-10-29,Term 1 2052,10,1,0,50,0.8542,42.71,44
2052-10-30,Term 1 2052,10,2,0,50,0.8652,43.14,44
2052-10-31,Term 1 2052,10,3,0,50,0.8757,43.71,45
2052-11-01,Term 1 2052,10,4,0,50,0.8786,43.86,41
2052-11-04,Term 1 2052,11,0,0,50,0.8679,43.29,40
2052-11-05,Term 1 2052,11,1,0,50,0.8554,42.71,43
2052-11-06,Term 1 2052,11,2,0,50,0.8559,42.86,42
2052-11-07,Term 1 2052,11,3,0,50,0.853,42.71,44
2052-11-08,Term 1 2052,11,4,0,50,0.8509,42.71,43
2052-11-11,Term 1 2052,12,0,1,50,0.8486,42.57,36
2052-11-12,Term 1 2052,12,1,1,50,0.8225,41.29,40
2052-11-13,Term 1 2052,12,2,1,50,0.8184,41.14,40
2052-11-14,Term 1 2052,12,3,1,50,0.8183,41.14,38
2052-11-15,Term 1 2052,12,4,1,50,0.8048,40.43,36
2052-11-18,Term 1 2052,13,0,1,50,0.7878,39.57,36
2052-11-19,Term 1 2052,13,1,1,50,0.7674,38.43,37
2052-11-20,Term 1 2052,13,2,1,50,0.75,37.57,40
2052-11-21,Term 1 2052,13,3,1,50,0.7612,38.14,38
2052-11-22,Term 1 2052,13,4,1,50,0.756,37.86,37
2052-12-09,Term 2 2052,1,0,0,50,0.7483,37.43,38
2052-12-10,Term 2 2052,1,1,0,50,0.7497,37.43,39
2052-12-11,Term 2 2052,1,2,0,50,0.758,37.86,40
2052-12-12,Term 2 2052,1,3,0,50,0.7694,38.43,41
2052-12-13,Term 2 2052,1,4,0,50,0.7811,39.0,37
2052-12-16,Term 2 2052,2,0,0,50,0.773,38.57,40
2052-12-17,Term 2 2052,2,1,0,50,0.7806,38.86,46
2052-12-18,Term 2 2052,2,2,0,50,0.8058,40.14,45
2052-12-19,Term 2 2052,2,3,0,50,0.8246,41.14,44
2052-12-20,Term 2 2052,2,4,0,50,0.8379,41.86,44
2052-12-23,Term 2 2052,3,0,0,50,0.847,42.43,40
2052-12-24,Term 2 2052,3,1,0,50,0.8441,42.29,44
2052-12-25,Term 2 2052,3,2,0,50,0.8658,43.29,44
2052-12-26,Term 2 2052,3,3,0,50,0.8746,43.86,46
2052-12-27,Term 2 2052,3,4,0,50,0.8751,43.86,41
2052-12-30,Term 2 2052,4,0,0,50,0.8637,43.29,43
2052-12-31,Term 2 2052,4,1,0,50,0.8613,43.14,43
2053-01-01,Term 2 2052,4,2,0,50,0.8597,43.0,45
2053-01-02,Term 2 2052,4,3,0,50,0.8719,43.71,43
2053-01-03,Term 2 2052,4,4,0,50,0.8688,43.57,44
2053-01-06,Term 2 2052,5,0,0,50,0.869,43.57,42
2053-01-07,Term 2 2052,5,1,0,50,0.8591,43.0,45
2053-01-08,Term 2 2052,5,2,0,50,0.8703,43.57,43
2053-01-09,Term 2 2052,5,3,0,50,0.87,43.57,44
2053-01-10,Term 2 2052,5,4,0,50,0.8725,43.71,44
2053-01-13,Term 2 2052,6,0,0,50,0.8709,43.57,42
2053-01-14,Term 2 2052,6,1,0,50,0.8668,43.43,46
2053-01-15,Term 2 2052,6,2,0,50,0.8734,43.71,42
2053-01-16,Term 2 2052,6,3,0,50,0.8734,43.71,42
2053-01-17,Term 2 2052,6,4,0,50,0.8664,43.29,43
2053-01-20,Term 2 2052,7,0,0,50,0.8669,43.29,41
2053-01-21,Term 2 2052,7,1,0,50,0.8579,42.86,44
2053-01-22,Term 2 2052,7,2,0,50,0.8574,42.86,43
2053-01-23,Term 2 2052,7,3,0,50,0.8611,43.0,44
2053-01-24,Term 2 2052,7,4,0,50,0.8555,42.71,42
2053-01-27,Term 2 2052,8,0,0,50,0.8542,42.71,40
2053-01-28,Term 2 2052,8,1,0,50,0.8467,42.43,45
2053-01-29,Term 2 2052,8,2,0,50,0.8516,42.71,45
2053-01-30,Term 2 2052,8,3,0,50,0.8636,43.29,44
2053-01-31,Term 2 2052,8,4,0,50,0.8628,43.29,43
2053-02-03,Term 2 2052,9,0,0,50,0.8627,43.29,43
2053-02-04,Term 2 2052,9,1,0,50,0.8596,43.14,44
2053-02-05,Term 2 2052,9,2,0,50,0.8646,43.43,42
2053-02-06,Term 2 2052,9,3,0,50,0.871,43.71,42
2053-02-07,Term 2 2052,9,4,0,50,0.8644,43.29,44
2053-02-10,Term 2 2052,10,0,0,50,0.8606,43.14,41
2053-02-11,Term 2 2052,10,1,0,50,0.8528,42.71,45
2053-02-12,Term 2 2052,10,2,0,50,0.8585,43.0,44
2053-02-13,Term 2 2052,10,3,0,50,0.8614,43.14,42
2053-02-14,Term 2 2052,10,4,0,50,0.8577,42.86,42
2053-02-17,Term 2 2052,11,0,0,50,0.8581,42.86,40
2053-02-18,Term 2 2052,11,1,0,50,0.8524,42.57,46
2053-02-19,Term 2 2052,11,2,0,50,0.8585,42.86,43
2053-02-20,Term 2 2052,11,3,0,50,0.8635,43.14,45
2053-02-21,Term 2 2052,11,4,0,50,0.8643,43.14,43
2053-02-24,Term 2 2052,12,0,1,50,0.8627,43.0,34
2053-02-25,Term 2 2052,12,1,1,50,0.8396,41.86,36
2053-02-26,Term 2 2052,12,2,1,50,0.8221,41.0,36
2053-02-27,Term 2 2052,12,3,1,50,0.8104,40.43,37
2053-02-28,Term 2 2052,12,4,1,50,0.7858,39.14,36
2053-03-03,Term 2 2052,13,0,1,50,0.7675,38.14,35
2053-03-04,Term 2 2052,13,1,1,50,0.7383,36.71,36
2053-03-05,Term 2 2052,13,2,1,50,0.7181,35.71,39
2053-03-06,Term 2 2052,13,3,1,50,0.732,36.43,39
2053-03-07,Term 2 2052,13,4,1,50,0.7396,36.86,35
2053-03-24,Term 3 2053,1,0,0,50,0.7345,36.71,37
2053-03-25,Term 3 2053,1,1,0,50,0.7338,36.71,39
2053-03-26,Term 3 2053,1,2,0,50,0.7416,37.14,38
2053-03-27,Term 3 2053,1,3,0,50,0.7504,37.57,41
2053-03-28,Term 3 2053,1,4,0,50,0.7629,38.29,37
2053-03-31,Term 3 2053,2,0,0,50,0.7566,38.0,42
2053-04-01,Term 3 2053,2,1,0,50,0.7669,38.43,45
2053-04-02,Term 3 2053,2,2,0,50,0.7975,39.86,45
2053-04-03,Term 3 2053,2,3,0,50,0.8213,41.0,45
2053-04-04,Term 3 2053,2,4,0,50,0.8376,41.86,43
2053-04-07,Term 3 2053,3,0,0,50,0.8511,42.57,43
2053-04-08,Term 3 2053,3,1,0,50,0.8579,42.86,44
2053-04-09,Term 3 2053,3,2,0,50,0.877,43.86,43
2053-04-10,Term 3 2053,3,3,0,50,0.8797,44.0,42
2053-04-11,Term 3 2053,3,4,0,50,0.8708,43.57,40
2053-04-14,Term 3 2053,4,0,0,50,0.8558,42.86,43
2053-04-15,Term 3 2053,4,1,0,50,0.8502,42.57,45
2053-04-16,Term 3 2053,4,2,0,50,0.8565,42.86,46
2053-04-17,Term 3 2053,4,3,0,50,0.864,43.29,43
2053-04-18,Term 3 2053,4,4,0,50,0.8638,43.14,41
2053-04-21,Term 3 2053,5,0,0,50,0.8573,42.86,40
2053-04-22,Term 3 2053,5,1,0,50,0.8506,42.57,44
2053-04-23,Term 3 2053,5,2,0,50,0.8611,43.14,46
2053-04-24,Term 3 2053,5,3,0,50,0.8707,43.57,43
2053-04-25,Term 3 2053,5,4,0,50,0.8658,43.29,41
2053-04-28,Term 3 2053,6,0,0,50,0.8517,42.57,42
2053-04-29,Term 3 2053,6,1,0,50,0.8479,42.43,43
2053-04-30,Term 3 2053,6,2,0,50,0.8534,42.71,46
2053-05-01,Term 3 2053,6,3,0,50,0.8696,43.57,45
2053-05-02,Term 3 2053,6,4,0,50,0.8739,43.71,43
2053-05-05,Term 3 2053,7,0,0,50,0.8663,43.29,40
2053-05-06,Term 3 2053,7,1,0,50,0.8572,42.86,43
2053-05-07,Term 3 2053,7,2,0,50,0.8627,43.14,44
2053-05-08,Term 3 2053,7,3,0,50,0.8669,43.43,42
2053-05-09,Term 3 2053,7,4,0,50,0.8656,43.29,41
2053-05-12,Term 3 2053,8,0,0,50,0.8536,42.57,42
2053-05-13,Term 3 2053,8,1,0,50,0.8438,42.14,43
2053-05-14,Term 3 2053,8,2,0,50,0.8422,42.14,43
2053-05-15,Term 3 2053,8,3,0,50,0.8498,42.57,44
2053-05-16,Term 3 2053,8,4,0,50,0.854,42.71,44
2053-05-19,Term 3 2053,9,0,0,50,0.8543,42.71,40
2053-05-20,Term 3 2053,9,1,0,50,0.8473,42.43,43
2053-05-21,Term 3 2053,9,2,0,50,0.8517,42.71,43
2053-05-22,Term 3 2053,9,3,0,50,0.8565,42.86,43
2053-05-23,Term 3 2053,9,4,0,50,0.8563,42.86,42
2053-05-26,Term 3 2053,10,0,0,50,0.8528,42.71,41
2053-05-27,Term 3 2053,10,1,0,50,0.8431,42.29,44
2053-05-28,Term 3 2053,10,2,0,50,0.8425,42.29,44
2053-05-29,Term 3 2053,10,3,0,50,0.8535,42.86,42
2053-05-30,Term 3 2053,10,4,0,50,0.8519,42.71,43
2053-06-02,Term 3 2053,11,0,0,50,0.8514,42.71,42
2053-06-03,Term 3 2053,11,1,0,50,0.8497,42.57,43
2053-06-04,Term 3 2053,11,2,0,50,0.855,42.71,42
2053-06-05,Term 3 2053,11,3,0,50,0.8593,42.86,43
2053-06-06,Term 3 2053,11,4,0,50,0.8574,42.71,41
2053-06-09,Term 3 2053,12,0,1,50,0.8499,42.29,36
2053-06-10,Term 3 2053,12,1,1,50,0.8317,41.43,40
2053-06-11,Term 3 2053,12,2,1,50,0.8221,41.0,36
2053-06-12,Term 3 2053,12,3,1,50,0.8059,40.14,38
2053-06-13,Term 3 2053,12,4,1,50,0.7906,39.43,38
2053-06-16,Term 3 2053,13,0,1,50,0.7783,38.86,37
2053-06-17,Term 3 2053,13,1,1,50,0.7613,38.0,37
2053-06-18,Term 3 2053,13,2,1,50,0.7483,37.43,40
2053-06-19,Term 3 2053,13,3,1,50,0.7596,38.0,38
2053-06-20,Term 3 2053,13,4,1,50,0.7552,37.71,38
2053-07-07,Term 1 2053,1,0,0,50,0.7596,38.0,38
2053-07-08,Term 1 2053,1,1,0,50,0.76,38.0,41
2053-07-09,Term 1 2053,1,2,0,50,0.7678,38.43,42
2053-07-10,Term 1 2053,1,3,0,50,0.7821,39.14,41
2053-07-11,Term 1 2053,1,4,0,50,0.7938,39.71,37
2053-07-14,Term 1 2053,2,0,0,50,0.7866,39.29,42
2053-07-15,Term 1 2053,2,1,0,50,0.797,39.86,46
2053-07-16,Term 1 2053,2,2,0,50,0.8188,41.0,43
2053-07-17,Term 1 2053,2,3,0,50,0.833,41.71,45
2053-07-18,Term 1 2053,2,4,0,50,0.8464,42.29,42
2053-07-21,Term 1 2053,3,0,0,50,0.8465,42.29,41
2053-07-22,Term 1 2053,3,1,0,50,0.8467,42.29,44
2053-07-23,Term 1 2053,3,2,0,50,0.867,43.29,44
2053-07-24,Term 1 2053,3,3,0,50,0.8736,43.57,44
2053-07-25,Term 1 2053,3,4,0,50,0.8679,43.29,43
2053-07-28,Term 1 2053,4,0,0,50,0.8658,43.29,40
2053-07-29,Term 1 2053,4,1,0,50,0.8516,42.57,44
2053-07-30,Term 1 2053,4,2,0,50,0.8585,42.86,46
2053-07-31,Term 1 2053,4,3,0,50,0.8731,43.57,43
2053-08-01,Term 1 2053,4,4,0,50,0.8688,43.43,42
2053-08-04,Term 1 2053,5,0,0,50,0.8635,43.14,43
2053-08-05,Term 1 2053,5,1,0,50,0.8622,43.0,43
2053-08-06,Term 1 2053,5,2,0,50,0.8641,43.0,45
2053-08-07,Term 1 2053,5,3,0,50,0.8771,43.71,45
2053-08-08,Term 1 2053,5,4,0,50,0.879,43.86,42
2053-08-11,Term 1 2053,6,0,0,50,0.8691,43.29,40
2053-08-12,Term 1 2053,6,1,0,50,0.86,42.86,43
2053-08-13,Term 1 2053,6,2,0,50,0.8629,43.0,43
2053-08-14,Term 1 2053,6,3,0,50,0.8632,43.0,43
2053-08-15,Term 1 2053,6,4,0,50,0.8614,43.0,41
2053-08-18,Term 1 2053,7,0,0,50,0.8496,42.43,40
2053-08-19,Term 1 2053,7,1,0,50,0.8342,41.71,46
2053-08-20,Term 1 2053,7,2,0,50,0.8434,42.29,44
2053-08-21,Term 1 2053,7,3,0,50,0.8567,42.86,46
2053-08-22,Term 1 2053,7,4,0,50,0.8632,43.29,43
2053-08-25,Term 1 2053,8,0,0,50,0.8626,43.29,41
2053-08-26,Term 1 2053,8,1,0,50,0.8575,43.0,43
2053-08-27,Term 1 2053,8,2,0,50,0.864,43.29,45
2053-08-28,Term 1 2053,8,3,0,50,0.8781,44.0,45
2053-08-29,Term 1 2053,8,4,0,50,0.8762,43.86,42
2053-09-01,Term 1 2053,9,0,0,50,0.8696,43.57,43
2053-09-02,Term 1 2053,9,1,0,50,0.8628,43.14,45
2053-09-03,Term 1 2053,9,2,0,50,0.8675,43.43,43
2053-09-04,Term 1 2053,9,3,0,50,0.8742,43.71,42
2053-09-05,Term 1 2053,9,4,0,50,0.8713,43.57,43
2053-09-08,Term 1 2053,10,0,0,50,0.8679,43.29,41
2053-09-09,Term 1 2053,10,1,0,50,0.8559,42.71,43
2053-09-10,Term 1 2053,10,2,0,50,0.8584,42.86,44
2053-09-11,Term 1 2053,10,3,0,50,0.8605,43.0,46
2053-09-12,Term 1 2053,10,4,0,50,0.8635,43.14,43
2053-09-15,Term 1 2053,11,0,0,50,0.8621,43.14,40
2053-09-16,Term 1 2053,11,1,0,50,0.8575,42.86,45
2053-09-17,Term 1 2053,11,2,0,50,0.8614,43.14,45
2053-09-18,Term 1 2053,11,3,0,50,0.873,43.71,44
2053-09-19,Term 1 2053,11,4,0,50,0.8771,43.86,42
2053-09-22,Term 1 2053,12,0,1,50,0.8696,43.57,35
2053-09-23,Term 1 2053,12,1,1,50,0.8386,42.0,38
2053-09-24,Term 1 2053,12,2,1,50,0.8247,41.29,36
2053-09-25,Term 1 2053,12,3,1,50,0.8119,40.71,39
2053-09-26,Term 1 2053,12,4,1,50,0.7968,39.86,34
2053-09-29,Term 1 2053,13,0,1,50,0.7666,38.29,34
2053-09-30,Term 1 2053,13,1,1,50,0.7375,36.86,39
2053-10-01,Term 1 2053,13,2,1,50,0.729,36.43,37
2053-10-02,Term 1 2053,13,3,1,50,0.7341,36.71,37
2053-10-03,Term 1 2053,13,4,1,50,0.7313,36.57,34
2053-10-20,Term 2 2053,1,0,0,50,0.7266,36.29,38
2053-10-21,Term 2 2053,1,1,0,50,0.722,36.14,41
2053-10-22,Term 2 2053,1,2,0,50,0.7421,37.14,42
2053-10-23,Term 2 2053,1,3,0,50,0.7634,38.29,39
2053-10-24,Term 2 2053,1,4,0,50,0.7646,38.29,36
2053-10-27,Term 2 2053,2,0,0,50,0.7639,38.14,42
2053-10-28,Term 2 2053,2,1,0,50,0.7798,38.86,43
2053-10-29,Term 2 2053,2,2,0,50,0.8052,40.14,45
2053-10-30,Term 2 2053,2,3,0,50,0.8253,41.14,43
2053-10-31,Term 2 2053,2,4,0,50,0.83,41.43,41
2053-11-03,Term 2 2053,3,0,0,50,0.8271,41.29,40
2053-11-04,Term 2 2053,3,1,0,50,0.8315,41.43,43
2053-11-05,Term 2 2053,3,2,0,50,0.851,42.43,44
2053-11-06,Term 2 2053,3,3,0,50,0.855,42.71,45
2053-11-07,Term 2 2053,3,4,0,50,0.8587,43.0,41
2053-11-10,Term 2 2053,4,0,0,50,0.8478,42.43,43
2053-11-11,Term 2 2053,4,1,0,50,0.8468,42.43,42
2053-11-12,Term 2 2053,4,2,0,50,0.8514,42.57,46
2053-11-13,Term 2 2053,4,3,0,50,0.8668,43.43,44
2053-11-14,Term 2 2053,4,4,0,50,0.8681,43.57,41
2053-11-17,Term 2 2053,5,0,0,50,0.8592,43.14,41
2053-11-18,Term 2 2053,5,1,0,50,0.8499,42.57,44
2053-11-19,Term 2 2053,5,2,0,50,0.8582,43.0,45
2053-11-20,Term 2 2053,5,3,0,50,0.8649,43.29,45
2053-11-21,Term 2 2053,5,4,0,50,0.8726,43.71,43
2053-11-24,Term 2 2053,6,0,0,50,0.8652,43.29,43
2053-11-25,Term 2 2053,6,1,0,50,0.8625,43.14,42
2053-11-26,Term 2 2053,6,2,0,50,0.8666,43.29,44
2053-11-27,Term 2 2053,6,3,0,50,0.873,43.71,45
2053-11-28,Term 2 2053,6,4,0,50,0.877,43.86,43
2053-12-01,Term 2 2053,7,0,0,50,0.8716,43.57,43
2053-12-02,Term 2 2053,7,1,0,50,0.8663,43.29,44
2053-12-03,Term 2 2053,7,2,0,50,0.8694,43.43,43
2053-12-04,Term 2 2053,7,3,0,50,0.8692,43.43,45
2053-12-05,Term 2 2053,7,4,0,50,0.8773,43.86,41
2053-12-08,Term 2 2053,8,0,0,50,0.8702,43.43,41
2053-12-09,Term 2 2053,8,1,0,50,0.8586,42.86,44
2053-12-10,Term 2 2053,8,2,0,50,0.8608,43.0,44
2053-12-11,Term 2 2053,8,3,0,50,0.8617,43.14,44
2053-12-12,Term 2 2053,8,4,0,50,0.8618,43.14,40
2053-12-15,Term 2 2053,9,0,0,50,0.8552,42.71,40
2053-12-16,Term 2 2053,9,1,0,50,0.8413,42.0,44
2053-12-17,Term 2 2053,9,2,0,50,0.8494,42.43,43
2053-12-18,Term 2 2053,9,3,0,50,0.8531,42.71,43
2053-12-19,Term 2 2053,9,4,0,50,0.85,42.57,40
2053-12-22,Term 2 2053,10,0,0,50,0.8402,42.0,42
2053-12-23,Term 2 2053,10,1,0,50,0.8318,41.71,45
2053-12-24,Term 2 2053,10,2,0,50,0.845,42.43,44
2053-12-25,Term 2 2053,10,3,0,50,0.8562,43.0,46
2053-12-26,Term 2 2053,10,4,0,50,0.8614,43.29,44
2053-12-29,Term 2 2053,11,0,0,50,0.8647,43.43,43
2053-12-30,Term 2 2053,11,1,0,50,0.8665,43.43,43
2053-12-31,Term 2 2053,11,2,0,50,0.8763,43.86,44
2054-01-01,Term 2 2053,11,3,0,50,0.8833,44.14,45
2054-01-02,Term 2 2053,11,4,0,50,0.8824,44.14,42
2054-01-05,Term 2 2053,12,0,1,50,0.8778,43.86,35
2054-01-06,Term 2 2053,12,1,1,50,0.8476,42.29,36
2054-01-07,Term 2 2053,12,2,1,50,0.8258,41.14,40
2054-01-08,Term 2 2053,12,3,1,50,0.8153,40.71,38
2054-01-09,Term 2 2053,12,4,1,50,0.7983,40.0,36
2054-01-12,Term 2 2053,13,0,1,50,0.7763,38.86,34
2054-01-13,Term 2 2053,13,1,1,50,0.7469,37.29,38
2054-01-14,Term 2 2053,13,2,1,50,0.7337,36.71,37
2054-01-15,Term 2 2053,13,3,1,50,0.7391,37.0,40
2054-01-16,Term 2 2053,13,4,1,50,0.7491,37.57,37
2054-02-02,Term 3 2054,1,0,0,50,0.7411,37.14,38
2054-02-03,Term 3 2054,1,1,0,50,0.7411,37.14,40
2054-02-04,Term 3 2054,1,2,0,50,0.7516,37.71,41
2054-02-05,Term 3 2054,1,3,0,50,0.7702,38.71,41
2054-02-06,Term 3 2054,1,4,0,50,0.7788,39.14,39
2054-02-09,Term 3 2054,2,0,0,50,0.7834,39.43,43
2054-02-10,Term 3 2054,2,1,0,50,0.7935,39.86,45
2054-02-11,Term 3 2054,2,2,0,50,0.8165,41.0,43
2054-02-12,Term 3 2054,2,3,0,50,0.8321,41.71,42
2054-02-13,Term 3 2054,2,4,0,50,0.8383,42.0,43
2054-02-16,Term 3 2054,3,0,0,50,0.8454,42.29,42
2054-02-17,Term 3 2054,3,1,0,50,0.849,42.43,45
2054-02-18,Term 3 2054,3,2,0,50,0.8664,43.29,45
2054-02-19,Term 3 2054,3,3,0,50,0.8709,43.57,45
2054-02-20,Term 3 2054,3,4,0,50,0.8699,43.57,41
2054-02-23,Term 3 2054,4,0,0,50,0.8644,43.29,41
2054-02-24,Term 3 2054,4,1,0,50,0.8621,43.14,45
2054-02-25,Term 3 2054,4,2,0,50,0.8663,43.43,43
2054-02-26,Term 3 2054,4,3,0,50,0.8691,43.57,44
2054-02-27,Term 3 2054,4,4,0,50,0.8682,43.43,44
2054-03-02,Term 3 2054,5,0,0,50,0.8654,43.29,43
2054-03-03,Term 3 2054,5,1,0,50,0.8605,43.0,42
2054-03-04,Term 3 2054,5,2,0,50,0.8634,43.14,45
2054-03-05,Term 3 2054,5,3,0,50,0.8742,43.71,45
2054-03-06,Term 3 2054,5,4,0,50,0.8737,43.71,44
2054-03-09,Term 3 2054,6,0,0,50,0.8756,43.86,41
2054-03-10,Term 3 2054,6,1,0,50,0.8661,43.43,44
2054-03-11,Term 3 2054,6,2,0,50,0.8677,43.43,46
2054-03-12,Term 3 2054,6,3,0,50,0.8755,43.86,44
2054-03-13,Term 3 2054,6,4,0,50,0.8813,44.14,41
2054-03-16,Term 3 2054,7,0,0,50,0.8689,43.57,41
2054-03-17,Term 3 2054,7,1,0,50,0.8592,43.0,45
2054-03-18,Term 3 2054,7,2,0,50,0.8639,43.14,43
2054-03-19,Term 3 2054,7,3,0,50,0.8694,43.43,43
2054-03-20,Term 3 2054,7,4,0,50,0.8662,43.29,44
2054-03-23,Term 3 2054,8,0,0,50,0.8612,43.0,42
2054-03-24,Term 3 2054,8,1,0,50,0.8557,42.71,44
2054-03-25,Term 3 2054,8,2,0,50,0.8636,43.14,43
2054-03-26,Term 3 2054,8,3,0,50,0.8694,43.43,44
2054-03-27,Term 3 2054,8,4,0,50,0.8647,43.29,44
2054-03-30,Term 3 2054,9,0,0,50,0.8661,43.43,42
2054-03-31,Term 3 2054,9,1,0,50,0.8638,43.29,42
2054-04-01,Term 3 2054,9,2,0,50,0.8595,43.0,45
2054-04-02,Term 3 2054,9,3,0,50,0.8663,43.43,45
2054-04-03,Term 3 2054,9,4,0,50,0.8708,43.57,41
2054-04-06,Term 3 2054,10,0,0,50,0.8656,43.29,40
2054-04-07,Term 3 2054,10,1,0,50,0.8553,42.71,45
2054-04-08,Term 3 2054,10,2,0,50,0.8596,42.86,46
2054-04-09,Term 3 2054,10,3,0,50,0.8691,43.43,44
2054-04-10,Term 3 2054,10,4,0,50,0.8726,43.71,41
2054-04-13,Term 3 2054,11,0,0,50,0.8631,43.14,43
2054-04-14,Term 3 2054,11,1,0,50,0.8584,42.86,45
2054-04-15,Term 3 2054,11,2,0,50,0.8695,43.43,42
2054-04-16,Term 3 2054,11,3,0,50,0.875,43.71,42
2054-04-17,Term 3 2054,11,4,0,50,0.8673,43.29,43
2054-04-20,Term 3 2054,12,0,1,50,0.8589,42.86,36
2054-04-21,Term 3 2054,12,1,1,50,0.836,41.71,39
2054-04-22,Term 3 2054,12,2,1,50,0.8286,41.43,39
2054-04-23,Term 3 2054,12,3,1,50,0.8157,40.86,37
2054-04-24,Term 3 2054,12,4,1,50,0.7912,39.71,35
2054-04-27,Term 3 2054,13,0,1,50,0.7726,38.71,36
2054-04-28,Term 3 2054,13,1,1,50,0.7555,37.86,37
2054-04-29,Term 3 2054,13,2,1,50,0.7384,37.0,37
2054-04-30,Term 3 2054,13,3,1,50,0.7416,37.14,40
2054-05-01,Term 3 2054,13,4,1,50,0.745,37.29,36
2054-05-18,Term 1 2054,1,0,0,50,0.7361,36.86,39
2054-05-19,Term 1 2054,1,1,0,50,0.742,37.14,39
2054-05-20,Term 1 2054,1,2,0,50,0.7512,37.71,38
2054-05-21,Term 1 2054,1,3,0,50,0.7567,38.0,39
2054-05-22,Term 1 2054,1,4,0,50,0.7623,38.29,39
2054-05-25,Term 1 2054,2,0,0,50,0.7689,38.57,41
2054-05-26,Term 1 2054,2,1,0,50,0.771,38.71,46
2054-05-27,Term 1 2054,2,2,0,50,0.799,40.14,44
2054-05-28,Term 1 2054,2,3,0,50,0.8129,40.86,45
2054-05-29,Term 1 2054,2,4,0,50,0.8294,41.71,42
2054-06-01,Term 1 2054,3,0,0,50,0.8416,42.29,43
2054-06-02,Term 1 2054,3,1,0,50,0.8537,42.86,43
2054-06-03,Term 1 2054,3,2,0,50,0.8641,43.43,43
2054-06-04,Term 1 2054,3,3,0,50,0.8716,43.71,44
2054-06-05,Term 1 2054,3,4,0,50,0.8656,43.43,41
2054-06-08,Term 1 2054,4,0,0,50,0.8584,43.0,41
2054-06-09,Term 1 2054,4,1,0,50,0.848,42.43,44
2054-06-10,Term 1 2054,4,2,0,50,0.8533,42.71,44
2054-06-11,Term 1 2054,4,3,0,50,0.8559,42.86,45
2054-06-12,Term 1 2054,4,4,0,50,0.8617,43.14,40
2054-06-15,Term 1 2054,5,0,0,50,0.8538,42.71,40
2054-06-16,Term 1 2054,5,1,0,50,0.8431,42.14,45
2054-06-17,Term 1 2054,5,2,0,50,0.8542,42.71,42
2054-06-18,Term 1 2054,5,3,0,50,0.8575,42.86,44
2054-06-19,Term 1 2054,5,4,0,50,0.8575,42.86,44
2054-06-22,Term 1 2054,6,0,0,50,0.8576,42.86,40
2054-06-23,Term 1 2054,6,1,0,50,0.8439,42.14,44
2054-06-24,Term 1 2054,6,2,0,50,0.8544,42.71,42
2054-06-25,Term 1 2054,6,3,0,50,0.8609,43.0,44
2054-06-26,Term 1 2054,6,4,0,50,0.8592,42.86,44
2054-06-29,Term 1 2054,7,0,0,50,0.8647,43.14,43
2054-06-30,Term 1 2054,7,1,0,50,0.8596,43.0,46
2054-07-01,Term 1 2054,7,2,0,50,0.8647,43.29,44
2054-07-02,Term 1 2054,7,3,0,50,0.8761,43.86,43
2054-07-03,Term 1 2054,7,4,0,50,0.874,43.71,42
2054-07-06,Term 1 2054,8,0,0,50,0.8731,43.71,41
2054-07-07,Term 1 2054,8,1,0,50,0.8634,43.29,46
2054-07-08,Term 1 2054,8,2,0,50,0.868,43.57,46
2054-07-09,Term 1 2054,8,3,0,50,0.8778,44.0,45
2054-07-10,Term 1 2054,8,4,0,50,0.8765,43.86,44
2054-07-13,Term 1 2054,9,0,0,50,0.8761,43.86,42
2054-07-14,Term 1 2054,9,1,0,50,0.8727,43.71,44
2054-07-15,Term 1 2054,9,2,0,50,0.8779,44.0,42
2054-07-16,Term 1 2054,9,3,0,50,0.8814,44.14,43
2054-07-17,Term 1 2054,9,4,0,50,0.8753,43.71,41
2054-07-20,Term 1 2054,10,0,0,50,0.8619,43.0,40
2054-07-21,Term 1 2054,10,1,0,50,0.8466,42.29,44
2054-07-22,Term 1 2054,10,2,0,50,0.8468,42.29,45
2054-07-23,Term 1 2054,10,3,0,50,0.8543,42.71,45
2054-07-24,Term 1 2054,10,4,0,50,0.8583,42.86,44
2054-07-27,Term 1 2054,11,0,0,50,0.8621,43.14,40
2054-07-28,Term 1 2054,11,1,0,50,0.8524,42.71,44
2054-07-29,Term 1 2054,11,2,0,50,0.8613,43.14,45
2054-07-30,Term 1 2054,11,3,0,50,0.8772,43.86,43
2054-07-31,Term 1 2054,11,4,0,50,0.8752,43.71,43
2054-08-03,Term 1 2054,12,0,1,50,0.8694,43.43,37
2054-08-04,Term 1 2054,12,1,1,50,0.8462,42.29,37
2054-08-05,Term 1 2054,12,2,1,50,0.8288,41.29,38
2054-08-06,Term 1 2054,12,3,1,50,0.8243,41.0,39
2054-08-07,Term 1 2054,12,4,1,50,0.8078,40.29,36
2054-08-10,Term 1 2054,13,0,1,50,0.7805,39.0,35
2054-08-11,Term 1 2054,13,1,1,50,0.7577,37.86,37
2054-08-12,Term 1 2054,13,2,1,50,0.7404,37.0,40
2054-08-13,Term 1 2054,13,3,1,50,0.7495,37.43,40
2054-08-14,Term 1 2054,13,4,1,50,0.7563,37.86,37
2054-08-31,Term 2 2054,1,0,0,50,0.7528,37.71,36
2054-09-01,Term 2 2054,1,1,0,50,0.744,37.29,39
2054-09-02,Term 2 2054,1,2,0,50,0.7541,37.71,38
2054-09-03,Term 2 2054,1,3,0,50,0.7628,38.14,41
2054-09-04,Term 2 2054,1,4,0,50,0.7756,38.71,37
2054-09-07,Term 2 2054,2,0,0,50,0.768,38.29,41
2054-09-08,Term 2 2054,2,1,0,50,0.7721,38.43,44
2054-09-09,Term 2 2054,2,2,0,50,0.7926,39.43,44
2054-09-10,Term 2 2054,2,3,0,50,0.8156,40.57,44
2054-09-11,Term 2 2054,2,4,0,50,0.8299,41.29,40
2054-09-14,Term 2 2054,3,0,0,50,0.836,41.57,41
2054-09-15,Term 2 2054,3,1,0,50,0.836,41.57,46
2054-09-16,Term 2 2054,3,2,0,50,0.86,42.86,46
2054-09-17,Term 2 2054,3,3,0,50,0.8727,43.57,46
2054-09-18,Term 2 2054,3,4,0,50,0.8771,43.86,43
2054-09-21,Term 2 2054,4,0,0,50,0.8766,43.71,43
2054-09-22,Term 2 2054,4,1,0,50,0.8728,43.57,45
2054-09-23,Term 2 2054,4,2,0,50,0.886,44.29,43
2054-09-24,Term 2 2054,4,3,0,50,0.8916,44.57,43
2054-09-25,Term 2 2054,4,4,0,50,0.8832,44.14,41
2054-09-28,Term 2 2054,5,0,0,50,0.8685,43.43,42
2054-09-29,Term 2 2054,5,1,0,50,0.856,42.86,44
2054-09-30,Term 2 2054,5,2,0,50,0.8584,43.0,45
2054-10-01,Term 2 2054,5,3,0,50,0.865,43.29,44
2054-10-02,Term 2 2054,5,4,0,50,0.8624,43.14,41
2054-10-05,Term 2 2054,6,0,0,50,0.8548,42.86,43
2054-10-06,Term 2 2054,6,1,0,50,0.8545,42.86,43
2054-10-07,Term 2 2054,6,2,0,50,0.862,43.14,45
2054-10-08,Term 2 2054,6,3,0,50,0.8709,43.57,44
2054-10-09,Term 2 2054,6,4,0,50,0.8707,43.57,43
2054-10-12,Term 2 2054,7,0,0,50,0.8652,43.29,40
2054-10-13,Term 2 2054,7,1,0,50,0.8542,42.71,44
2054-10-14,Term 2 2054,7,2,0,50,0.8635,43.14,42
2054-10-15,Term 2 2054,7,3,0,50,0.8629,43.0,45
2054-10-16,Term 2 2054,7,4,0,50,0.867,43.29,41
2054-10-19,Term 2 2054,8,0,0,50,0.8564,42.71,40
2054-10-20,Term 2 2054,8,1,0,50,0.8454,42.14,45
2054-10-21,Term 2 2054,8,2,0,50,0.8497,42.43,45
2054-10-22,Term 2 2054,8,3,0,50,0.8625,43.14,42
2054-10-23,Term 2 2054,8,4,0,50,0.8584,42.86,42
2054-10-26,Term 2 2054,9,0,0,50,0.8563,42.86,42
2054-10-27,Term 2 2054,9,1,0,50,0.8498,42.43,43
2054-10-28,Term 2 2054,9,2,0,50,0.8546,42.71,46
2054-10-29,Term 2 2054,9,3,0,50,0.8699,43.57,46
2054-10-30,Term 2 2054,9,4,0,50,0.8716,43.71,43
2054-11-02,Term 2 2054,10,0,0,50,0.8671,43.43,40
2054-11-03,Term 2 2054,10,1,0,50,0.8615,43.14,43
2054-11-04,Term 2 2054,10,2,0,50,0.8652,43.29,44
2054-11-05,Term 2 2054,10,3,0,50,0.8696,43.57,46
2054-11-06,Term 2 2054,10,4,0,50,0.878,44.0,40
2054-11-09,Term 2 2054,11,0,0,50,0.8631,43.14,40
2054-11-10,Term 2 2054,11,1,0,50,0.8472,42.29,44
2054-11-11,Term 2 2054,11,2,0,50,0.8502,42.43,45
2054-11-12,Term 2 2054,11,3,0,50,0.8631,43.14,42
2054-11-13,Term 2 2054,11,4,0,50,0.8612,43.0,43
2054-11-16,Term 2 2054,12,0,1,50,0.858,42.86,37
2054-11-17,Term 2 2054,12,1,1,50,0.8334,41.57,40
2054-11-18,Term 2 2054,12,2,1,50,0.8312,41.57,39
2054-11-19,Term 2 2054,12,3,1,50,0.8284,41.43,38
2054-11-20,Term 2 2054,12,4,1,50,0.812,40.57,37
2054-11-23,Term 2 2054,13,0,1,50,0.7882,39.43,35
2054-11-24,Term 2 2054,13,1,1,50,0.7672,38.43,39
2054-11-25,Term 2 2054,13,2,1,50,0.7561,37.86,39
2054-11-26,Term 2 2054,13,3,1,50,0.7617,38.14,38
2054-11-27,Term 2 2054,13,4,1,50,0.7554,37.86,37
2054-12-14,Term 3 2054,1,0,0,50,0.7483,37.57,38
2054-12-15,Term 3 2054,1,1,0,50,0.7464,37.57,41
2054-12-16,Term 3 2054,1,2,0,50,0.7603,38.14,41
2054-12-17,Term 3 2054,1,3,0,50,0.7781,39.0,39
2054-12-18,Term 3 2054,1,4,0,50,0.7781,39.0,36
2054-12-21,Term 3 2054,2,0,0,50,0.771,38.57,40
2054-12-22,Term 3 2054,2,1,0,50,0.7777,38.86,42
2054-12-23,Term 3 2054,2,2,0,50,0.7942,39.57,45
2054-12-24,Term 3 2054,2,3,0,50,0.8148,40.57,46
2054-12-25,Term 3 2054,2,4,0,50,0.8272,41.29,43
2054-12-28,Term 3 2054,3,0,0,50,0.8322,41.57,40
2054-12-29,Term 3 2054,3,1,0,50,0.8352,41.71,43
2054-12-30,Term 3 2054,3,2,0,50,0.8552,42.71,45
2054-12-31,Term 3 2054,3,3,0,50,0.8711,43.43,46
2055-01-01,Term 3 2054,3,4,0,50,0.881,44.0,42
2055-01-04,Term 3 2054,4,0,0,50,0.8734,43.57,40
2055-01-05,Term 3 2054,4,1,0,50,0.8556,42.71,42
2055-01-06,Term 3 2054,4,2,0,50,0.8535,42.57,44
2055-01-07,Term 3 2054,4,3,0,50,0.8654,43.14,45
2055-01-08,Term 3 2054,4,4,0,50,0.8709,43.43,44
2055-01-11,Term 3 2054,5,0,0,50,0.8667,43.29,41
2055-01-12,Term 3 2054,5,1,0,50,0.8523,42.57,43
2055-01-13,Term 3 2054,5,2,0,50,0.8556,42.71,45
2055-01-14,Term 3 2054,5,3,0,50,0.8704,43.43,45
2055-01-15,Term 3 2054,5,4,0,50,0.8788,43.86,42
2055-01-18,Term 3 2054,6,0,0,50,0.8729,43.57,42
2055-01-19,Term 3 2054,6,1,0,50,0.863,43.14,43
2055-01-20,Term 3 2054,6,2,0,50,0.86,43.0,44
2055-01-21,Term 3 2054,6,3,0,50,0.868,43.43,44
2055-01-22,Term 3 2054,6,4,0,50,0.87,43.57,42
2055-01-25,Term 3 2054,7,0,0,50,0.8618,43.14,40
2055-01-26,Term 3 2054,7,1,0,50,0.8472,42.43,46
2055-01-27,Term 3 2054,7,2,0,50,0.8578,43.0,45
2055-01-28,Term 3 2054,7,3,0,50,0.8676,43.43,44
2055-01-29,Term 3 2054,7,4,0,50,0.8708,43.57,42
2055-02-01,Term 3 2054,8,0,0,50,0.8658,43.29,42
2055-02-02,Term 3 2054,8,1,0,50,0.8593,43.0,43
2055-02-03,Term 3 2054,8,2,0,50,0.8615,43.14,45
2055-02-04,Term 3 2054,8,3,0,50,0.8746,43.86,45
2055-02-05,Term 3 2054,8,4,0,50,0.8729,43.71,43
2055-02-08,Term 3 2054,9,0,0,50,0.8657,43.43,42
2055-02-09,Term 3 2054,9,1,0,50,0.8597,43.14,43
2055-02-10,Term 3 2054,9,2,0,50,0.8637,43.29,46
2055-02-11,Term 3 2054,9,3,0,50,0.8753,43.86,42
2055-02-12,Term 3 2054,9,4,0,50,0.875,43.71,44
2055-02-15,Term 3 2054,10,0,0,50,0.8731,43.57,42
2055-02-16,Term 3 2054,10,1,0,50,0.8649,43.14,44
2055-02-17,Term 3 2054,10,2,0,50,0.868,43.29,45
2055-02-18,Term 3 2054,10,3,0,50,0.8778,43.71,44
2055-02-19,Term 3 2054,10,4,0,50,0.8799,43.86,43
2055-02-22,Term 3 2054,11,0,0,50,0.8709,43.43,41
2055-02-23,Term 3 2054,11,1,0,50,0.8667,43.29,46
2055-02-24,Term 3 2054,11,2,0,50,0.8722,43.57,43
2055-02-25,Term 3 2054,11,3,0,50,0.8751,43.71,45
2055-02-26,Term 3 2054,11,4,0,50,0.8791,43.86,41
2055-03-01,Term 3 2054,12,0,1,50,0.8663,43.29,36
2055-03-02,Term 3 2054,12,1,1,50,0.8447,42.14,39
2055-03-03,Term 3 2054,12,2,1,50,0.8345,41.57,39
2055-03-04,Term 3 2054,12,3,1,50,0.8282,41.29,36
2055-03-05,Term 3 2054,12,4,1,50,0.8005,39.86,37
2055-03-08,Term 3 2054,13,0,1,50,0.7837,39.0,34
2055-03-09,Term 3 2054,13,1,1,50,0.752,37.43,38
2055-03-10,Term 3 2054,13,2,1,50,0.7437,37.0,38
2055-03-11,Term 3 2054,13,3,1,50,0.747,37.29,40
2055-03-12,Term 3 2054,13,4,1,50,0.749,37.43,37
2055-03-29,Term 1 2055,1,0,0,50,0.7428,37.14,39
2055-03-30,Term 1 2055,1,1,0,50,0.7505,37.57,42
2055-03-31,Term 1 2055,1,2,0,50,0.7633,38.29,40
2055-04-01,Term 1 2055,1,3,0,50,0.7804,39.14,39
2055-04-02,Term 1 2055,1,4,0,50,0.7844,39.29,39
2055-04-05,Term 1 2055,2,0,0,50,0.7877,39.43,43
2055-04-06,Term 1 2055,2,1,0,50,0.7977,39.86,45
2055-04-07,Term 1 2055,2,2,0,50,0.8217,41.0,44
2055-04-08,Term 1 2055,2,3,0,50,0.8351,41.71,44
2055-04-09,Term 1 2055,2,4,0,50,0.8412,42.0,41
2055-04-12,Term 1 2055,3,0,0,50,0.8439,42.14,42
2055-04-13,Term 1 2055,3,1,0,50,0.8523,42.57,43
2055-04-14,Term 1 2055,3,2,0,50,0.8639,43.14,45
2055-04-15,Term 1 2055,3,3,0,50,0.8695,43.43,44
2055-04-16,Term 1 2055,3,4,0,50,0.8653,43.29,41
2055-04-19,Term 1 2055,4,0,0,50,0.8567,42.86,43
2055-04-20,Term 1 2055,4,1,0,50,0.8521,42.71,44
2055-04-21,Term 1 2055,4,2,0,50,0.8612,43.14,45
2055-04-22,Term 1 2055,4,3,0,50,0.8696,43.57,45
2055-04-23,Term 1 2055,4,4,0,50,0.8771,43.86,43
2055-04-26,Term 1 2055,5,0,0,50,0.8697,43.57,41
2055-04-27,Term 1 2055,5,1,0,50,0.8633,43.14,43
2055-04-28,Term 1 2055,5,2,0,50,0.8694,43.43,43
2055-04-29,Term 1 2055,5,3,0,50,0.8695,43.43,45
2055-04-30,Term 1 2055,5,4,0,50,0.8708,43.57,41
2055-05-03,Term 1 2055,6,0,0,50,0.8592,43.0,40
2055-05-04,Term 1 2055,6,1,0,50,0.844,42.29,43
2055-05-05,Term 1 2055,6,2,0,50,0.8441,42.29,45
2055-05-06,Term 1 2055,6,3,0,50,0.8546,42.86,45
2055-05-07,Term 1 2055,6,4,0,50,0.8611,43.14,40
2055-05-10,Term 1 2055,7,0,0,50,0.8539,42.71,42
2055-05-11,Term 1 2055,7,1,0,50,0.8471,42.29,44
2055-05-12,Term 1 2055,7,2,0,50,0.8561,42.71,45
2055-05-13,Term 1 2055,7,3,0,50,0.8693,43.43,46
2055-05-14,Term 1 2055,7,4,0,50,0.8781,43.86,41
2055-05-17,Term 1 2055,8,0,0,50,0.8656,43.29,43
2055-05-18,Term 1 2055,8,1,0,50,0.8609,43.0,44
2055-05-19,Term 1 2055,8,2,0,50,0.8714,43.57,45
2055-05-20,Term 1 2055,8,3,0,50,0.8798,44.0,46
2055-05-21,Term 1 2055,8,4,0,50,0.8838,44.29,40
2055-05-24,Term 1 2055,9,0,0,50,0.8715,43.57,43
2055-05-25,Term 1 2055,9,1,0,50,0.8641,43.14,43
2055-05-26,Term 1 2055,9,2,0,50,0.8702,43.43,42
2055-05-27,Term 1 2055,9,3,0,50,0.8671,43.29,46
2055-05-28,Term 1 2055,9,4,0,50,0.8734,43.57,43
2055-05-31,Term 1 2055,10,0,0,50,0.8655,43.29,42
2055-06-01,Term 1 2055,10,1,0,50,0.8546,42.71,46
2055-06-02,Term 1 2055,10,2,0,50,0.8703,43.57,45
2055-06-03,Term 1 2055,10,3,0,50,0.8735,43.86,44
2055-06-04,Term 1 2055,10,4,0,50,0.876,44.0,40
2055-06-07,Term 1 2055,11,0,0,50,0.8701,43.71,40
2055-06-08,Term 1 2055,11,1,0,50,0.8545,42.86,44
2055-06-09,Term 1 2055,11,2,0,50,0.8584,43.0,45
2055-06-10,Term 1 2055,11,3,0,50,0.8666,43.43,46
2055-06-11,Term 1 2055,11,4,0,50,0.8664,43.43,43
2055-06-14,Term 1 2055,12,0,1,50,0.861,43.14,35
2055-06-15,Term 1 2055,12,1,1,50,0.8364,41.86,39
2055-06-16,Term 1 2055,12,2,1,50,0.8325,41.71,39
2055-06-17,Term 1 2055,12,3,1,50,0.8288,41.57,39
2055-06-18,Term 1 2055,12,4,1,50,0.8136,40.86,37
2055-06-21,Term 1 2055,13,0,1,50,0.7918,39.71,37
2055-06-22,Term 1 2055,13,1,1,50,0.7665,38.43,39
2055-06-23,Term 1 2055,13,2,1,50,0.755,37.86,37
2055-06-24,Term 1 2055,13,3,1,50,0.761,38.14,39
2055-06-25,Term 1 2055,13,4,1,50,0.7606,38.14,35
2055-07-12,Term 2 2055,1,0,0,50,0.75,37.57,36
2055-07-13,Term 2 2055,1,1,0,50,0.7424,37.14,38
2055-07-14,Term 2 2055,1,2,0,50,0.7459,37.29,40
2055-07-15,Term 2 2055,1,3,0,50,0.7544,37.71,41
2055-07-16,Term 2 2055,1,4,0,50,0.7604,38.0,38
2055-07-19,Term 2 2055,2,0,0,50,0.763,38.14,40
2055-07-20,Term 2 2055,2,1,0,50,0.7658,38.29,44
2055-07-21,Term 2 2055,2,2,0,50,0.791,39.57,44
2055-07-22,Term 2 2055,2,3,0,50,0.8148,40.71,43
2055-07-23,Term 2 2055,2,4,0,50,0.8284,41.43,43
2055-07-26,Term 2 2055,3,0,0,50,0.837,41.86,43
2055-07-27,Term 2 2055,3,1,0,50,0.8427,42.14,43
2055-07-28,Term 2 2055,3,2,0,50,0.8561,42.86,44
2055-07-29,Term 2 2055,3,3,0,50,0.8685,43.43,45
2055-07-30,Term 2 2055,3,4,0,50,0.8694,43.57,42
2055-08-02,Term 2 2055,4,0,0,50,0.8621,43.29,42
2055-08-03,Term 2 2055,4,1,0,50,0.8583,43.14,42
2055-08-04,Term 2 2055,4,2,0,50,0.8567,43.0,42
2055-08-05,Term 2 2055,4,3,0,50,0.8555,42.86,46
2055-08-06,Term 2 2055,4,4,0,50,0.8638,43.29,43
2055-08-09,Term 2 2055,5,0,0,50,0.8616,43.14,40
2055-08-10,Term 2 2055,5,1,0,50,0.8492,42.43,45
2055-08-11,Term 2 2055,5,2,0,50,0.8593,42.86,42
2055-08-12,Term 2 2055,5,3,0,50,0.8601,42.86,44
2055-08-13,Term 2 2055,5,4,0,50,0.8653,43.14,42
2055-08-16,Term 2 2055,6,0,0,50,0.865,43.14,43
2055-08-17,Term 2 2055,6,1,0,50,0.8568,42.71,44
2055-08-18,Term 2 2055,6,2,0,50,0.859,42.86,44
2055-08-19,Term 2 2055,6,3,0,50,0.8699,43.43,44
2055-08-20,Term 2 2055,6,4,0,50,0.8673,43.29,43
2055-08-23,Term 2 2055,7,0,0,50,0.8696,43.43,43
2055-08-24,Term 2 2055,7,1,0,50,0.8651,43.29,42
2055-08-25,Term 2 2055,7,2,0,50,0.8661,43.29,45
2055-08-26,Term 2 2055,7,3,0,50,0.8725,43.57,46
2055-08-27,Term 2 2055,7,4,0,50,0.878,43.86,44
2055-08-30,Term 2 2055,8,0,0,50,0.8766,43.86,40
2055-08-31,Term 2 2055,8,1,0,50,0.8649,43.29,44
2055-09-01,Term 2 2055,8,2,0,50,0.8693,43.43,43
2055-09-02,Term 2 2055,8,3,0,50,0.8694,43.43,44
2055-09-03,Term 2 2055,8,4,0,50,0.8744,43.71,43
2055-09-06,Term 2 2055,9,0,0,50,0.8692,43.43,40
2055-09-07,Term 2 2055,9,1,0,50,0.8524,42.57,43
2055-09-08,Term 2 2055,9,2,0,50,0.8493,42.43,43
2055-09-09,Term 2 2055,9,3,0,50,0.8568,42.86,43
2055-09-10,Term 2 2055,9,4,0,50,0.8518,42.71,42
2055-09-13,Term 2 2055,10,0,0,50,0.8504,42.57,43
2055-09-14,Term 2 2055,10,1,0,50,0.8467,42.43,42
2055-09-15,Term 2 2055,10,2,0,50,0.8436,42.29,46
2055-09-16,Term 2 2055,10,3,0,50,0.8606,43.14,44
2055-09-17,Term 2 2055,10,4,0,50,0.8649,43.29,41
2055-09-20,Term 2 2055,11,0,0,50,0.861,43.0,42
2055-09-21,Term 2 2055,11,1,0,50,0.8582,42.86,44
2055-09-22,Term 2 2055,11,2,0,50,0.8623,43.14,46
2055-09-23,Term 2 2055,11,3,0,50,0.8705,43.57,42
2055-09-24,Term 2 2055,11,4,0,50,0.8701,43.57,41
2055-09-27,Term 2 2055,12,0,1,50,0.8567,42.86,37
2055-09-28,Term 2 2055,12,1,1,50,0.8374,41.86,38
2055-09-29,Term 2 2055,12,2,1,50,0.8278,41.43,39
2055-09-30,Term 2 2055,12,3,1,50,0.8205,41.0,39
2055-10-01,Term 2 2055,12,4,1,50,0.806,40.29,36
2055-10-04,Term 2 2055,13,0,1,50,0.7775,38.86,36
2055-10-05,Term 2 2055,13,1,1,50,0.7598,38.0,39
2055-10-06,Term 2 2055,13,2,1,50,0.7529,37.71,38
2055-10-07,Term 2 2055,13,3,1,50,0.7552,37.86,40
2055-10-08,Term 2 2055,13,4,1,50,0.7605,38.14,35
2055-10-25,Term 3 2055,1,0,0,50,0.7499,37.57,38
2055-10-26,Term 3 2055,1,1,0,50,0.7471,37.43,39
2055-10-27,Term 3 2055,1,2,0,50,0.7558,37.86,38
2055-10-28,Term 3 2055,1,3,0,50,0.7632,38.14,41
2055-10-29,Term 3 2055,1,4,0,50,0.7703,38.43,37
2055-11-01,Term 3 2055,2,0,0,50,0.7671,38.29,40
2055-11-02,Term 3 2055,2,1,0,50,0.7679,38.29,43
2055-11-03,Term 3 2055,2,2,0,50,0.7902,39.43,45
2055-11-04,Term 3 2055,2,3,0,50,0.8121,40.43,46
2055-11-05,Term 3 2055,2,4,0,50,0.8321,41.43,42
2055-11-08,Term 3 2055,3,0,0,50,0.8436,42.0,40
2055-11-09,Term 3 2055,3,1,0,50,0.841,41.86,43
2055-11-10,Term 3 2055,3,2,0,50,0.8595,42.71,43
2055-11-11,Term 3 2055,3,3,0,50,0.866,43.14,44
2055-11-12,Term 3 2055,3,4,0,50,0.8696,43.29,40
2055-11-15,Term 3 2055,4,0,0,50,0.8553,42.57,41
2055-11-16,Term 3 2055,4,1,0,50,0.8401,41.86,44
2055-11-17,Term 3 2055,4,2,0,50,0.8433,42.14,46
2055-11-18,Term 3 2055,4,3,0,50,0.8583,43.0,44
2055-11-19,Term 3 2055,4,4,0,50,0.8587,43.14,40
2055-11-22,Term 3 2055,5,0,0,50,0.8525,42.71,41
2055-11-23,Term 3 2055,5,1,0,50,0.8412,42.29,44
2055-11-24,Term 3 2055,5,2,0,50,0.8509,42.86,45
2055-11-25,Term 3 2055,5,3,0,50,0.8631,43.43,44
2055-11-26,Term 3 2055,5,4,0,50,0.8648,43.43,40
2055-11-29,Term 3 2055,6,0,0,50,0.8496,42.57,42
2055-11-30,Term 3 2055,6,1,0,50,0.8462,42.29,46
2055-12-01,Term 3 2055,6,2,0,50,0.8624,43.14,45
2055-12-02,Term 3 2055,6,3,0,50,0.8746,43.71,43
2055-12-03,Term 3 2055,6,4,0,50,0.8719,43.57,41
2055-12-06,Term 3 2055,7,0,0,50,0.8625,43.0,42
2055-12-07,Term 3 2055,7,1,0,50,0.8568,42.71,45
2055-12-08,Term 3 2055,7,2,0,50,0.871,43.43,44
2055-12-09,Term 3 2055,7,3,0,50,0.8767,43.71,44
2055-12-10,Term 3 2055,7,4,0,50,0.8702,43.43,41
2055-12-13,Term 3 2055,8,0,0,50,0.8582,42.86,43
2055-12-14,Term 3 2055,8,1,0,50,0.8602,42.86,44
2055-12-15,Term 3 2055,8,2,0,50,0.8667,43.29,42
2055-12-16,Term 3 2055,8,3,0,50,0.8666,43.29,44
2055-12-17,Term 3 2055,8,4,0,50,0.8641,43.14,40
2055-12-20,Term 3 2055,9,0,0,50,0.8524,42.57,40
2055-12-21,Term 3 2055,9,1,0,50,0.8419,42.0,42
2055-12-22,Term 3 2055,9,2,0,50,0.8471,42.14,44
2055-12-23,Term 3 2055,9,3,0,50,0.8491,42.29,42
2055-12-24,Term 3 2055,9,4,0,50,0.8449,42.0,43
2055-12-27,Term 3 2055,10,0,0,50,0.8462,42.14,41
2055-12-28,Term 3 2055,10,1,0,50,0.8363,41.71,43
2055-12-29,Term 3 2055,10,2,0,50,0.845,42.14,43
2055-12-30,Term 3 2055,10,3,0,50,0.8538,42.57,45
2055-12-31,Term 3 2055,10,4,0,50,0.8625,43.0,41
2056-01-03,Term 3 2055,11,0,0,50,0.8531,42.57,40
2056-01-04,Term 3 2055,11,1,0,50,0.8453,42.29,44
2056-01-05,Term 3 2055,11,2,0,50,0.848,42.43,46
2056-01-06,Term 3 2055,11,3,0,50,0.8621,43.14,44
2056-01-07,Term 3 2055,11,4,0,50,0.8626,43.29,40
2056-01-10,Term 3 2055,12,0,1,50,0.855,42.86,37
2056-01-11,Term 3 2055,12,1,1,50,0.8313,41.71,37
2056-01-12,Term 3 2055,12,2,1,50,0.8193,41.14,39
2056-01-13,Term 3 2055,12,3,1,50,0.8176,41.0,37
2056-01-14,Term 3 2055,12,4,1,50,0.7996,40.0,37
2056-01-17,Term 3 2055,13,0,1,50,0.7751,38.71,35
2056-01-18,Term 3 2055,13,1,1,50,0.752,37.43,38
2056-01-19,Term 3 2055,13,2,1,50,0.7455,37.14,39
2056-01-20,Term 3 2055,13,3,1,50,0.75,37.43,39
2056-01-21,Term 3 2055,13,4,1,50,0.7579,37.71,36
2056-02-07,Term 1 2056,1,0,0,50,0.7501,37.29,38
2056-02-08,Term 1 2056,1,1,0,50,0.7522,37.43,42
2056-02-09,Term 1 2056,1,2,0,50,0.7644,38.14,39
2056-02-10,Term 1 2056,1,3,0,50,0.7737,38.71,42
2056-02-11,Term 1 2056,1,4,0,50,0.7841,39.29,38
2056-02-14,Term 1 2056,2,0,0,50,0.7806,39.14,41
2056-02-15,Term 1 2056,2,1,0,50,0.7847,39.43,45
2056-02-16,Term 1 2056,2,2,0,50,0.8097,40.71,46
2056-02-17,Term 1 2056,2,3,0,50,0.8324,41.86,44
2056-02-18,Term 1 2056,2,4,0,50,0.8396,42.14,42
2056-02-21,Term 1 2056,3,0,0,50,0.8502,42.57,43
2056-02-22,Term 1 2056,3,1,0,50,0.8534,42.71,44
2056-02-23,Term 1 2056,3,2,0,50,0.8715,43.57,43
2056-02-24,Term 1 2056,3,3,0,50,0.8762,43.86,42
2056-02-25,Term 1 2056,3,4,0,50,0.8678,43.43,42
2056-02-28,Term 1 2056,4,0,0,50,0.8569,42.86,40
2056-02-29,Term 1 2056,4,1,0,50,0.8455,42.29,43
2056-03-01,Term 1 2056,4,2,0,50,0.8458,42.43,44
2056-03-02,Term 1 2056,4,3,0,50,0.8476,42.57,45
2056-03-03,Term 1 2056,4,4,0,50,0.8505,42.71,40
2056-03-06,Term 1 2056,5,0,0,50,0.844,42.29,42
2056-03-07,Term 1 2056,5,1,0,50,0.845,42.29,46
2056-03-08,Term 1 2056,5,2,0,50,0.856,42.86,45
2056-03-09,Term 1 2056,5,3,0,50,0.8694,43.57,43
2056-03-10,Term 1 2056,5,4,0,50,0.8708,43.57,42
2056-03-13,Term 1 2056,6,0,0,50,0.8677,43.29,42
2056-03-14,Term 1 2056,6,1,0,50,0.8603,42.86,43
2056-03-15,Term 1 2056,6,2,0,50,0.8675,43.29,46
2056-03-16,Term 1 2056,6,3,0,50,0.8776,43.86,45
2056-03-17,Term 1 2056,6,4,0,50,0.8756,43.71,42
2056-03-20,Term 1 2056,7,0,0,50,0.8675,43.29,41
2056-03-21,Term 1 2056,7,1,0,50,0.8607,43.0,44
2056-03-22,Term 1 2056,7,2,0,50,0.8643,43.29,46
2056-03-23,Term 1 2056,7,3,0,50,0.8742,43.86,46
2056-03-24,Term 1 2056,7,4,0,50,0.8822,44.29,43
2056-03-27,Term 1 2056,8,0,0,50,0.8745,43.86,41
2056-03-28,Term 1 2056,8,1,0,50,0.8617,43.29,45
2056-03-29,Term 1 2056,8,2,0,50,0.8715,43.71,46
2056-03-30,Term 1 2056,8,3,0,50,0.8863,44.43,44
2056-03-31,Term 1 2056,8,4,0,50,0.886,44.43,41
2056-04-03,Term 1 2056,9,0,0,50,0.8731,43.71,40
2056-04-04,Term 1 2056,9,1,0,50,0.8569,42.86,42
2056-04-05,Term 1 2056,9,2,0,50,0.8543,42.71,45
2056-04-06,Term 1 2056,9,3,0,50,0.8663,43.29,46
2056-04-07,Term 1 2056,9,4,0,50,0.8673,43.43,41
2056-04-10,Term 1 2056,10,0,0,50,0.8526,42.71,40
2056-04-11,Term 1 2056,10,1,0,50,0.8415,42.14,45
2056-04-12,Term 1 2056,10,2,0,50,0.8521,42.71,44
2056-04-13,Term 1 2056,10,3,0,50,0.8646,43.29,44
2056-04-14,Term 1 2056,10,4,0,50,0.8693,43.57,43
2056-04-17,Term 1 2056,11,0,0,50,0.8652,43.29,43
2056-04-18,Term 1 2056,11,1,0,50,0.8583,42.86,44
2056-04-19,Term 1 2056,11,2,0,50,0.8669,43.29,44
2056-04-20,Term 1 2056,11,3,0,50,0.8792,43.86,45
2056-04-21,Term 1 2056,11,4,0,50,0.8791,43.86,42
2056-04-24,Term 1 2056,12,0,1,50,0.8725,43.57,36
2056-04-25,Term 1 2056,12,1,1,50,0.8485,42.43,40
2056-04-26,Term 1 2056,12,2,1,50,0.8385,42.0,40
2056-04-27,Term 1 2056,12,3,1,50,0.8276,41.57,39
2056-04-28,Term 1 2056,12,4,1,50,0.8136,40.86,36
2056-05-01,Term 1 2056,13,0,1,50,0.7896,39.71,36
2056-05-02,Term 1 2056,13,1,1,50,0.764,38.43,40
2056-05-03,Term 1 2056,13,2,1,50,0.7575,38.14,39
2056-05-04,Term 1 2056,13,3,1,50,0.7673,38.57,39
2056-05-05,Term 1 2056,13,4,1,50,0.764,38.43,37
2056-05-22,Term 2 2056,1,0,0,50,0.7562,38.0,38
2056-05-23,Term 2 2056,1,1,0,50,0.7554,37.86,39
2056-05-24,Term 2 2056,1,2,0,50,0.765,38.29,41
2056-05-25,Term 2 2056,1,3,0,50,0.7792,39.0,42
2056-05-26,Term 2 2056,1,4,0,50,0.7854,39.29,39
2056-05-29,Term 2 2056,2,0,0,50,0.7863,39.29,43
2056-05-30,Term 2 2056,2,1,0,50,0.7982,39.86,44
2056-05-31,Term 2 2056,2,2,0,50,0.819,40.86,44
2056-06-01,Term 2 2056,2,3,0,50,0.836,41.71,44
2056-06-02,Term 2 2056,2,4,0,50,0.8516,42.43,44
2056-06-05,Term 2 2056,3,0,0,50,0.8599,42.86,42
2056-06-06,Term 2 2056,3,1,0,50,0.861,42.86,46
2056-06-07,Term 2 2056,3,2,0,50,0.8788,43.86,44
2056-06-08,Term 2 2056,3,3,0,50,0.8819,44.0,43
2056-06-09,Term 2 2056,3,4,0,50,0.8784,43.86,40
2056-06-12,Term 2 2056,4,0,0,50,0.8666,43.29,43
2056-06-13,Term 2 2056,4,1,0,50,0.8621,43.14,44
2056-06-14,Term 2 2056,4,2,0,50,0.8627,43.14,46
2056-06-15,Term 2 2056,4,3,0,50,0.873,43.71,44
2056-06-16,Term 2 2056,4,4,0,50,0.8677,43.43,42
2056-06-19,Term 2 2056,5,0,0,50,0.8604,43.14,41
2056-06-20,Term 2 2056,5,1,0,50,0.8549,42.86,42
2056-06-21,Term 2 2056,5,2,0,50,0.8611,43.14,46
2056-06-22,Term 2 2056,5,3,0,50,0.8691,43.57,43
2056-06-23,Term 2 2056,5,4,0,50,0.8661,43.43,42
2056-06-26,Term 2 2056,6,0,0,50,0.8556,42.86,43
2056-06-27,Term 2 2056,6,1,0,50,0.8524,42.71,42
2056-06-28,Term 2 2056,6,2,0,50,0.8551,42.71,43
2056-06-29,Term 2 2056,6,3,0,50,0.8614,43.0,43
2056-06-30,Term 2 2056,6,4,0,50,0.8635,43.14,41
2056-07-03,Term 2 2056,7,0,0,50,0.8497,42.43,42
2056-07-04,Term 2 2056,7,1,0,50,0.8482,42.29,44
2056-07-05,Term 2 2056,7,2,0,50,0.8542,42.57,43
2056-07-06,Term 2 2056,7,3,0,50,0.8551,42.57,43
2056-07-07,Term 2 2056,7,4,0,50,0.8572,42.71,44
2056-07-10,Term 2 2056,8,0,0,50,0.8588,42.86,42
2056-07-11,Term 2 2056,8,1,0,50,0.8556,42.71,45
2056-07-12,Term 2 2056,8,2,0,50,0.8683,43.29,42
2056-07-13,Term 2 2056,8,3,0,50,0.8675,43.29,44
2056-07-14,Term 2 2056,8,4,0,50,0.8662,43.29,42
2056-07-17,Term 2 2056,9,0,0,50,0.8651,43.14,41
2056-07-18,Term 2 2056,9,1,0,50,0.8601,42.86,43
2056-07-19,Term 2 2056,9,2,0,50,0.8592,42.71,44
2056-07-20,Term 2 2056,9,3,0,50,0.866,43.0,43
2056-07-21,Term 2 2056,9,4,0,50,0.8603,42.71,41
2056-07-24,Term 2 2056,10,0,0,50,0.8583,42.57,40
2056-07-25,Term 2 2056,10,1,0,50,0.8459,42.0,46
2056-07-26,Term 2 2056,10,2,0,50,0.8547,42.57,43
2056-07-27,Term 2 2056,10,3,0,50,0.8584,42.86,43
2056-07-28,Term 2 2056,10,4,0,50,0.8584,42.86,40
2056-07-31,Term 2 2056,11,0,0,50,0.8468,42.29,41
2056-08-01,Term 2 2056,11,1,0,50,0.8415,42.0,42
2056-08-02,Term 2 2056,11,2,0,50,0.8442,42.14,44
2056-08-03,Term 2 2056,11,3,0,50,0.8571,42.71,43
2056-08-04,Term 2 2056,11,4,0,50,0.8487,42.29,40
2056-08-07,Term 2 2056,12,0,1,50,0.8423,41.86,35
2056-08-08,Term 2 2056,12,1,1,50,0.8195,40.71,37
2056-08-09,Term 2 2056,12,2,1,50,0.8087,40.29,39
2056-08-10,Term 2 2056,12,3,1,50,0.8006,40.0,37
2056-08-11,Term 2 2056,12,4,1,50,0.7851,39.29,36
2056-08-14,Term 2 2056,13,0,1,50,0.7608,38.14,35
2056-08-15,Term 2 2056,13,1,1,50,0.7382,37.0,38
2056-08-16,Term 2 2056,13,2,1,50,0.7303,36.71,37
2056-08-17,Term 2 2056,13,3,1,50,0.7339,37.0,39
2056-08-18,Term 2 2056,13,4,1,50,0.7414,37.29,34
2056-09-04,Term 3 2056,1,0,0,50,0.7294,36.57,37
2056-09-05,Term 3 2056,1,1,0,50,0.7304,36.57,41
2056-09-06,Term 3 2056,1,2,0,50,0.7469,37.29,39
2056-09-07,Term 3 2056,1,3,0,50,0.7582,37.86,39
2056-09-08,Term 3 2056,1,4,0,50,0.7631,38.0,38
2056-09-11,Term 3 2056,2,0,0,50,0.766,38.14,41
2056-09-12,Term 3 2056,2,1,0,50,0.7708,38.43,45
2056-09-13,Term 3 2056,2,2,0,50,0.8023,40.0,43
2056-09-14,Term 3 2056,2,3,0,50,0.8182,40.86,43
2056-09-15,Term 3 2056,2,4,0,50,0.8222,41.14,40
2056-09-18,Term 3 2056,3,0,0,50,0.8265,41.29,41
2056-09-19,Term 3 2056,3,1,0,50,0.8313,41.57,45
2056-09-20,Term 3 2056,3,2,0,50,0.852,42.57,46
2056-09-21,Term 3 2056,3,3,0,50,0.8653,43.29,43
2056-09-22,Term 3 2056,3,4,0,50,0.8572,43.0,41
2056-09-25,Term 3 2056,4,0,0,50,0.8515,42.71,41
2056-09-26,Term 3 2056,4,1,0,50,0.8476,42.43,45
2056-09-27,Term 3 2056,4,2,0,50,0.8605,43.14,43
2056-09-28,Term 3 2056,4,3,0,50,0.8662,43.43,44
2056-09-29,Term 3 2056,4,4,0,50,0.8625,43.29,42
2056-10-02,Term 3 2056,5,0,0,50,0.8527,42.71,43
2056-10-03,Term 3 2056,5,1,0,50,0.8529,42.71,45
2056-10-04,Term 3 2056,5,2,0,50,0.8645,43.29,43
2056-10-05,Term 3 2056,5,3,0,50,0.8699,43.57,45
2056-10-06,Term 3 2056,5,4,0,50,0.871,43.57,44
2056-10-09,Term 3 2056,6,0,0,50,0.8724,43.71,42
2056-10-10,Term 3 2056,6,1,0,50,0.8661,43.43,46
2056-10-11,Term 3 2056,6,2,0,50,0.8761,44.0,45
2056-10-12,Term 3 2056,6,3,0,50,0.8837,44.29,44
2056-10-13,Term 3 2056,6,4,0,50,0.88,44.14,40
2056-10-16,Term 3 2056,7,0,0,50,0.8719,43.71,40
2056-10-17,Term 3 2056,7,1,0,50,0.8572,43.0,42
2056-10-18,Term 3 2056,7,2,0,50,0.8531,42.71,43
2056-10-19,Term 3 2056,7,3,0,50,0.8563,42.86,44
2056-10-20,Term 3 2056,7,4,0,50,0.8514,42.57,43
2056-10-23,Term 3 2056,8,0,0,50,0.8449,42.29,40
2056-10-24,Term 3 2056,8,1,0,50,0.836,41.71,45
2056-10-25,Term 3 2056,8,2,0,50,0.8482,42.43,43
2056-10-26,Term 3 2056,8,3,0,50,0.858,42.86,46
2056-10-27,Term 3 2056,8,4,0,50,0.8689,43.43,43
2056-10-30,Term 3 2056,9,0,0,50,0.8699,43.43,41
2056-10-31,Term 3 2056,9,1,0,50,0.862,43.0,43
2056-11-01,Term 3 2056,9,2,0,50,0.8622,43.0,44
2056-11-02,Term 3 2056,9,3,0,50,0.8722,43.57,45
2056-11-03,Term 3 2056,9,4,0,50,0.8732,43.57,41
2056-11-06,Term 3 2056,10,0,0,50,0.8664,43.29,40
2056-11-07,Term 3 2056,10,1,0,50,0.8498,42.43,44
2056-11-08,Term 3 2056,10,2,0,50,0.8529,42.57,43
2056-11-09,Term 3 2056,10,3,0,50,0.858,42.86,45
2056-11-10,Term 3 2056,10,4,0,50,0.8634,43.14,43
2056-11-13,Term 3 2056,11,0,0,50,0.862,43.0,43
2056-11-14,Term 3 2056,11,1,0,50,0.8575,42.71,43
2056-11-15,Term 3 2056,11,2,0,50,0.8633,43.0,45
2056-11-16,Term 3 2056,11,3,0,50,0.878,43.71,43
2056-11-17,Term 3 2056,11,4,0,50,0.8745,43.57,43
2056-11-20,Term 3 2056,12,0,1,50,0.874,43.57,37
2056-11-21,Term 3 2056,12,1,1,50,0.8502,42.43,39
2056-11-22,Term 3 2056,12,2,1,50,0.8369,41.86,38
2056-11-23,Term 3 2056,12,3,1,50,0.8213,41.14,37
2056-11-24,Term 3 2056,12,4,1,50,0.8034,40.29,38
2056-11-27,Term 3 2056,13,0,1,50,0.7825,39.29,36
2056-11-28,Term 3 2056,13,1,1,50,0.7627,38.29,39
2056-11-29,Term 3 2056,13,2,1,50,0.7504,37.71,37
2056-11-30,Term 3 2056,13,3,1,50,0.751,37.71,37
2056-12-01,Term 3 2056,13,4,1,50,0.7445,37.43,34
2056-12-18,Term 1 2056,1,0,0,50,0.7334,36.86,39
2056-12-19,Term 1 2056,1,1,0,50,0.7413,37.14,42
2056-12-20,Term 1 2056,1,2,0,50,0.752,37.71,40
2056-12-21,Term 1 2056,1,3,0,50,0.7629,38.29,40
2056-12-22,Term 1 2056,1,4,0,50,0.7684,38.43,36
2056-12-25,Term 1 2056,2,0,0,50,0.7668,38.29,40
2056-12-26,Term 1 2056,2,1,0,50,0.7759,38.71,44
2056-12-27,Term 1 2056,2,2,0,50,0.803,40.14,43
2056-12-28,Term 1 2056,2,3,0,50,0.8137,40.71,45
2056-12-29,Term 1 2056,2,4,0,50,0.8218,41.14,41
2057-01-01,Term 1 2056,3,0,0,50,0.8253,41.29,41
2057-01-02,Term 1 2056,3,1,0,50,0.8264,41.43,44
2057-01-03,Term 1 2056,3,2,0,50,0.8479,42.57,44
2057-01-04,Term 1 2056,3,3,0,50,0.8603,43.14,45
2057-01-05,Term 1 2056,3,4,0,50,0.863,43.29,41
2057-01-08,Term 1 2056,4,0,0,50,0.8573,43.0,41
2057-01-09,Term 1 2056,4,1,0,50,0.846,42.43,43
2057-01-10,Term 1 2056,4,2,0,50,0.8522,42.71,43
2057-01-11,Term 1 2056,4,3,0,50,0.8596,43.0,44
2057-01-12,Term 1 2056,4,4,0,50,0.8589,43.0,41
2057-01-15,Term 1 2056,5,0,0,50,0.851,42.57,40
2057-01-16,Term 1 2056,5,1,0,50,0.837,41.86,42
2057-01-17,Term 1 2056,5,2,0,50,0.8397,42.0,42
2057-01-18,Term 1 2056,5,3,0,50,0.8444,42.14,45
2057-01-19,Term 1 2056,5,4,0,50,0.8497,42.43,41
2057-01-22,Term 1 2056,6,0,0,50,0.8424,42.14,41
2057-01-23,Term 1 2056,6,1,0,50,0.8359,41.71,46
2057-01-24,Term 1 2056,6,2,0,50,0.8483,42.43,42
2057-01-25,Term 1 2056,6,3,0,50,0.8561,42.71,43
2057-01-26,Term 1 2056,6,4,0,50,0.8577,42.86,44
2057-01-29,Term 1 2056,7,0,0,50,0.8623,43.14,41
2057-01-30,Term 1 2056,7,1,0,50,0.8508,42.57,43
2057-01-31,Term 1 2056,7,2,0,50,0.8575,42.86,42
2057-02-01,Term 1 2056,7,3,0,50,0.8604,43.0,42
2057-02-02,Term 1 2056,7,4,0,50,0.8502,42.43,42
2057-02-05,Term 1 2056,8,0,0,50,0.8496,42.43,43
2057-02-06,Term 1 2056,8,1,0,50,0.8502,42.43,43
2057-02-07,Term 1 2056,8,2,0,50,0.8488,42.29,45
2057-02-08,Term 1 2056,8,3,0,50,0.8603,42.86,43
2057-02-09,Term 1 2056,8,4,0,50,0.861,42.86,43
2057-02-12,Term 1 2056,9,0,0,50,0.863,43.0,42
2057-02-13,Term 1 2056,9,1,0,50,0.8618,43.0,43
2057-02-14,Term 1 2056,9,2,0,50,0.8654,43.14,45
2057-02-15,Term 1 2056,9,3,0,50,0.8701,43.43,43
2057-02-16,Term 1 2056,9,4,0,50,0.8688,43.43,42
2057-02-19,Term 1 2056,10,0,0,50,0.859,43.0,43
2057-02-20,Term 1 2056,10,1,0,50,0.8578,43.0,43
2057-02-21,Term 1 2056,10,2,0,50,0.8561,43.0,45
2057-02-22,Term 1 2056,10,3,0,50,0.8657,43.43,42
2057-02-23,Term 1 2056,10,4,0,50,0.8628,43.29,42
2057-02-26,Term 1 2056,11,0,0,50,0.8564,42.86,43
2057-02-27,Term 1 2056,11,1,0,50,0.8573,42.86,45
2057-02-28,Term 1 2056,11,2,0,50,0.8661,43.29,43
2057-03-01,Term 1 2056,11,3,0,50,0.8653,43.29,45
2057-03-02,Term 1 2056,11,4,0,50,0.8718,43.57,44
2057-03-05,Term 1 2056,12,0,1,50,0.8682,43.43,34
2057-03-06,Term 1 2056,12,1,1,50,0.8434,42.29,38
2057-03-07,Term 1 2056,12,2,1,50,0.8315,41.71,37
2057-03-08,Term 1 2056,12,3,1,50,0.815,40.86,39
2057-03-09,Term 1 2056,12,4,1,50,0.7987,40.0,38
2057-03-12,Term 1 2056,13,0,1,50,0.785,39.29,34
2057-03-13,Term 1 2056,13,1,1,50,0.7549,37.71,39
2057-03-14,Term 1 2056,13,2,1,50,0.7412,37.0,36
2057-03-15,Term 1 2056,13,3,1,50,0.748,37.29,37
2057-03-16,Term 1 2056,13,4,1,50,0.7439,37.14,36
2057-04-02,Term 2 2057,1,0,0,50,0.7406,37.0,37
2057-04-03,Term 2 2057,1,1,0,50,0.7337,36.71,42
2057-04-04,Term 2 2057,1,2,0,50,0.7439,37.29,41
2057-04-05,Term 2 2057,1,3,0,50,0.7642,38.29,42
2057-04-06,Term 2 2057,1,4,0,50,0.772,38.71,40
2057-04-09,Term 2 2057,2,0,0,50,0.7826,39.29,43
2057-04-10,Term 2 2057,2,1,0,50,0.8007,40.14,44
2057-04-11,Term 2 2057,2,2,0,50,0.8224,41.29,45
2057-04-12,Term 2 2057,2,3,0,50,0.8463,42.43,46
2057-04-13,Term 2 2057,2,4,0,50,0.8581,43.0,40
2057-04-16,Term 2 2057,3,0,0,50,0.8548,42.86,41
2057-04-17,Term 2 2057,3,1,0,50,0.8535,42.71,46
2057-04-18,Term 2 2057,3,2,0,50,0.8702,43.57,44
2057-04-19,Term 2 2057,3,3,0,50,0.8728,43.71,42
2057-04-20,Term 2 2057,3,4,0,50,0.868,43.43,42
2057-04-23,Term 2 2057,4,0,0,50,0.8609,43.0,42
2057-04-24,Term 2 2057,4,1,0,50,0.8513,42.43,43
2057-04-25,Term 2 2057,4,2,0,50,0.8577,42.86,42
2057-04-26,Term 2 2057,4,3,0,50,0.8606,43.0,44
2057-04-27,Term 2 2057,4,4,0,50,0.8564,42.71,43
2057-04-30,Term 2 2057,5,0,0,50,0.854,42.57,42
2057-05-01,Term 2 2057,5,1,0,50,0.8546,42.57,45
2057-05-02,Term 2 2057,5,2,0,50,0.8619,43.0,44
2057-05-03,Term 2 2057,5,3,0,50,0.8656,43.29,45
2057-05-04,Term 2 2057,5,4,0,50,0.872,43.57,43
2057-05-07,Term 2 2057,6,0,0,50,0.8757,43.71,43
2057-05-08,Term 2 2057,6,1,0,50,0.8732,43.57,43
2057-05-09,Term 2 2057,6,2,0,50,0.8717,43.57,45
2057-05-10,Term 2 2057,6,3,0,50,0.8795,44.0,44
2057-05-11,Term 2 2057,6,4,0,50,0.8754,43.86,43
2057-05-14,Term 2 2057,7,0,0,50,0.8741,43.71,41
2057-05-15,Term 2 2057,7,1,0,50,0.8637,43.14,43
2057-05-16,Term 2 2057,7,2,0,50,0.8625,43.14,43
2057-05-17,Term 2 2057,7,3,0,50,0.8607,43.14,43
2057-05-18,Term 2 2057,7,4,0,50,0.8606,43.14,41
2057-05-21,Term 2 2057,8,0,0,50,0.8488,42.57,42
2057-05-22,Term 2 2057,8,1,0,50,0.8452,42.29,46
2057-05-23,Term 2 2057,8,2,0,50,0.8521,42.71,45
2057-05-24,Term 2 2057,8,3,0,50,0.8637,43.29,44
2057-05-25,Term 2 2057,8,4,0,50,0.8658,43.43,43
2057-05-28,Term 2 2057,9,0,0,50,0.8661,43.43,42
2057-05-29,Term 2 2057,9,1,0,50,0.8631,43.29,43
2057-05-30,Term 2 2057,9,2,0,50,0.8698,43.57,43
2057-05-31,Term 2 2057,9,3,0,50,0.8715,43.71,45
2057-06-01,Term 2 2057,9,4,0,50,0.8696,43.57,42
2057-06-04,Term 2 2057,10,0,0,50,0.8611,43.14,40
2057-06-05,Term 2 2057,10,1,0,50,0.8507,42.57,42
2057-06-06,Term 2 2057,10,2,0,50,0.8489,42.43,43
2057-06-07,Term 2 2057,10,3,0,50,0.8527,42.57,42
2057-06-08,Term 2 2057,10,4,0,50,0.8497,42.43,41
2057-06-11,Term 2 2057,11,0,0,50,0.8432,42.14,43
2057-06-12,Term 2 2057,11,1,0,50,0.838,41.86,46
2057-06-13,Term 2 2057,11,2,0,50,0.848,42.43,43
2057-06-14,Term 2 2057,11,3,0,50,0.8563,42.86,45
2057-06-15,Term 2 2057,11,4,0,50,0.8648,43.29,43
2057-06-18,Term 2 2057,12,0,1,50,0.8637,43.29,34
2057-06-19,Term 2 2057,12,1,1,50,0.8418,42.14,39
2057-06-20,Term 2 2057,12,2,1,50,0.8381,41.86,38
2057-06-21,Term 2 2057,12,3,1,50,0.8241,41.14,36
2057-06-22,Term 2 2057,12,4,1,50,0.7964,39.71,35
2057-06-25,Term 2 2057,13,0,1,50,0.7744,38.57,36
2057-06-26,Term 2 2057,13,1,1,50,0.748,37.29,37
2057-06-27,Term 2 2057,13,2,1,50,0.7335,36.43,36
2057-06-28,Term 2 2057,13,3,1,50,0.7387,36.71,39
2057-06-29,Term 2 2057,13,4,1,50,0.7374,36.71,36
2057-07-16,Term 3 2057,1,0,0,50,0.7318,36.43,38
2057-07-17,Term 3 2057,1,1,0,50,0.7386,36.71,40
2057-07-18,Term 3 2057,1,2,0,50,0.7508,37.43,40
2057-07-19,Term 3 2057,1,3,0,50,0.7637,38.0,39
2057-07-20,Term 3 2057,1,4,0,50,0.7689,38.29,36
2057-07-23,Term 3 2057,2,0,0,50,0.7686,38.29,43
2057-07-24,Term 3 2057,2,1,0,50,0.7799,38.86,45
2057-07-25,Term 3 2057,2,2,0,50,0.8059,40.14,43
2057-07-26,Term 3 2057,2,3,0,50,0.8187,40.86,46
2057-07-27,Term 3 2057,2,4,0,50,0.8365,41.71,41
2057-07-30,Term 3 2057,3,0,0,50,0.8372,41.86,43
2057-07-31,Term 3 2057,3,1,0,50,0.8489,42.43,44
2057-08-01,Term 3 2057,3,2,0,50,0.8715,43.57,46
2057-08-02,Term 3 2057,3,3,0,50,0.8805,44.0,45
2057-08-03,Term 3 2057,3,4,0,50,0.88,44.0,43
2057-08-06,Term 3 2057,4,0,0,50,0.8807,44.0,40
2057-08-07,Term 3 2057,4,1,0,50,0.8638,43.14,45
2057-08-08,Term 3 2057,4,2,0,50,0.876,43.71,44
2057-08-09,Term 3 2057,4,3,0,50,0.8764,43.86,45
2057-08-10,Term 3 2057,4,4,0,50,0.8777,44.0,43
2057-08-13,Term 3 2057,5,0,0,50,0.8708,43.57,42
2057-08-14,Term 3 2057,5,1,0,50,0.862,43.14,44
2057-08-15,Term 3 2057,5,2,0,50,0.8651,43.29,45
2057-08-16,Term 3 2057,5,3,0,50,0.8803,44.0,43
2057-08-17,Term 3 2057,5,4,0,50,0.8743,43.71,41
2057-08-20,Term 3 2057,6,0,0,50,0.8673,43.29,42
2057-08-21,Term 3 2057,6,1,0,50,0.8593,42.86,45
2057-08-22,Term 3 2057,6,2,0,50,0.8643,43.14,45
2057-08-23,Term 3 2057,6,3,0,50,0.8728,43.57,43
2057-08-24,Term 3 2057,6,4,0,50,0.8683,43.43,41
2057-08-27,Term 3 2057,7,0,0,50,0.8559,42.86,42
2057-08-28,Term 3 2057,7,1,0,50,0.8546,42.71,43
2057-08-29,Term 3 2057,7,2,0,50,0.8614,43.0,46
2057-08-30,Term 3 2057,7,3,0,50,0.8722,43.57,42
2057-08-31,Term 3 2057,7,4,0,50,0.8641,43.14,41
2057-09-03,Term 3 2057,8,0,0,50,0.8518,42.57,40
2057-09-04,Term 3 2057,8,1,0,50,0.845,42.14,45
2057-09-05,Term 3 2057,8,2,0,50,0.8579,42.71,43
2057-09-06,Term 3 2057,8,3,0,50,0.8589,42.86,44
2057-09-07,Term 3 2057,8,4,0,50,0.8603,43.0,43
2057-09-10,Term 3 2057,9,0,0,50,0.8526,42.57,42
2057-09-11,Term 3 2057,9,1,0,50,0.8518,42.57,42
2057-09-12,Term 3 2057,9,2,0,50,0.8557,42.71,43
2057-09-13,Term 3 2057,9,3,0,50,0.8626,43.14,43
2057-09-14,Term 3 2057,9,4,0,50,0.8548,42.86,42
2057-09-17,Term 3 2057,10,0,0,50,0.8514,42.71,42
2057-09-18,Term 3 2057,10,1,0,50,0.8456,42.43,42
2057-09-19,Term 3 2057,10,2,0,50,0.8438,42.29,42
2057-09-20,Term 3 2057,10,3,0,50,0.8443,42.29,43
2057-09-21,Term 3 2057,10,4,0,50,0.8469,42.43,44
2057-09-24,Term 3 2057,11,0,0,50,0.8497,42.57,43
2057-09-25,Term 3 2057,11,1,0,50,0.8516,42.57,42
2057-09-26,Term 3 2057,11,2,0,50,0.854,42.57,44
2057-09-27,Term 3 2057,11,3,0,50,0.8602,42.86,45
2057-09-28,Term 3 2057,11,4,0,50,0.8677,43.29,43
2057-10-01,Term 3 2057,12,0,1,50,0.8704,43.43,36
2057-10-02,Term 3 2057,12,1,1,50,0.8502,42.43,38
2057-10-03,Term 3 2057,12,2,1,50,0.8327,41.57,36
2057-10-04,Term 3 2057,12,3,1,50,0.8119,40.57,39
2057-10-05,Term 3 2057,12,4,1,50,0.803,40.14,37
2057-10-08,Term 3 2057,13,0,1,50,0.7829,39.14,36
2057-10-09,Term 3 2057,13,1,1,50,0.7577,37.86,36
2057-10-10,Term 3 2057,13,2,1,50,0.7375,36.86,37
2057-10-11,Term 3 2057,13,3,1,50,0.7406,37.0,36
2057-10-12,Term 3 2057,13,4,1,50,0.7372,36.71,35
2057-10-29,Term 1 2057,1,0,0,50,0.7329,36.57,38
2057-10-30,Term 1 2057,1,1,0,50,0.7292,36.43,38
2057-10-31,Term 1 2057,1,2,0,50,0.7321,36.57,42
2057-11-01,Term 1 2057,1,3,0,50,0.7486,37.43,42
2057-11-02,Term 1 2057,1,4,0,50,0.7647,38.29,36
2057-11-05,Term 1 2057,2,0,0,50,0.7631,38.14,42
2057-11-06,Term 1 2057,2,1,0,50,0.7806,39.0,43
2057-11-07,Term 1 2057,2,2,0,50,0.8057,40.14,45
2057-11-08,Term 1 2057,2,3,0,50,0.8252,41.14,43
2057-11-09,Term 1 2057,2,4,0,50,0.8387,41.86,42
2057-11-12,Term 1 2057,3,0,0,50,0.8389,41.86,42
2057-11-13,Term 1 2057,3,1,0,50,0.8387,41.86,44
2057-11-14,Term 1 2057,3,2,0,50,0.8597,43.0,43
2057-11-15,Term 1 2057,3,3,0,50,0.8603,43.14,43
2057-11-16,Term 1 2057,3,4,0,50,0.8602,43.14,41
2057-11-19,Term 1 2057,4,0,0,50,0.8482,42.57,40
2057-11-20,Term 1 2057,4,1,0,50,0.8393,42.14,45
2057-11-21,Term 1 2057,4,2,0,50,0.8475,42.57,45
2057-11-22,Term 1 2057,4,3,0,50,0.8554,43.0,42
2057-11-23,Term 1 2057,4,4,0,50,0.8517,42.71,43
2057-11-26,Term 1 2057,5,0,0,50,0.8535,42.71,40
2057-11-27,Term 1 2057,5,1,0,50,0.8438,42.29,43
2057-11-28,Term 1 2057,5,2,0,50,0.8511,42.57,44
2057-11-29,Term 1 2057,5,3,0,50,0.8635,43.14,45
2057-11-30,Term 1 2057,5,4,0,50,0.8651,43.14,41
2057-12-03,Term 1 2057,6,0,0,50,0.8538,42.57,43
2057-12-04,Term 1 2057,6,1,0,50,0.8557,42.71,42
2057-12-05,Term 1 2057,6,2,0,50,0.8523,42.57,44
2057-12-06,Term 1 2057,6,3,0,50,0.8631,43.14,43
2057-12-07,Term 1 2057,6,4,0,50,0.8614,43.14,43
2057-12-10,Term 1 2057,7,0,0,50,0.8574,43.0,40
2057-12-11,Term 1 2057,7,1,0,50,0.8432,42.29,46
2057-12-12,Term 1 2057,7,2,0,50,0.8574,43.0,44
2057-12-13,Term 1 2057,7,3,0,50,0.8585,43.14,46
2057-12-14,Term 1 2057,7,4,0,50,0.8683,43.71,43
2057-12-17,Term 1 2057,8,0,0,50,0.8671,43.57,40
2057-12-18,Term 1 2057,8,1,0,50,0.8596,43.14,43
2057-12-19,Term 1 2057,8,2,0,50,0.8598,43.14,42
2057-12-20,Term 1 2057,8,3,0,50,0.8656,43.43,42
2057-12-21,Term 1 2057,8,4,0,50,0.8567,42.86,44
2057-12-24,Term 1 2057,9,0,0,50,0.8575,42.86,41
2057-12-25,Term 1 2057,9,1,0,50,0.8443,42.14,44
2057-12-26,Term 1 2057,9,2,0,50,0.8477,42.29,42
2057-12-27,Term 1 2057,9,3,0,50,0.8549,42.57,46
2057-12-28,Term 1 2057,9,4,0,50,0.8635,43.0,44
2057-12-31,Term 1 2057,10,0,0,50,0.8671,43.29,43
2058-01-01,Term 1 2057,10,1,0,50,0.869,43.43,44
2058-01-02,Term 1 2057,10,2,0,50,0.8707,43.43,43
2058-01-03,Term 1 2057,10,3,0,50,0.8758,43.71,44
2058-01-04,Term 1 2057,10,4,0,50,0.8748,43.71,42
2058-01-07,Term 1 2057,11,0,0,50,0.8746,43.71,42
2058-01-08,Term 1 2057,11,1,0,50,0.8647,43.14,43
2058-01-09,Term 1 2057,11,2,0,50,0.8616,43.0,45
2058-01-10,Term 1 2057,11,3,0,50,0.8661,43.29,43
2058-01-11,Term 1 2057,11,4,0,50,0.8626,43.14,43
2058-01-14,Term 1 2057,12,0,1,50,0.8642,43.14,35
2058-01-15,Term 1 2057,12,1,1,50,0.8379,41.86,36
2058-01-16,Term 1 2057,12,2,1,50,0.8208,41.0,40
2058-01-17,Term 1 2057,12,3,1,50,0.8135,40.71,39
2058-01-18,Term 1 2057,12,4,1,50,0.8022,40.14,38
2058-01-21,Term 1 2057,13,0,1,50,0.7824,39.14,37
2058-01-22,Term 1 2057,13,1,1,50,0.7639,38.29,39
2058-01-23,Term 1 2057,13,2,1,50,0.7513,37.71,36
2058-01-24,Term 1 2057,13,3,1,50,0.7553,37.86,36
2058-01-25,Term 1 2057,13,4,1,50,0.7541,37.86,38
2058-02-11,Term 2 2058,1,0,0,50,0.7486,37.57,36
2058-02-12,Term 2 2058,1,1,0,50,0.7413,37.14,41
2058-02-13,Term 2 2058,1,2,0,50,0.7496,37.57,39
2058-02-14,Term 2 2058,1,3,0,50,0.7568,37.86,40
2058-02-15,Term 2 2058,1,4,0,50,0.7589,38.0,39
2058-02-18,Term 2 2058,2,0,0,50,0.7662,38.43,43
2058-02-19,Term 2 2058,2,1,0,50,0.7852,39.43,44
2058-02-20,Term 2 2058,2,2,0,50,0.8029,40.29,42
2058-02-21,Term 2 2058,2,3,0,50,0.8205,41.14,44
2058-02-22,Term 2 2058,2,4,0,50,0.831,41.57,44
2058-02-25,Term 2 2058,3,0,0,50,0.8441,42.29,41
2058-02-26,Term 2 2058,3,1,0,50,0.8471,42.43,42
2058-02-27,Term 2 2058,3,2,0,50,0.857,42.86,46
2058-02-28,Term 2 2058,3,3,0,50,0.8665,43.29,43
2058-03-01,Term 2 2058,3,4,0,50,0.8631,43.14,42
2058-03-04,Term 2 2058,4,0,0,50,0.8611,43.14,41
2058-03-05,Term 2 2058,4,1,0,50,0.851,42.71,44
2058-03-06,Term 2 2058,4,2,0,50,0.8505,42.71,45
2058-03-07,Term 2 2058,4,3,0,50,0.8624,43.29,44
2058-03-08,Term 2 2058,4,4,0,50,0.8661,43.57,43
2058-03-11,Term 2 2058,5,0,0,50,0.8581,43.14,41
2058-03-12,Term 2 2058,5,1,0,50,0.8527,42.86,45
2058-03-13,Term 2 2058,5,2,0,50,0.8632,43.29,45
2058-03-14,Term 2 2058,5,3,0,50,0.8742,43.86,43
2058-03-15,Term 2 2058,5,4,0,50,0.8721,43.71,42
2058-03-18,Term 2 2058,6,0,0,50,0.8633,43.29,41
2058-03-19,Term 2 2058,6,1,0,50,0.8571,42.86,44
2058-03-20,Term 2 2058,6,2,0,50,0.8598,43.0,44
2058-03-21,Term 2 2058,6,3,0,50,0.8693,43.43,45
2058-03-22,Term 2 2058,6,4,0,50,0.8695,43.43,42
2058-03-25,Term 2 2058,7,0,0,50,0.8607,43.0,42
2058-03-26,Term 2 2058,7,1,0,50,0.8574,42.86,44
2058-03-27,Term 2 2058,7,2,0,50,0.8631,43.14,44
2058-03-28,Term 2 2058,7,3,0,50,0.8712,43.57,45
2058-03-29,Term 2 2058,7,4,0,50,0.873,43.71,43
2058-04-01,Term 2 2058,8,0,0,50,0.8698,43.57,42
2058-04-02,Term 2 2058,8,1,0,50,0.8613,43.14,43
2058-04-03,Term 2 2058,8,2,0,50,0.8653,43.29,42
2058-04-04,Term 2 2058,8,3,0,50,0.8658,43.29,46
2058-04-05,Term 2 2058,8,4,0,50,0.8723,43.57,40
2058-04-08,Term 2 2058,9,0,0,50,0.8602,43.0,42
2058-04-09,Term 2 2058,9,1,0,50,0.8515,42.57,46
2058-04-10,Term 2 2058,9,2,0,50,0.8596,43.0,46
2058-04-11,Term 2 2058,9,3,0,50,0.8693,43.57,42
2058-04-12,Term 2 2058,9,4,0,50,0.8673,43.43,41
2058-04-15,Term 2 2058,10,0,0,50,0.8655,43.29,43
2058-04-16,Term 2 2058,10,1,0,50,0.8567,42.86,45
2058-04-17,Term 2 2058,10,2,0,50,0.8721,43.57,45
2058-04-18,Term 2 2058,10,3,0,50,0.8822,44.0,43
2058-04-19,Term 2 2058,10,4,0,50,0.8747,43.57,41
2058-04-22,Term 2 2058,11,0,0,50,0.8601,42.86,43
2058-04-23,Term 2 2058,11,1,0,50,0.862,43.0,46
2058-04-24,Term 2 2058,11,2,0,50,0.8748,43.71,46
2058-04-25,Term 2 2058,11,3,0,50,0.8827,44.14,43
2058-04-26,Term 2 2058,11,4,0,50,0.8756,43.86,43
2058-04-29,Term 2 2058,12,0,1,50,0.87,43.57,34
2058-04-30,Term 2 2058,12,1,1,50,0.8429,42.29,37
2058-05-01,Term 2 2058,12,2,1,50,0.8314,41.71,40
2058-05-02,Term 2 2058,12,3,1,50,0.8227,41.29,39
2058-05-03,Term 2 2058,12,4,1,50,0.8025,40.29,36
2058-05-06,Term 2 2058,13,0,1,50,0.7735,38.86,34
2058-05-07,Term 2 2058,13,1,1,50,0.7468,37.57,40
2058-05-08,Term 2 2058,13,2,1,50,0.7369,37.14,37
2058-05-09,Term 2 2058,13,3,1,50,0.7476,37.57,39
2058-05-10,Term 2 2058,13,4,1,50,0.7541,37.86,37
2058-05-27,Term 3 2058,1,0,0,50,0.7449,37.43,36
2058-05-28,Term 3 2058,1,1,0,50,0.7363,37.0,41
2058-05-29,Term 3 2058,1,2,0,50,0.753,37.71,41
2058-05-30,Term 3 2058,1,3,0,50,0.7755,38.71,38
2058-05-31,Term 3 2058,1,4,0,50,0.7705,38.43,37
2058-06-03,Term 3 2058,2,0,0,50,0.7705,38.43,40
2058-06-04,Term 3 2058,2,1,0,50,0.7733,38.57,42
2058-06-05,Term 3 2058,2,2,0,50,0.7895,39.29,44
2058-06-06,Term 3 2058,2,3,0,50,0.8137,40.43,45
2058-06-07,Term 3 2058,2,4,0,50,0.8249,41.0,41
2058-06-10,Term 3 2058,3,0,0,50,0.8224,41.0,40
2058-06-11,Term 3 2058,3,1,0,50,0.8284,41.29,45
2058-06-12,Term 3 2058,3,2,0,50,0.8499,42.43,45
2058-06-13,Term 3 2058,3,3,0,50,0.8647,43.14,45
2058-06-14,Term 3 2058,3,4,0,50,0.8718,43.57,41
2058-06-17,Term 3 2058,4,0,0,50,0.863,43.14,41
2058-06-18,Term 3 2058,4,1,0,50,0.8512,42.57,43
2058-06-19,Term 3 2058,4,2,0,50,0.8591,42.86,45
2058-06-20,Term 3 2058,4,3,0,50,0.8731,43.57,45
2058-06-21,Term 3 2058,4,4,0,50,0.8725,43.57,41
2058-06-24,Term 3 2058,5,0,0,50,0.8615,43.0,40
2058-06-25,Term 3 2058,5,1,0,50,0.8482,42.29,46
2058-06-26,Term 3 2058,5,2,0,50,0.8606,43.0,42
2058-06-27,Term 3 2058,5,3,0,50,0.8634,43.14,45
2058-06-28,Term 3 2058,5,4,0,50,0.8681,43.43,42
2058-07-01,Term 3 2058,6,0,0,50,0.8592,43.0,40
2058-07-02,Term 3 2058,6,1,0,50,0.8443,42.29,45
2058-07-03,Term 3 2058,6,2,0,50,0.8562,42.86,45
2058-07-04,Term 3 2058,6,3,0,50,0.8693,43.57,46
2058-07-05,Term 3 2058,6,4,0,50,0.8693,43.57,42
2058-07-08,Term 3 2058,7,0,0,50,0.8695,43.57,43
2058-07-09,Term 3 2058,7,1,0,50,0.8633,43.29,46
2058-07-10,Term 3 2058,7,2,0,50,0.8737,43.86,44
2058-07-11,Term 3 2058,7,3,0,50,0.8865,44.43,45
2058-07-12,Term 3 2058,7,4,0,50,0.8851,44.43,42
2058-07-15,Term 3 2058,8,0,0,50,0.8764,44.0,40
2058-07-16,Term 3 2058,8,1,0,50,0.8611,43.14,46
2058-07-17,Term 3 2058,8,2,0,50,0.8716,43.71,44
2058-07-18,Term 3 2058,8,3,0,50,0.8752,43.86,46
2058-07-19,Term 3 2058,8,4,0,50,0.8758,43.86,41
2058-07-22,Term 3 2058,9,0,0,50,0.8658,43.43,40
2058-07-23,Term 3 2058,9,1,0,50,0.853,42.71,44
2058-07-24,Term 3 2058,9,2,0,50,0.8609,43.0,43
2058-07-25,Term 3 2058,9,3,0,50,0.8688,43.43,43
2058-07-26,Term 3 2058,9,4,0,50,0.8598,43.0,43
2058-07-29,Term 3 2058,10,0,0,50,0.8566,42.86,42
2058-07-30,Term 3 2058,10,1,0,50,0.8447,42.29,45
2058-07-31,Term 3 2058,10,2,0,50,0.8586,42.86,45
2058-08-01,Term 3 2058,10,3,0,50,0.8727,43.57,44
2058-08-02,Term 3 2058,10,4,0,50,0.871,43.57,41
2058-08-05,Term 3 2058,11,0,0,50,0.8663,43.29,42
2058-08-06,Term 3 2058,11,1,0,50,0.8644,43.14,45
2058-08-07,Term 3 2058,11,2,0,50,0.8711,43.43,43
2058-08-08,Term 3 2058,11,3,0,50,0.8737,43.57,45
2058-08-09,Term 3 2058,11,4,0,50,0.8733,43.57,43
2058-08-12,Term 3 2058,12,0,1,50,0.8656,43.29,34
2058-08-13,Term 3 2058,12,1,1,50,0.8382,41.86,36
2058-08-14,Term 3 2058,12,2,1,50,0.8244,41.14,36
2058-08-15,Term 3 2058,12,3,1,50,0.808,40.29,38
2058-08-16,Term 3 2058,12,4,1,50,0.7883,39.29,37
2058-08-19,Term 3 2058,13,0,1,50,0.7732,38.43,34
2058-08-20,Term 3 2058,13,1,1,50,0.7401,36.86,37
2058-08-21,Term 3 2058,13,2,1,50,0.7245,36.0,38
2058-08-22,Term 3 2058,13,3,1,50,0.7356,36.57,36
2058-08-23,Term 3 2058,13,4,1,50,0.7351,36.57,36
2058-09-09,Term 1 2058,1,0,0,50,0.7353,36.57,39
2058-09-10,Term 1 2058,1,1,0,50,0.7356,36.71,39
2058-09-11,Term 1 2058,1,2,0,50,0.7409,37.0,40
2058-09-12,Term 1 2058,1,3,0,50,0.7597,37.86,41
2058-09-13,Term 1 2058,1,4,0,50,0.7695,38.43,36
2058-09-16,Term 1 2058,2,0,0,50,0.7637,38.14,41
2058-09-17,Term 1 2058,2,1,0,50,0.776,38.86,46
2058-09-18,Term 1 2058,2,2,0,50,0.8032,40.29,44
2058-09-19,Term 1 2058,2,3,0,50,0.8196,41.0,44
2058-09-20,Term 1 2058,2,4,0,50,0.834,41.71,43
2058-09-23,Term 1 2058,3,0,0,50,0.8424,42.14,40
2058-09-24,Term 1 2058,3,1,0,50,0.8399,42.0,43
2058-09-25,Term 1 2058,3,2,0,50,0.8603,43.0,46
2058-09-26,Term 1 2058,3,3,0,50,0.8751,43.71,42
2058-09-27,Term 1 2058,3,4,0,50,0.8641,43.14,41
2058-09-30,Term 1 2058,4,0,0,50,0.856,42.71,41
2058-10-01,Term 1 2058,4,1,0,50,0.8456,42.29,44
2058-10-02,Term 1 2058,4,2,0,50,0.8469,42.43,43
2058-10-03,Term 1 2058,4,3,0,50,0.8557,42.86,45
2058-10-04,Term 1 2058,4,4,0,50,0.8607,43.14,43
2058-10-07,Term 1 2058,5,0,0,50,0.8525,42.71,43
2058-10-08,Term 1 2058,5,1,0,50,0.8564,42.86,45
2058-10-09,Term 1 2058,5,2,0,50,0.8661,43.43,42
2058-10-10,Term 1 2058,5,3,0,50,0.8711,43.57,44
2058-10-11,Term 1 2058,5,4,0,50,0.8712,43.57,43
2058-10-14,Term 1 2058,6,0,0,50,0.8717,43.57,40
2058-10-15,Term 1 2058,6,1,0,50,0.8571,42.86,45
2058-10-16,Term 1 2058,6,2,0,50,0.8638,43.14,43
2058-10-17,Term 1 2058,6,3,0,50,0.8615,43.14,44
2058-10-18,Term 1 2058,6,4,0,50,0.8602,43.0,42
2058-10-21,Term 1 2058,7,0,0,50,0.8577,43.0,42
2058-10-22,Term 1 2058,7,1,0,50,0.8526,42.71,45
2058-10-23,Term 1 2058,7,2,0,50,0.8596,43.0,43
2058-10-24,Term 1 2058,7,3,0,50,0.8689,43.43,43
2058-10-25,Term 1 2058,7,4,0,50,0.8614,43.14,42
2058-10-28,Term 1 2058,8,0,0,50,0.8593,43.0,43
2058-10-29,Term 1 2058,8,1,0,50,0.8555,42.86,42
2058-10-30,Term 1 2058,8,2,0,50,0.858,42.86,45
2058-10-31,Term 1 2058,8,3,0,50,0.8666,43.29,46
2058-11-01,Term 1 2058,8,4,0,50,0.867,43.43,43
2058-11-04,Term 1 2058,9,0,0,50,0.8672,43.43,42
2058-11-05,Term 1 2058,9,1,0,50,0.8658,43.29,45
2058-11-06,Term 1 2058,9,2,0,50,0.875,43.71,43
2058-11-07,Term 1 2058,9,3,0,50,0.8739,43.71,46
2058-11-08,Term 1 2058,9,4,0,50,0.8838,44.29,42
2058-11-11,Term 1 2058,10,0,0,50,0.8758,43.86,42
2058-11-12,Term 1 2058,10,1,0,50,0.8669,43.29,45
2058-11-13,Term 1 2058,10,2,0,50,0.8708,43.57,46
2058-11-14,Term 1 2058,10,3,0,50,0.8811,44.14,43
2058-11-15,Term 1 2058,10,4,0,50,0.8762,43.86,43
2058-11-18,Term 1 2058,11,0,0,50,0.8776,43.86,41
2058-11-19,Term 1 2058,11,1,0,50,0.8633,43.14,43
2058-11-20,Term 1 2058,11,2,0,50,0.8673,43.29,45
2058-11-21,Term 1 2058,11,3,0,50,0.8759,43.71,44
2058-11-22,Term 1 2058,11,4,0,50,0.8733,43.57,44
2058-11-25,Term 1 2058,12,0,1,50,0.8672,43.29,37
2058-11-26,Term 1 2058,12,1,1,50,0.8478,42.43,38
2058-11-27,Term 1 2058,12,2,1,50,0.8319,41.71,37
2058-11-28,Term 1 2058,12,3,1,50,0.8204,41.14,38
2058-11-29,Term 1 2058,12,4,1,50,0.8061,40.43,34
2058-12-02,Term 1 2058,13,0,1,50,0.7743,38.86,34
2058-12-03,Term 1 2058,13,1,1,50,0.7468,37.43,39
2058-12-04,Term 1 2058,13,2,1,50,0.7324,36.71,38
2058-12-05,Term 1 2058,13,3,1,50,0.7364,36.86,39
2058-12-06,Term 1 2058,13,4,1,50,0.7412,37.0,35
2058-12-23,Term 2 2058,1,0,0,50,0.7347,36.71,39
2058-12-24,Term 2 2058,1,1,0,50,0.7362,36.86,40
2058-12-25,Term 2 2058,1,2,0,50,0.7531,37.71,42
2058-12-26,Term 2 2058,1,3,0,50,0.7752,38.86,41
2058-12-27,Term 2 2058,1,4,0,50,0.7827,39.14,36
2058-12-30,Term 2 2058,2,0,0,50,0.778,38.86,40
2058-12-31,Term 2 2058,2,1,0,50,0.7799,39.0,43
2059-01-01,Term 2 2058,2,2,0,50,0.8047,40.14,46
2059-01-02,Term 2 2058,2,3,0,50,0.824,41.14,43
2059-01-03,Term 2 2058,2,4,0,50,0.831,41.57,41
2059-01-06,Term 2 2058,3,0,0,50,0.8289,41.43,41
2059-01-07,Term 2 2058,3,1,0,50,0.8284,41.43,42
2059-01-08,Term 2 2058,3,2,0,50,0.8455,42.29,43
2059-01-09,Term 2 2058,3,3,0,50,0.8537,42.71,45
2059-01-10,Term 2 2058,3,4,0,50,0.8589,43.0,41
2059-01-13,Term 2 2058,4,0,0,50,0.8455,42.29,41
2059-01-14,Term 2 2058,4,1,0,50,0.8419,42.0,43
2059-01-15,Term 2 2058,4,2,0,50,0.8473,42.29,46
2059-01-16,Term 2 2058,4,3,0,50,0.8603,43.0,45
2059-01-17,Term 2 2058,4,4,0,50,0.8667,43.43,41
2059-01-20,Term 2 2058,5,0,0,50,0.8606,43.14,40
2059-01-21,Term 2 2058,5,1,0,50,0.846,42.43,44
2059-01-22,Term 2 2058,5,2,0,50,0.8553,42.86,42
2059-01-23,Term 2 2058,5,3,0,50,0.8575,43.0,45
2059-01-24,Term 2 2058,5,4,0,50,0.8644,43.29,42
2059-01-27,Term 2 2058,6,0,0,50,0.8532,42.71,43
2059-01-28,Term 2 2058,6,1,0,50,0.8485,42.43,46
2059-01-29,Term 2 2058,6,2,0,50,0.8631,43.14,43
2059-01-30,Term 2 2058,6,3,0,50,0.8703,43.57,43
2059-01-31,Term 2 2058,6,4,0,50,0.8679,43.43,43
2059-02-03,Term 2 2058,7,0,0,50,0.8714,43.57,43
2059-02-04,Term 2 2058,7,1,0,50,0.8654,43.29,43
2059-02-05,Term 2 2058,7,2,0,50,0.8708,43.43,45
2059-02-06,Term 2 2058,7,3,0,50,0.8759,43.71,44
2059-02-07,Term 2 2058,7,4,0,50,0.8712,43.43,41
2059-02-10,Term 2 2058,8,0,0,50,0.867,43.14,43
2059-02-11,Term 2 2058,8,1,0,50,0.8657,43.14,45
2059-02-12,Term 2 2058,8,2,0,50,0.8695,43.43,44
2059-02-13,Term 2 2058,8,3,0,50,0.8729,43.57,45
2059-02-14,Term 2 2058,8,4,0,50,0.876,43.86,43
2059-02-17,Term 2 2058,9,0,0,50,0.8709,43.57,40
2059-02-18,Term 2 2058,9,1,0,50,0.8608,43.0,45
2059-02-19,Term 2 2058,9,2,0,50,0.8729,43.57,42
2059-02-20,Term 2 2058,9,3,0,50,0.8701,43.43,45
2059-02-21,Term 2 2058,9,4,0,50,0.8721,43.43,41
2059-02-24,Term 2 2058,10,0,0,50,0.8626,43.0,40
2059-02-25,Term 2 2058,10,1,0,50,0.8499,42.29,44
2059-02-26,Term 2 2058,10,2,0,50,0.8517,42.43,42
2059-02-27,Term 2 2058,10,3,0,50,0.8569,42.71,44
2059-02-28,Term 2 2058,10,4,0,50,0.8519,42.57,42
2059-03-03,Term 2 2058,11,0,0,50,0.8514,42.57,40
2059-03-04,Term 2 2058,11,1,0,50,0.8356,41.86,44
2059-03-05,Term 2 2058,11,2,0,50,0.8433,42.29,45
2059-03-06,Term 2 2058,11,3,0,50,0.856,43.0,46
2059-03-07,Term 2 2058,11,4,0,50,0.8617,43.29,42
2059-03-10,Term 2 2058,12,0,1,50,0.8605,43.29,34
2059-03-11,Term 2 2058,12,1,1,50,0.8328,41.86,39
2059-03-12,Term 2 2058,12,2,1,50,0.8244,41.43,40
2059-03-13,Term 2 2058,12,3,1,50,0.8238,41.43,40
2059-03-14,Term 2 2058,12,4,1,50,0.8119,40.86,37
2059-03-17,Term 2 2058,13,0,1,50,0.7905,39.71,34
2059-03-18,Term 2 2058,13,1,1,50,0.7582,38.0,37
2059-03-19,Term 2 2058,13,2,1,50,0.7452,37.29,37
2059-03-20,Term 2 2058,13,3,1,50,0.755,37.71,40
2059-03-21,Term 2 2058,13,4,1,50,0.758,37.86,36
2059-04-07,Term 3 2059,1,0,0,50,0.7474,37.29,38
2059-04-08,Term 3 2059,1,1,0,50,0.7434,37.0,40
2059-04-09,Term 3 2059,1,2,0,50,0.7515,37.43,39
2059-04-10,Term 3 2059,1,3,0,50,0.7653,38.14,38
2059-04-11,Term 3 2059,1,4,0,50,0.7677,38.29,37
2059-04-14,Term 3 2059,2,0,0,50,0.7658,38.29,41
2059-04-15,Term 3 2059,2,1,0,50,0.7698,38.43,45
2059-04-16,Term 3 2059,2,2,0,50,0.7944,39.71,43
2059-04-17,Term 3 2059,2,3,0,50,0.8086,40.43,42
2059-04-18,Term 3 2059,2,4,0,50,0.815,40.71,42
2059-04-21,Term 3 2059,3,0,0,50,0.8244,41.14,41
2059-04-22,Term 3 2059,3,1,0,50,0.8326,41.57,46
2059-04-23,Term 3 2059,3,2,0,50,0.8586,42.86,43
2059-04-24,Term 3 2059,3,3,0,50,0.8645,43.14,44
2059-04-25,Term 3 2059,3,4,0,50,0.8621,43.0,42
2059-04-28,Term 3 2059,4,0,0,50,0.8582,42.86,40
2059-04-29,Term 3 2059,4,1,0,50,0.8513,42.57,45
2059-04-30,Term 3 2059,4,2,0,50,0.86,43.0,46
2059-05-01,Term 3 2059,4,3,0,50,0.8737,43.71,45
2059-05-02,Term 3 2059,4,4,0,50,0.8708,43.57,41
2059-05-05,Term 3 2059,5,0,0,50,0.8641,43.29,42
2059-05-06,Term 3 2059,5,1,0,50,0.8593,43.0,42
2059-05-07,Term 3 2059,5,2,0,50,0.8605,43.0,42
2059-05-08,Term 3 2059,5,3,0,50,0.8679,43.29,44
2059-05-09,Term 3 2059,5,4,0,50,0.8626,43.14,41
2059-05-12,Term 3 2059,6,0,0,50,0.8494,42.43,42
2059-05-13,Term 3 2059,6,1,0,50,0.8426,42.0,45
2059-05-14,Term 3 2059,6,2,0,50,0.8552,42.57,44
2059-05-15,Term 3 2059,6,3,0,50,0.861,42.86,45
2059-05-16,Term 3 2059,6,4,0,50,0.8677,43.29,41
2059-05-19,Term 3 2059,7,0,0,50,0.8642,43.14,43
2059-05-20,Term 3 2059,7,1,0,50,0.8619,43.0,42
2059-05-21,Term 3 2059,7,2,0,50,0.8653,43.14,46
2059-05-22,Term 3 2059,7,3,0,50,0.8746,43.71,43
2059-05-23,Term 3 2059,7,4,0,50,0.8685,43.43,43
2059-05-26,Term 3 2059,8,0,0,50,0.8654,43.29,40
2059-05-27,Term 3 2059,8,1,0,50,0.8525,42.57,43
2059-05-28,Term 3 2059,8,2,0,50,0.8592,42.86,44
2059-05-29,Term 3 2059,8,3,0,50,0.8617,43.0,44
2059-05-30,Term 3 2059,8,4,0,50,0.8661,43.29,43
2059-06-02,Term 3 2059,9,0,0,50,0.8579,42.86,40
2059-06-03,Term 3 2059,9,1,0,50,0.8487,42.43,45
2059-06-04,Term 3 2059,9,2,0,50,0.8538,42.71,43
2059-06-05,Term 3 2059,9,3,0,50,0.8631,43.14,45
2059-06-06,Term 3 2059,9,4,0,50,0.867,43.43,42
2059-06-09,Term 3 2059,10,0,0,50,0.8609,43.14,40
2059-06-10,Term 3 2059,10,1,0,50,0.8485,42.57,45
2059-06-11,Term 3 2059,10,2,0,50,0.8553,42.86,44
2059-06-12,Term 3 2059,10,3,0,50,0.8674,43.43,42
2059-06-13,Term 3 2059,10,4,0,50,0.8603,43.0,43
2059-06-16,Term 3 2059,11,0,0,50,0.8582,43.0,42
2059-06-17,Term 3 2059,11,1,0,50,0.8502,42.57,43
2059-06-18,Term 3 2059,11,2,0,50,0.8551,42.71,46
2059-06-19,Term 3 2059,11,3,0,50,0.8734,43.57,46
2059-06-20,Term 3 2059,11,4,0,50,0.8752,43.71,43
2059-06-23,Term 3 2059,12,0,1,50,0.8712,43.57,36
2059-06-24,Term 3 2059,12,1,1,50,0.8544,42.71,37
2059-06-25,Term 3 2059,12,2,1,50,0.839,41.86,37
2059-06-26,Term 3 2059,12,3,1,50,0.8236,41.14,38
2059-06-27,Term 3 2059,12,4,1,50,0.808,40.43,35
2059-06-30,Term 3 2059,13,0,1,50,0.7756,38.86,37
2059-07-01,Term 3 2059,13,1,1,50,0.7505,37.57,36
2059-07-02,Term 3 2059,13,2,1,50,0.7318,36.57,40
2059-07-03,Term 3 2059,13,3,1,50,0.7417,37.14,38
2059-07-04,Term 3 2059,13,4,1,50,0.7427,37.29,36
2059-07-21,Term 1 2059,1,0,0,50,0.7412,37.14,36
2059-07-22,Term 1 2059,1,1,0,50,0.7346,36.86,40
2059-07-23,Term 1 2059,1,2,0,50,0.7495,37.57,41
2059-07-24,Term 1 2059,1,3,0,50,0.762,38.14,39
2059-07-25,Term 1 2059,1,4,0,50,0.7678,38.57,38
2059-07-28,Term 1 2059,2,0,0,50,0.7619,38.29,43
2059-07-29,Term 1 2059,2,1,0,50,0.7783,39.0,42
2059-07-30,Term 1 2059,2,2,0,50,0.7963,39.86,43
2059-07-31,Term 1 2059,2,3,0,50,0.8174,40.86,46
2059-08-01,Term 1 2059,2,4,0,50,0.8348,41.71,42
2059-08-04,Term 1 2059,3,0,0,50,0.8358,41.86,42
2059-08-05,Term 1 2059,3,1,0,50,0.8449,42.29,43
2059-08-06,Term 1 2059,3,2,0,50,0.8588,43.0,44
2059-08-07,Term 1 2059,3,3,0,50,0.8592,43.14,43
2059-08-08,Term 1 2059,3,4,0,50,0.8621,43.29,44
2059-08-11,Term 1 2059,4,0,0,50,0.8647,43.43,43
2059-08-12,Term 1 2059,4,1,0,50,0.8575,43.0,44
2059-08-13,Term 1 2059,4,2,0,50,0.865,43.29,42
2059-08-14,Term 1 2059,4,3,0,50,0.8661,43.29,45
2059-08-15,Term 1 2059,4,4,0,50,0.8735,43.57,40
2059-08-18,Term 1 2059,5,0,0,50,0.8636,43.0,43
2059-08-19,Term 1 2059,5,1,0,50,0.8627,43.0,44
2059-08-20,Term 1 2059,5,2,0,50,0.8633,43.0,45
2059-08-21,Term 1 2059,5,3,0,50,0.8693,43.29,45
2059-08-22,Term 1 2059,5,4,0,50,0.8707,43.43,43
2059-08-25,Term 1 2059,6,0,0,50,0.8722,43.57,41
2059-08-26,Term 1 2059,6,1,0,50,0.861,43.0,44
2059-08-27,Term 1 2059,6,2,0,50,0.8712,43.57,43
2059-08-28,Term 1 2059,6,3,0,50,0.8721,43.57,44
2059-08-29,Term 1 2059,6,4,0,50,0.8726,43.57,42
2059-09-01,Term 1 2059,7,0,0,50,0.8629,43.14,43
2059-09-02,Term 1 2059,7,1,0,50,0.8566,42.86,42
2059-09-03,Term 1 2059,7,2,0,50,0.8562,42.71,43
2059-09-04,Term 1 2059,7,3,0,50,0.8601,43.0,44
2059-09-05,Term 1 2059,7,4,0,50,0.8603,43.0,41
2059-09-08,Term 1 2059,8,0,0,50,0.8526,42.71,42
2059-09-09,Term 1 2059,8,1,0,50,0.8461,42.43,44
2059-09-10,Term 1 2059,8,2,0,50,0.852,42.71,44
2059-09-11,Term 1 2059,8,3,0,50,0.8547,42.86,45
2059-09-12,Term 1 2059,8,4,0,50,0.8631,43.29,43
2059-09-15,Term 1 2059,9,0,0,50,0.8632,43.29,41
2059-09-16,Term 1 2059,9,1,0,50,0.8562,42.86,43
2059-09-17,Term 1 2059,9,2,0,50,0.8631,43.14,44
2059-09-18,Term 1 2059,9,3,0,50,0.8706,43.43,46
2059-09-19,Term 1 2059,9,4,0,50,0.8749,43.71,43
2059-09-22,Term 1 2059,10,0,0,50,0.8747,43.57,43
2059-09-23,Term 1 2059,10,1,0,50,0.8692,43.29,45
2059-09-24,Term 1 2059,10,2,0,50,0.8763,43.57,42
2059-09-25,Term 1 2059,10,3,0,50,0.8796,43.71,45
2059-09-26,Term 1 2059,10,4,0,50,0.8838,44.0,42
2059-09-29,Term 1 2059,11,0,0,50,0.878,43.71,41
2059-09-30,Term 1 2059,11,1,0,50,0.865,43.0,44
2059-10-01,Term 1 2059,11,2,0,50,0.8666,43.14,45
2059-10-02,Term 1 2059,11,3,0,50,0.871,43.43,46
2059-10-03,Term 1 2059,11,4,0,50,0.8724,43.57,40
2059-10-06,Term 1 2059,12,0,1,50,0.8666,43.29,35
2059-10-07,Term 1 2059,12,1,1,50,0.84,41.86,38
2059-10-08,Term 1 2059,12,2,1,50,0.8281,41.29,36
2059-10-09,Term 1 2059,12,3,1,50,0.8138,40.57,37
2059-10-10,Term 1 2059,12,4,1,50,0.7943,39.57,36
2059-10-13,Term 1 2059,13,0,1,50,0.7677,38.29,34
2059-10-14,Term 1 2059,13,1,1,50,0.7353,36.57,38
2059-10-15,Term 1 2059,13,2,1,50,0.728,36.29,38
2059-10-16,Term 1 2059,13,3,1,50,0.7344,36.71,37
2059-10-17,Term 1 2059,13,4,1,50,0.73,36.57,36
2059-11-03,Term 2 2059,1,0,0,50,0.7293,36.57,36
2059-11-04,Term 2 2059,1,1,0,50,0.7259,36.43,42
2059-11-05,Term 2 2059,1,2,0,50,0.7436,37.29,42
2059-11-06,Term 2 2059,1,3,0,50,0.7644,38.43,40
2059-11-07,Term 2 2059,1,4,0,50,0.7696,38.71,39
2059-11-10,Term 2 2059,2,0,0,50,0.7746,38.86,42
2059-11-11,Term 2 2059,2,1,0,50,0.7904,39.57,45
2059-11-12,Term 2 2059,2,2,0,50,0.8164,40.86,42
2059-11-13,Term 2 2059,2,3,0,50,0.8336,41.71,43
2059-11-14,Term 2 2059,2,4,0,50,0.8383,41.86,41
2059-11-17,Term 2 2059,3,0,0,50,0.8361,41.71,41
2059-11-18,Term 2 2059,3,1,0,50,0.8389,41.86,46
2059-11-19,Term 2 2059,3,2,0,50,0.8567,42.86,43
2059-11-20,Term 2 2059,3,3,0,50,0.8589,43.0,45
2059-11-21,Term 2 2059,3,4,0,50,0.86,43.0,43
2059-11-24,Term 2 2059,4,0,0,50,0.8633,43.14,41
2059-11-25,Term 2 2059,4,1,0,50,0.8566,42.86,43
2059-11-26,Term 2 2059,4,2,0,50,0.8625,43.14,46
2059-11-27,Term 2 2059,4,3,0,50,0.8767,43.86,44
2059-11-28,Term 2 2059,4,4,0,50,0.8714,43.57,40
2059-12-01,Term 2 2059,5,0,0,50,0.8628,43.14,40
2059-12-02,Term 2 2059,5,1,0,50,0.8478,42.43,43
2059-12-03,Term 2 2059,5,2,0,50,0.8487,42.43,45
2059-12-04,Term 2 2059,5,3,0,50,0.8605,43.0,45
2059-12-05,Term 2 2059,5,4,0,50,0.8671,43.29,42
2059-12-08,Term 2 2059,6,0,0,50,0.8579,42.71,41
2059-12-09,Term 2 2059,6,1,0,50,0.8499,42.29,46
2059-12-10,Term 2 2059,6,2,0,50,0.8664,43.14,46
2059-12-11,Term 2 2059,6,3,0,50,0.8831,44.0,43
2059-12-12,Term 2 2059,6,4,0,50,0.8816,44.0,44
2059-12-15,Term 2 2059,7,0,0,50,0.8777,43.86,40
2059-12-16,Term 2 2059,7,1,0,50,0.8634,43.14,45
2059-12-17,Term 2 2059,7,2,0,50,0.8696,43.57,45
2059-12-18,Term 2 2059,7,3,0,50,0.8824,44.14,45
2059-12-19,Term 2 2059,7,4,0,50,0.8806,44.0,42
2059-12-22,Term 2 2059,8,0,0,50,0.8701,43.43,40
2059-12-23,Term 2 2059,8,1,0,50,0.8617,43.0,45
2059-12-24,Term 2 2059,8,2,0,50,0.8635,43.14,46
2059-12-25,Term 2 2059,8,3,0,50,0.8797,44.0,43
2059-12-26,Term 2 2059,8,4,0,50,0.8743,43.71,44
2059-12-29,Term 2 2059,9,0,0,50,0.8694,43.57,42
2059-12-30,Term 2 2059,9,1,0,50,0.859,43.14,44
2059-12-31,Term 2 2059,9,2,0,50,0.8631,43.43,42
2060-01-01,Term 2 2059,9,3,0,50,0.87,43.71,45
2060-01-02,Term 2 2059,9,4,0,50,0.8718,43.71,42
2060-01-05,Term 2 2059,10,0,0,50,0.8607,43.14,42
2060-01-06,Term 2 2059,10,1,0,50,0.8588,43.0,45
2060-01-07,Term 2 2059,10,2,0,50,0.8631,43.14,45
2060-01-08,Term 2 2059,10,3,0,50,0.874,43.57,45
2060-01-09,Term 2 2059,10,4,0,50,0.8762,43.71,41
2060-01-12,Term 2 2059,11,0,0,50,0.8723,43.57,42
2060-01-13,Term 2 2059,11,1,0,50,0.8623,43.14,46
2060-01-14,Term 2 2059,11,2,0,50,0.8731,43.71,43
2060-01-15,Term 2 2059,11,3,0,50,0.8754,43.86,42
2060-01-16,Term 2 2059,11,4,0,50,0.8675,43.43,42
2060-01-19,Term 2 2059,12,0,1,50,0.8571,43.0,36
2060-01-20,Term 2 2059,12,1,1,50,0.8329,41.71,38
2060-01-21,Term 2 2059,12,2,1,50,0.8252,41.29,36
2060-01-22,Term 2 2059,12,3,1,50,0.8092,40.43,39
2060-01-23,Term 2 2059,12,4,1,50,0.7893,39.43,38
2060-01-26,Term 2 2059,13,0,1,50,0.7747,38.71,34
2060-01-27,Term 2 2059,13,1,1,50,0.7502,37.57,38
2060-01-28,Term 2 2059,13,2,1,50,0.7382,37.0,39
2060-01-29,Term 2 2059,13,3,1,50,0.7466,37.43,37
2060-01-30,Term 2 2059,13,4,1,50,0.7413,37.29,36
2060-02-16,Term 3 2060,1,0,0,50,0.7405,37.29,38
2060-02-17,Term 3 2060,1,1,0,50,0.7382,37.14,39
2060-02-18,Term 3 2060,1,2,0,50,0.7432,37.29,39
2060-02-19,Term 3 2060,1,3,0,50,0.7579,38.0,42
2060-02-20,Term 3 2060,1,4,0,50,0.7695,38.57,37
2060-02-23,Term 3 2060,2,0,0,50,0.7644,38.29,42
2060-02-24,Term 3 2060,2,1,0,50,0.779,39.0,43
2060-02-25,Term 3 2060,2,2,0,50,0.7995,40.0,45
2060-02-26,Term 3 2060,2,3,0,50,0.8197,41.0,45
2060-02-27,Term 3 2060,2,4,0,50,0.8361,41.86,43
2060-03-01,Term 3 2060,3,0,0,50,0.8478,42.43,42
2060-03-02,Term 3 2060,3,1,0,50,0.8494,42.43,43
2060-03-03,Term 3 2060,3,2,0,50,0.8663,43.29,46
2060-03-04,Term 3 2060,3,3,0,50,0.878,43.86,45
2060-03-05,Term 3 2060,3,4,0,50,0.8824,44.14,43
2060-03-08,Term 3 2060,4,0,0,50,0.875,43.86,42
2060-03-09,Term 3 2060,4,1,0,50,0.8655,43.43,42
2060-03-10,Term 3 2060,4,2,0,50,0.8636,43.29,44
2060-03-11,Term 3 2060,4,3,0,50,0.8685,43.57,44
2060-03-12,Term 3 2060,4,4,0,50,0.8722,43.71,40
2060-03-15,Term 3 2060,5,0,0,50,0.857,42.86,41
2060-03-16,Term 3 2060,5,1,0,50,0.8459,42.29,46
2060-03-17,Term 3 2060,5,2,0,50,0.8545,42.71,42
2060-03-18,Term 3 2060,5,3,0,50,0.8561,42.71,44
2060-03-19,Term 3 2060,5,4,0,50,0.8606,43.0,41
2060-03-22,Term 3 2060,6,0,0,50,0.8538,42.57,43
2060-03-23,Term 3 2060,6,1,0,50,0.8494,42.43,44
2060-03-24,Term 3 2060,6,2,0,50,0.8583,43.0,44
2060-03-25,Term 3 2060,6,3,0,50,0.8679,43.43,42
2060-03-26,Term 3 2060,6,4,0,50,0.8579,42.86,40
2060-03-29,Term 3 2060,7,0,0,50,0.852,42.57,43
2060-03-30,Term 3 2060,7,1,0,50,0.8501,42.43,42
2060-03-31,Term 3 2060,7,2,0,50,0.8526,42.57,45
2060-04-01,Term 3 2060,7,3,0,50,0.858,42.86,44
2060-04-02,Term 3 2060,7,4,0,50,0.8578,42.86,41
2060-04-05,Term 3 2060,8,0,0,50,0.8501,42.43,43
2060-04-06,Term 3 2060,8,1,0,50,0.8531,42.57,45
2060-04-07,Term 3 2060,8,2,0,50,0.8672,43.29,43
2060-04-08,Term 3 2060,8,3,0,50,0.8654,43.29,42
2060-04-09,Term 3 2060,8,4,0,50,0.8647,43.29,41
2060-04-12,Term 3 2060,9,0,0,50,0.8531,42.71,42
2060-04-13,Term 3 2060,9,1,0,50,0.8482,42.43,44
2060-04-14,Term 3 2060,9,2,0,50,0.8573,42.86,42
2060-04-15,Term 3 2060,9,3,0,50,0.8544,42.71,46
2060-04-16,Term 3 2060,9,4,0,50,0.8563,42.86,44
2060-04-19,Term 3 2060,10,0,0,50,0.8599,43.0,41
2060-04-20,Term 3 2060,10,1,0,50,0.8581,42.86,44
2060-04-21,Term 3 2060,10,2,0,50,0.8688,43.29,44
2060-04-22,Term 3 2060,10,3,0,50,0.8757,43.57,43
2060-04-23,Term 3 2060,10,4,0,50,0.8706,43.43,43
2060-04-26,Term 3 2060,11,0,0,50,0.873,43.57,43
2060-04-27,Term 3 2060,11,1,0,50,0.8653,43.14,43
2060-04-28,Term 3 2060,11,2,0,50,0.8619,43.0,42
2060-04-29,Term 3 2060,11,3,0,50,0.8638,43.14,42
2060-04-30,Term 3 2060,11,4,0,50,0.8571,42.86,42
2060-05-03,Term 3 2060,12,0,1,50,0.8509,42.57,34
2060-05-04,Term 3 2060,12,1,1,50,0.8266,41.29,39
2060-05-05,Term 3 2060,12,2,1,50,0.8166,40.71,36
2060-05-06,Term 3 2060,12,3,1,50,0.7973,39.71,37
2060-05-07,Term 3 2060,12,4,1,50,0.7805,38.86,35
2060-05-10,Term 3 2060,13,0,1,50,0.761,37.86,34
2060-05-11,Term 3 2060,13,1,1,50,0.739,36.71,39
2060-05-12,Term 3 2060,13,2,1,50,0.73,36.29,40
2060-05-13,Term 3 2060,13,3,1,50,0.7462,37.14,37
2060-05-14,Term 3 2060,13,4,1,50,0.7393,36.86,36
2060-05-31,Term 1 2060,1,0,0,50,0.7378,36.86,39
2060-06-01,Term 1 2060,1,1,0,50,0.7448,37.14,39
2060-06-02,Term 1 2060,1,2,0,50,0.7564,37.71,40
2060-06-03,Term 1 2060,1,3,0,50,0.7731,38.57,39
2060-06-04,Term 1 2060,1,4,0,50,0.7738,38.57,39
2060-06-07,Term 1 2060,2,0,0,50,0.7716,38.43,41
2060-06-08,Term 1 2060,2,1,0,50,0.7842,39.0,44
2060-06-09,Term 1 2060,2,2,0,50,0.8074,40.14,44
2060-06-10,Term 1 2060,2,3,0,50,0.8197,40.86,43
2060-06-11,Term 1 2060,2,4,0,50,0.8293,41.43,41
2060-06-14,Term 1 2060,3,0,0,50,0.8307,41.57,42
2060-06-15,Term 1 2060,3,1,0,50,0.8395,42.0,46
2060-06-16,Term 1 2060,3,2,0,50,0.8583,43.0,43
2060-06-17,Term 1 2060,3,3,0,50,0.863,43.29,44
2060-06-18,Term 1 2060,3,4,0,50,0.8616,43.29,42
2060-06-21,Term 1 2060,4,0,0,50,0.858,43.0,43
2060-06-22,Term 1 2060,4,1,0,50,0.8574,43.0,43
2060-06-23,Term 1 2060,4,2,0,50,0.8647,43.29,45
2060-06-24,Term 1 2060,4,3,0,50,0.873,43.71,46
2060-06-25,Term 1 2060,4,4,0,50,0.8738,43.71,42
2060-06-28,Term 1 2060,5,0,0,50,0.8704,43.57,43
2060-06-29,Term 1 2060,5,1,0,50,0.8689,43.43,44
2060-06-30,Term 1 2060,5,2,0,50,0.8728,43.71,45
2060-07-01,Term 1 2060,5,3,0,50,0.8797,44.0,45
2060-07-02,Term 1 2060,5,4,0,50,0.8855,44.29,42
2060-07-05,Term 1 2060,6,0,0,50,0.8778,43.86,42
2060-07-06,Term 1 2060,6,1,0,50,0.8667,43.29,44
2060-07-07,Term 1 2060,6,2,0,50,0.8718,43.57,44
2060-07-08,Term 1 2060,6,3,0,50,0.8753,43.71,43
2060-07-09,Term 1 2060,6,4,0,50,0.8747,43.57,43
2060-07-12,Term 1 2060,7,0,0,50,0.8677,43.29,40
2060-07-13,Term 1 2060,7,1,0,50,0.852,42.57,43
2060-07-14,Term 1 2060,7,2,0,50,0.8525,42.71,42
2060-07-15,Term 1 2060,7,3,0,50,0.8531,42.71,44
2060-07-16,Term 1 2060,7,4,0,50,0.854,42.71,42
2060-07-19,Term 1 2060,8,0,0,50,0.8485,42.43,41
2060-07-20,Term 1 2060,8,1,0,50,0.8404,42.14,45
2060-07-21,Term 1 2060,8,2,0,50,0.8484,42.43,45
2060-07-22,Term 1 2060,8,3,0,50,0.8622,43.14,46
2060-07-23,Term 1 2060,8,4,0,50,0.8713,43.57,41
2060-07-26,Term 1 2060,9,0,0,50,0.8692,43.43,40
2060-07-27,Term 1 2060,9,1,0,50,0.8566,42.86,43
2060-07-28,Term 1 2060,9,2,0,50,0.8576,43.0,43
2060-07-29,Term 1 2060,9,3,0,50,0.8651,43.29,45
2060-07-30,Term 1 2060,9,4,0,50,0.8647,43.29,41
2060-08-02,Term 1 2060,10,0,0,50,0.8557,42.71,40
2060-08-03,Term 1 2060,10,1,0,50,0.8384,41.86,45
2060-08-04,Term 1 2060,10,2,0,50,0.8476,42.43,43
2060-08-05,Term 1 2060,10,3,0,50,0.8586,42.86,45
2060-08-06,Term 1 2060,10,4,0,50,0.8655,43.14,40
2060-08-09,Term 1 2060,11,0,0,50,0.8575,42.71,41
2060-08-10,Term 1 2060,11,1,0,50,0.8449,42.14,42
2060-08-11,Term 1 2060,11,2,0,50,0.8467,42.29,43
2060-08-12,Term 1 2060,11,3,0,50,0.8568,42.71,44
2060-08-13,Term 1 2060,11,4,0,50,0.8546,42.57,43
2060-08-16,Term 1 2060,12,0,1,50,0.8537,42.57,37
2060-08-17,Term 1 2060,12,1,1,50,0.8307,41.43,38
2060-08-18,Term 1 2060,12,2,1,50,0.8243,41.14,38
2060-08-19,Term 1 2060,12,3,1,50,0.8151,40.71,38
2060-08-20,Term 1 2060,12,4,1,50,0.8047,40.14,36
2060-08-23,Term 1 2060,13,0,1,50,0.7841,39.14,34
2060-08-24,Term 1 2060,13,1,1,50,0.7557,37.71,37
2060-08-25,Term 1 2060,13,2,1,50,0.7383,36.86,38
2060-08-26,Term 1 2060,13,3,1,50,0.7421,37.0,40
2060-08-27,Term 1 2060,13,4,1,50,0.7458,37.29,37
2060-09-13,Term 2 2060,1,0,0,50,0.7455,37.14,36
2060-09-14,Term 2 2060,1,1,0,50,0.7381,36.86,42
2060-09-15,Term 2 2060,1,2,0,50,0.7537,37.71,40
2060-09-16,Term 2 2060,1,3,0,50,0.7702,38.57,41
2060-09-17,Term 2 2060,1,4,0,50,0.7814,39.14,37
2060-09-20,Term 2 2060,2,0,0,50,0.7781,39.0,41
2060-09-21,Term 2 2060,2,1,0,50,0.7816,39.14,43
2060-09-22,Term 2 2060,2,2,0,50,0.7969,40.0,45
2060-09-23,Term 2 2060,2,3,0,50,0.8238,41.29,44
2060-09-24,Term 2 2060,2,4,0,50,0.8307,41.57,44
2060-09-27,Term 2 2060,3,0,0,50,0.8429,42.14,41
2060-09-28,Term 2 2060,3,1,0,50,0.8434,42.14,42
2060-09-29,Term 2 2060,3,2,0,50,0.8583,42.86,43
2060-09-30,Term 2 2060,3,3,0,50,0.8638,43.14,43
2060-10-01,Term 2 2060,3,4,0,50,0.8652,43.14,42
2060-10-04,Term 2 2060,4,0,0,50,0.8547,42.71,42
2060-10-05,Term 2 2060,4,1,0,50,0.8485,42.43,43
2060-10-06,Term 2 2060,4,2,0,50,0.8461,42.29,45
2060-10-07,Term 2 2060,4,3,0,50,0.8558,42.86,45
2060-10-08,Term 2 2060,4,4,0,50,0.8642,43.29,44
2060-10-11,Term 2 2060,5,0,0,50,0.8678,43.43,43
2060-10-12,Term 2 2060,5,1,0,50,0.8673,43.43,43
2060-10-13,Term 2 2060,5,2,0,50,0.8719,43.57,45
2060-10-14,Term 2 2060,5,3,0,50,0.8821,44.0,44
2060-10-15,Term 2 2060,5,4,0,50,0.8834,44.14,44
2060-10-18,Term 2 2060,6,0,0,50,0.8806,44.0,43
2060-10-19,Term 2 2060,6,1,0,50,0.8742,43.71,42
2060-10-20,Term 2 2060,6,2,0,50,0.869,43.43,45
2060-10-21,Term 2 2060,6,3,0,50,0.8731,43.71,42
2060-10-22,Term 2 2060,6,4,0,50,0.8707,43.57,40
2060-10-25,Term 2 2060,7,0,0,50,0.8565,42.86,43
2060-10-26,Term 2 2060,7,1,0,50,0.8539,42.71,45
2060-10-27,Term 2 2060,7,2,0,50,0.8576,42.86,43
2060-10-28,Term 2 2060,7,3,0,50,0.8574,42.86,45
2060-10-29,Term 2 2060,7,4,0,50,0.8656,43.29,42
2060-11-01,Term 2 2060,8,0,0,50,0.8571,42.86,42
2060-11-02,Term 2 2060,8,1,0,50,0.8555,42.86,43
2060-11-03,Term 2 2060,8,2,0,50,0.8637,43.29,44
2060-11-04,Term 2 2060,8,3,0,50,0.8687,43.43,44
2060-11-05,Term 2 2060,8,4,0,50,0.8649,43.29,43
2060-11-08,Term 2 2060,9,0,0,50,0.864,43.29,41
2060-11-09,Term 2 2060,9,1,0,50,0.8535,42.71,45
2060-11-10,Term 2 2060,9,2,0,50,0.8643,43.14,46
2060-11-11,Term 2 2060,9,3,0,50,0.8761,43.71,42
2060-11-12,Term 2 2060,9,4,0,50,0.8739,43.57,41
2060-11-15,Term 2 2060,10,0,0,50,0.8655,43.14,42
2060-11-16,Term 2 2060,10,1,0,50,0.8609,42.86,42
2060-11-17,Term 2 2060,10,2,0,50,0.859,42.71,42
2060-11-18,Term 2 2060,10,3,0,50,0.8615,42.86,42
2060-11-19,Term 2 2060,10,4,0,50,0.8519,42.43,40
2060-11-22,Term 2 2060,11,0,0,50,0.8363,41.57,41
2060-11-23,Term 2 2060,11,1,0,50,0.8315,41.43,45
2060-11-24,Term 2 2060,11,2,0,50,0.8408,42.0,44
2060-11-25,Term 2 2060,11,3,0,50,0.8459,42.29,43
2060-11-26,Term 2 2060,11,4,0,50,0.8475,42.43,41
2060-11-29,Term 2 2060,12,0,1,50,0.8434,42.29,37
2060-11-30,Term 2 2060,12,1,1,50,0.8293,41.57,37
2060-12-01,Term 2 2060,12,2,1,50,0.8209,41.14,40
2060-12-02,Term 2 2060,12,3,1,50,0.8175,41.0,40
2060-12-03,Term 2 2060,12,4,1,50,0.8038,40.29,38
2060-12-06,Term 2 2060,13,0,1,50,0.7867,39.43,37
2060-12-07,Term 2 2060,13,1,1,50,0.7704,38.57,37
2060-12-08,Term 2 2060,13,2,1,50,0.7597,38.0,39
2060-12-09,Term 2 2060,13,3,1,50,0.7655,38.29,36
2060-12-10,Term 2 2060,13,4,1,50,0.7626,38.14,38
2060-12-27,Term 3 2060,1,0,0,50,0.7574,37.86,36
2060-12-28,Term 3 2060,1,1,0,50,0.7455,37.29,39
2060-12-29,Term 3 2060,1,2,0,50,0.75,37.43,40
2060-12-30,Term 3 2060,1,3,0,50,0.7599,37.86,41
2060-12-31,Term 3 2060,1,4,0,50,0.772,38.43,37
2061-01-03,Term 3 2060,2,0,0,50,0.7661,38.14,40
2061-01-04,Term 3 2060,2,1,0,50,0.7768,38.71,43
2061-01-05,Term 3 2060,2,2,0,50,0.7904,39.43,44
2061-01-06,Term 3 2060,2,3,0,50,0.8133,40.57,43
2061-01-07,Term 3 2060,2,4,0,50,0.8225,41.14,43
2061-01-10,Term 3 2060,3,0,0,50,0.831,41.57,43
2061-01-11,Term 3 2060,3,1,0,50,0.8346,41.86,46
2061-01-12,Term 3 2060,3,2,0,50,0.8588,43.14,46
2061-01-13,Term 3 2060,3,3,0,50,0.8751,44.0,44
2061-01-14,Term 3 2060,3,4,0,50,0.8782,44.14,42
2061-01-17,Term 3 2060,4,0,0,50,0.8723,43.86,40
2061-01-18,Term 3 2060,4,1,0,50,0.8652,43.43,44
2061-01-19,Term 3 2060,4,2,0,50,0.867,43.57,44
2061-01-20,Term 3 2060,4,3,0,50,0.8722,43.71,45
2061-01-21,Term 3 2060,4,4,0,50,0.8696,43.57,44
2061-01-24,Term 3 2060,5,0,0,50,0.864,43.29,41
2061-01-25,Term 3 2060,5,1,0,50,0.8558,42.86,45
2061-01-26,Term 3 2060,5,2,0,50,0.8648,43.29,43
2061-01-27,Term 3 2060,5,3,0,50,0.8731,43.71,43
2061-01-28,Term 3 2060,5,4,0,50,0.8701,43.57,41
2061-01-31,Term 3 2060,6,0,0,50,0.8612,43.14,40
2061-02-01,Term 3 2060,6,1,0,50,0.8474,42.43,44
2061-02-02,Term 3 2060,6,2,0,50,0.8484,42.43,45
2061-02-03,Term 3 2060,6,3,0,50,0.8618,43.0,45
2061-02-04,Term 3 2060,6,4,0,50,0.861,43.0,43
2061-02-07,Term 3 2060,7,0,0,50,0.8611,43.0,40
2061-02-08,Term 3 2060,7,1,0,50,0.8533,42.57,42
2061-02-09,Term 3 2060,7,2,0,50,0.8565,42.71,46
2061-02-10,Term 3 2060,7,3,0,50,0.8738,43.57,42
2061-02-11,Term 3 2060,7,4,0,50,0.8681,43.29,40
2061-02-14,Term 3 2060,8,0,0,50,0.8526,42.57,40
2061-02-15,Term 3 2060,8,1,0,50,0.8403,41.86,45
2061-02-16,Term 3 2060,8,2,0,50,0.847,42.14,43
2061-02-17,Term 3 2060,8,3,0,50,0.8539,42.57,42
2061-02-18,Term 3 2060,8,4,0,50,0.8543,42.57,41
2061-02-21,Term 3 2060,9,0,0,50,0.8398,41.86,42
2061-02-22,Term 3 2060,9,1,0,50,0.8387,41.86,44
2061-02-23,Term 3 2060,9,2,0,50,0.8503,42.43,45
2061-02-24,Term 3 2060,9,3,0,50,0.8648,43.14,45
2061-02-25,Term 3 2060,9,4,0,50,0.8641,43.14,41
2061-02-28,Term 3 2060,10,0,0,50,0.8598,42.86,41
2061-03-01,Term 3 2060,10,1,0,50,0.8567,42.71,43
2061-03-02,Term 3 2060,10,2,0,50,0.8618,43.0,44
2061-03-03,Term 3 2060,10,3,0,50,0.8679,43.29,46
2061-03-04,Term 3 2060,10,4,0,50,0.8724,43.57,41
2061-03-07,Term 3 2060,11,0,0,50,0.8593,43.0,41
2061-03-08,Term 3 2060,11,1,0,50,0.8477,42.43,46
2061-03-09,Term 3 2060,11,2,0,50,0.861,43.14,45
2061-03-10,Term 3 2060,11,3,0,50,0.8728,43.71,44
2061-03-11,Term 3 2060,11,4,0,50,0.8769,43.86,43
2061-03-14,Term 3 2060,12,0,1,50,0.8744,43.71,34
2061-03-15,Term 3 2060,12,1,1,50,0.8418,42.0,37
2061-03-16,Term 3 2060,12,2,1,50,0.831,41.43,37
2061-03-17,Term 3 2060,12,3,1,50,0.8187,40.86,37
2061-03-18,Term 3 2060,12,4,1,50,0.794,39.57,37
2061-03-21,Term 3 2060,13,0,1,50,0.7711,38.43,36
2061-03-22,Term 3 2060,13,1,1,50,0.7484,37.29,37
2061-03-23,Term 3 2060,13,2,1,50,0.7297,36.43,40
2061-03-24,Term 3 2060,13,3,1,50,0.7448,37.29,39
2061-03-25,Term 3 2060,13,4,1,50,0.7501,37.57,35
2061-04-11,Term 1 2061,1,0,0,50,0.7453,37.29,39
2061-04-12,Term 1 2061,1,1,0,50,0.7505,37.57,39
2061-04-13,Term 1 2061,1,2,0,50,0.7542,37.86,38
2061-04-14,Term 1 2061,1,3,0,50,0.7599,38.14,41
2061-04-15,Term 1 2061,1,4,0,50,0.7715,38.71,38
2061-04-18,Term 1 2061,2,0,0,50,0.7667,38.43,41
2061-04-19,Term 1 2061,2,1,0,50,0.7712,38.71,46
2061-04-20,Term 1 2061,2,2,0,50,0.8019,40.29,42
2061-04-21,Term 1 2061,2,3,0,50,0.8112,40.71,44
2061-04-22,Term 1 2061,2,4,0,50,0.8254,41.43,41
2061-04-25,Term 1 2061,3,0,0,50,0.8325,41.86,42
2061-04-26,Term 1 2061,3,1,0,50,0.835,42.0,44
2061-04-27,Term 1 2061,3,2,0,50,0.8528,42.86,42
2061-04-28,Term 1 2061,3,3,0,50,0.8575,43.0,43
2061-04-29,Term 1 2061,3,4,0,50,0.85,42.57,40
2061-05-02,Term 1 2061,4,0,0,50,0.8445,42.29,42
2061-05-03,Term 1 2061,4,1,0,50,0.8398,42.0,45
2061-05-04,Term 1 2061,4,2,0,50,0.8522,42.57,44
2061-05-05,Term 1 2061,4,3,0,50,0.8584,42.86,43
2061-05-06,Term 1 2061,4,4,0,50,0.856,42.71,42
2061-05-09,Term 1 2061,5,0,0,50,0.8542,42.71,42
2061-05-10,Term 1 2061,5,1,0,50,0.8508,42.57,44
2061-05-11,Term 1 2061,5,2,0,50,0.8614,43.14,44
2061-05-12,Term 1 2061,5,3,0,50,0.8668,43.43,44
2061-05-13,Term 1 2061,5,4,0,50,0.8634,43.29,43
2061-05-16,Term 1 2061,6,0,0,50,0.8606,43.14,42
2061-05-17,Term 1 2061,6,1,0,50,0.8575,43.0,46
2061-05-18,Term 1 2061,6,2,0,50,0.8696,43.57,43
2061-05-19,Term 1 2061,6,3,0,50,0.8724,43.71,42
2061-05-20,Term 1 2061,6,4,0,50,0.867,43.43,40
2061-05-23,Term 1 2061,7,0,0,50,0.8561,42.86,41
2061-05-24,Term 1 2061,7,1,0,50,0.847,42.43,42
2061-05-25,Term 1 2061,7,2,0,50,0.8457,42.29,42
2061-05-26,Term 1 2061,7,3,0,50,0.8466,42.29,43
2061-05-27,Term 1 2061,7,4,0,50,0.8382,41.86,42
2061-05-30,Term 1 2061,8,0,0,50,0.8371,41.71,42
2061-05-31,Term 1 2061,8,1,0,50,0.8375,41.71,44
2061-06-01,Term 1 2061,8,2,0,50,0.8473,42.29,42
2061-06-02,Term 1 2061,8,3,0,50,0.8526,42.43,45
2061-06-03,Term 1 2061,8,4,0,50,0.8602,42.86,44
2061-06-06,Term 1 2061,9,0,0,50,0.8634,43.14,41
2061-06-07,Term 1 2061,9,1,0,50,0.8567,42.86,43
2061-06-08,Term 1 2061,9,2,0,50,0.8577,43.0,45
2061-06-09,Term 1 2061,9,3,0,50,0.8656,43.43,43
2061-06-10,Term 1 2061,9,4,0,50,0.8651,43.29,41
2061-06-13,Term 1 2061,10,0,0,50,0.8615,43.14,42
2061-06-14,Term 1 2061,10,1,0,50,0.8528,42.71,45
2061-06-15,Term 1 2061,10,2,0,50,0.8569,42.86,42
2061-06-16,Term 1 2061,10,3,0,50,0.862,43.0,44
2061-06-17,Term 1 2061,10,4,0,50,0.8654,43.14,43
2061-06-20,Term 1 2061,11,0,0,50,0.8587,42.86,41
2061-06-21,Term 1 2061,11,1,0,50,0.853,42.57,43
2061-06-22,Term 1 2061,11,2,0,50,0.859,42.86,46
2061-06-23,Term 1 2061,11,3,0,50,0.8696,43.43,43
2061-06-24,Term 1 2061,11,4,0,50,0.864,43.14,41
2061-06-27,Term 1 2061,12,0,1,50,0.8608,43.0,34
2061-06-28,Term 1 2061,12,1,1,50,0.8316,41.57,37
2061-06-29,Term 1 2061,12,2,1,50,0.8143,40.71,40
2061-06-30,Term 1 2061,12,3,1,50,0.8091,40.57,37
2061-07-01,Term 1 2061,12,4,1,50,0.7901,39.71,34
2061-07-04,Term 1 2061,13,0,1,50,0.757,38.0,35
2061-07-05,Term 1 2061,13,1,1,50,0.7354,36.86,37
2061-07-06,Term 1 2061,13,2,1,50,0.7242,36.29,37
2061-07-07,Term 1 2061,13,3,1,50,0.7326,36.71,37
2061-07-08,Term 1 2061,13,4,1,50,0.7335,36.71,34
2061-07-25,Term 2 2061,1,0,0,50,0.7184,35.86,38
2061-07-26,Term 2 2061,1,1,0,50,0.7231,36.0,41
2061-07-27,Term 2 2061,1,2,0,50,0.7441,37.0,40
2061-07-28,Term 2 2061,1,3,0,50,0.7583,37.71,42
2061-07-29,Term 2 2061,1,4,0,50,0.7713,38.43,38
2061-08-01,Term 2 2061,2,0,0,50,0.7759,38.57,41
2061-08-02,Term 2 2061,2,1,0,50,0.7885,39.14,43
2061-08-03,Term 2 2061,2,2,0,50,0.8133,40.43,42
2061-08-04,Term 2 2061,2,3,0,50,0.8254,41.0,45
2061-08-05,Term 2 2061,2,4,0,50,0.8364,41.57,42
2061-08-08,Term 2 2061,3,0,0,50,0.8418,41.86,43
2061-08-09,Term 2 2061,3,1,0,50,0.8464,42.0,45
2061-08-10,Term 2 2061,3,2,0,50,0.8664,43.0,44
2061-08-11,Term 2 2061,3,3,0,50,0.8739,43.43,43
2061-08-12,Term 2 2061,3,4,0,50,0.873,43.43,41
2061-08-15,Term 2 2061,4,0,0,50,0.8677,43.29,40
2061-08-16,Term 2 2061,4,1,0,50,0.8523,42.57,43
2061-08-17,Term 2 2061,4,2,0,50,0.855,42.71,45
2061-08-18,Term 2 2061,4,3,0,50,0.8592,43.0,44
2061-08-19,Term 2 2061,4,4,0,50,0.8549,42.86,43
2061-08-22,Term 2 2061,5,0,0,50,0.8516,42.71,43
2061-08-23,Term 2 2061,5,1,0,50,0.8538,42.71,43
2061-08-24,Term 2 2061,5,2,0,50,0.8608,43.0,44
2061-08-25,Term 2 2061,5,3,0,50,0.8724,43.57,43
2061-08-26,Term 2 2061,5,4,0,50,0.8731,43.57,40
2061-08-29,Term 2 2061,6,0,0,50,0.8591,42.86,41
2061-08-30,Term 2 2061,6,1,0,50,0.8508,42.43,45
2061-08-31,Term 2 2061,6,2,0,50,0.8563,42.71,46
2061-09-01,Term 2 2061,6,3,0,50,0.8623,43.14,45
2061-09-02,Term 2 2061,6,4,0,50,0.8682,43.43,43
2061-09-05,Term 2 2061,7,0,0,50,0.8667,43.29,43
2061-09-06,Term 2 2061,7,1,0,50,0.8657,43.29,44
2061-09-07,Term 2 2061,7,2,0,50,0.8781,43.86,42
2061-09-08,Term 2 2061,7,3,0,50,0.8825,44.0,45
2061-09-09,Term 2 2061,7,4,0,50,0.8822,44.0,43
2061-09-12,Term 2 2061,8,0,0,50,0.8747,43.57,40
2061-09-13,Term 2 2061,8,1,0,50,0.8589,42.86,46
2061-09-14,Term 2 2061,8,2,0,50,0.866,43.29,45
2061-09-15,Term 2 2061,8,3,0,50,0.8726,43.57,45
2061-09-16,Term 2 2061,8,4,0,50,0.8733,43.71,41
2061-09-19,Term 2 2061,9,0,0,50,0.868,43.57,41
2061-09-20,Term 2 2061,9,1,0,50,0.8587,43.0,43
2061-09-21,Term 2 2061,9,2,0,50,0.8588,43.0,45
2061-09-22,Term 2 2061,9,3,0,50,0.8742,43.71,46
2061-09-23,Term 2 2061,9,4,0,50,0.8741,43.71,41
2061-09-26,Term 2 2061,10,0,0,50,0.8628,43.14,42
2061-09-27,Term 2 2061,10,1,0,50,0.8566,42.71,43
2061-09-28,Term 2 2061,10,2,0,50,0.8629,43.0,46
2061-09-29,Term 2 2061,10,3,0,50,0.8753,43.71,45
2061-09-30,Term 2 2061,10,4,0,50,0.8798,44.0,44
2061-10-03,Term 2 2061,11,0,0,50,0.8766,43.86,43
2061-10-04,Term 2 2061,11,1,0,50,0.8684,43.43,45
2061-10-05,Term 2 2061,11,2,0,50,0.8777,44.0,46
2061-10-06,Term 2 2061,11,3,0,50,0.8867,44.57,44
2061-10-07,Term 2 2061,11,4,0,50,0.8896,44.71,44
2061-10-10,Term 2 2061,12,0,1,50,0.8839,44.43,36
2061-10-11,Term 2 2061,12,1,1,50,0.8583,43.14,37
2061-10-12,Term 2 2061,12,2,1,50,0.8389,42.14,39
2061-10-13,Term 2 2061,12,3,1,50,0.8266,41.57,40
2061-10-14,Term 2 2061,12,4,1,50,0.8119,40.86,36
2061-10-17,Term 2 2061,13,0,1,50,0.7832,39.43,35
2061-10-18,Term 2 2061,13,1,1,50,0.7586,38.14,40
2061-10-19,Term 2 2061,13,2,1,50,0.7476,37.57,37
2061-10-20,Term 2 2061,13,3,1,50,0.7522,37.71,36
2061-10-21,Term 2 2061,13,4,1,50,0.7496,37.57,36
2061-11-07,Term 3 2061,1,0,0,50,0.7421,37.14,37
2061-11-08,Term 3 2061,1,1,0,50,0.7345,36.71,40
2061-11-09,Term 3 2061,1,2,0,50,0.7484,37.29,40
2061-11-10,Term 3 2061,1,3,0,50,0.7615,38.0,40
2061-11-11,Term 3 2061,1,4,0,50,0.761,38.0,40
2061-11-14,Term 3 2061,2,0,0,50,0.7686,38.43,43
2061-11-15,Term 3 2061,2,1,0,50,0.7872,39.43,43
2061-11-16,Term 3 2061,2,2,0,50,0.8074,40.43,46
2061-11-17,Term 3 2061,2,3,0,50,0.8331,41.71,44
2061-11-18,Term 3 2061,2,4,0,50,0.8432,42.29,43
2061-11-21,Term 3 2061,3,0,0,50,0.8518,42.71,41
2061-11-22,Term 3 2061,3,1,0,50,0.8562,42.86,43
2061-11-23,Term 3 2061,3,2,0,50,0.864,43.29,46
2061-11-24,Term 3 2061,3,3,0,50,0.8731,43.71,44
2061-11-25,Term 3 2061,3,4,0,50,0.877,43.86,43
2061-11-28,Term 3 2061,4,0,0,50,0.8678,43.43,41
2061-11-29,Term 3 2061,4,1,0,50,0.8584,43.0,43
2061-11-30,Term 3 2061,4,2,0,50,0.8596,43.0,45
2061-12-01,Term 3 2061,4,3,0,50,0.8705,43.57,42
2061-12-02,Term 3 2061,4,4,0,50,0.869,43.43,40
2061-12-05,Term 3 2061,5,0,0,50,0.8527,42.57,41
2061-12-06,Term 3 2061,5,1,0,50,0.8417,42.14,44
2061-12-07,Term 3 2061,5,2,0,50,0.8466,42.29,42
2061-12-08,Term 3 2061,5,3,0,50,0.8508,42.43,43
2061-12-09,Term 3 2061,5,4,0,50,0.851,42.43,42
2061-12-12,Term 3 2061,6,0,0,50,0.8411,42.0,42
2061-12-13,Term 3 2061,6,1,0,50,0.8413,42.0,42
2061-12-14,Term 3 2061,6,2,0,50,0.8466,42.29,43
2061-12-15,Term 3 2061,6,3,0,50,0.8534,42.57,43
2061-12-16,Term 3 2061,6,4,0,50,0.8506,42.43,41
2061-12-19,Term 3 2061,7,0,0,50,0.8475,42.29,43
2061-12-20,Term 3 2061,7,1,0,50,0.8467,42.29,45
2061-12-21,Term 3 2061,7,2,0,50,0.8551,42.71,45
2061-12-22,Term 3 2061,7,3,0,50,0.8635,43.14,43
2061-12-23,Term 3 2061,7,4,0,50,0.8652,43.29,40
2061-12-26,Term 3 2061,8,0,0,50,0.8576,42.86,41
2061-12-27,Term 3 2061,8,1,0,50,0.8496,42.57,46
2061-12-28,Term 3 2061,8,2,0,50,0.8634,43.29,43
2061-12-29,Term 3 2061,8,3,0,50,0.863,43.29,44
2061-12-30,Term 3 2061,8,4,0,50,0.8621,43.14,40
2062-01-02,Term 3 2061,9,0,0,50,0.8485,42.43,40
2062-01-03,Term 3 2061,9,1,0,50,0.8421,42.0,44
2062-01-04,Term 3 2061,9,2,0,50,0.8523,42.57,43
2062-01-05,Term 3 2061,9,3,0,50,0.8604,42.86,45
2062-01-06,Term 3 2061,9,4,0,50,0.8582,42.71,43
2062-01-09,Term 3 2061,10,0,0,50,0.8576,42.71,41
2062-01-10,Term 3 2061,10,1,0,50,0.8486,42.29,46
2062-01-11,Term 3 2061,10,2,0,50,0.8644,43.14,42
2062-01-12,Term 3 2061,10,3,0,50,0.8702,43.43,43
2062-01-13,Term 3 2061,10,4,0,50,0.8678,43.29,41
2062-01-16,Term 3 2061,11,0,0,50,0.8614,43.0,41
2062-01-17,Term 3 2061,11,1,0,50,0.8486,42.43,44
2062-01-18,Term 3 2061,11,2,0,50,0.8535,42.57,45
2062-01-19,Term 3 2061,11,3,0,50,0.8635,43.14,43
2062-01-20,Term 3 2061,11,4,0,50,0.8562,42.71,42
2062-01-23,Term 3 2061,12,0,1,50,0.8559,42.71,36
2062-01-24,Term 3 2061,12,1,1,50,0.8365,41.71,37
2062-01-25,Term 3 2061,12,2,1,50,0.8239,41.14,37
2062-01-26,Term 3 2061,12,3,1,50,0.8119,40.57,38
2062-01-27,Term 3 2061,12,4,1,50,0.7946,39.71,35
2062-01-30,Term 3 2061,13,0,1,50,0.7674,38.29,34
2062-01-31,Term 3 2061,13,1,1,50,0.7404,37.0,38
2062-02-01,Term 3 2061,13,2,1,50,0.7289,36.43,39
2062-02-02,Term 3 2061,13,3,1,50,0.7354,36.86,38
2062-02-03,Term 3 2061,13,4,1,50,0.7393,37.0,36
2062-02-20,Term 1 2062,1,0,0,50,0.7364,36.86,39
2062-02-21,Term 1 2062,1,1,0,50,0.7386,37.0,40
2062-02-22,Term 1 2062,1,2,0,50,0.7516,37.71,39
2062-02-23,Term 1 2062,1,3,0,50,0.7651,38.43,40
2062-02-24,Term 1 2062,1,4,0,50,0.7694,38.71,37
2062-02-27,Term 1 2062,2,0,0,50,0.7658,38.43,43
2062-02-28,Term 1 2062,2,1,0,50,0.7802,39.14,45
2062-03-01,Term 1 2062,2,2,0,50,0.8069,40.43,44
2062-03-02,Term 1 2062,2,3,0,50,0.8208,41.14,44
2062-03-03,Term 1 2062,2,4,0,50,0.8322,41.71,42
2062-03-06,Term 1 2062,3,0,0,50,0.8411,42.14,41
2062-03-07,Term 1 2062,3,1,0,50,0.845,42.29,42
2062-03-08,Term 1 2062,3,2,0,50,0.8589,43.0,44
2062-03-09,Term 1 2062,3,3,0,50,0.8617,43.14,46
2062-03-10,Term 1 2062,3,4,0,50,0.8645,43.29,42
2062-03-13,Term 1 2062,4,0,0,50,0.8583,43.0,43
2062-03-14,Term 1 2062,4,1,0,50,0.8549,42.86,44
2062-03-15,Term 1 2062,4,2,0,50,0.8628,43.14,43
2062-03-16,Term 1 2062,4,3,0,50,0.8687,43.43,43
2062-03-17,Term 1 2062,4,4,0,50,0.8712,43.57,42
2062-03-20,Term 1 2062,5,0,0,50,0.8649,43.29,40
2062-03-21,Term 1 2062,5,1,0,50,0.8483,42.43,44
2062-03-22,Term 1 2062,5,2,0,50,0.8554,42.71,44
2062-03-23,Term 1 2062,5,3,0,50,0.8604,42.86,43
2062-03-24,Term 1 2062,5,4,0,50,0.8567,42.71,43
2062-03-27,Term 1 2062,6,0,0,50,0.8562,42.71,41
2062-03-28,Term 1 2062,6,1,0,50,0.8507,42.43,44
2062-03-29,Term 1 2062,6,2,0,50,0.8552,42.71,42
2062-03-30,Term 1 2062,6,3,0,50,0.861,43.0,45
2062-03-31,Term 1 2062,6,4,0,50,0.864,43.14,43
2062-04-03,Term 1 2062,7,0,0,50,0.8618,43.0,41
2062-04-04,Term 1 2062,7,1,0,50,0.8566,42.71,42
2062-04-05,Term 1 2062,7,2,0,50,0.8543,42.57,42
2062-04-06,Term 1 2062,7,3,0,50,0.8575,42.71,45
2062-04-07,Term 1 2062,7,4,0,50,0.8624,42.86,43
2062-04-10,Term 1 2062,8,0,0,50,0.8641,43.0,41
2062-04-11,Term 1 2062,8,1,0,50,0.8515,42.43,42
2062-04-12,Term 1 2062,8,2,0,50,0.8483,42.29,43
2062-04-13,Term 1 2062,8,3,0,50,0.8535,42.57,44
2062-04-14,Term 1 2062,8,4,0,50,0.8584,42.86,41
2062-04-17,Term 1 2062,9,0,0,50,0.8559,42.71,40
2062-04-18,Term 1 2062,9,1,0,50,0.8399,42.0,45
2062-04-19,Term 1 2062,9,2,0,50,0.8467,42.29,45
2062-04-20,Term 1 2062,9,3,0,50,0.8577,42.86,45
2062-04-21,Term 1 2062,9,4,0,50,0.8651,43.29,40
2062-04-24,Term 1 2062,10,0,0,50,0.8566,42.86,40
2062-04-25,Term 1 2062,10,1,0,50,0.8463,42.29,43
2062-04-26,Term 1 2062,10,2,0,50,0.8499,42.57,45
2062-04-27,Term 1 2062,10,3,0,50,0.8648,43.29,44
2062-04-28,Term 1 2062,10,4,0,50,0.862,43.14,41
2062-05-01,Term 1 2062,11,0,0,50,0.8511,42.57,42
2062-05-02,Term 1 2062,11,1,0,50,0.8433,42.14,45
2062-05-03,Term 1 2062,11,2,0,50,0.8581,42.86,43
2062-05-04,Term 1 2062,11,3,0,50,0.8664,43.29,43
2062-05-05,Term 1 2062,11,4,0,50,0.8683,43.29,44
2062-05-08,Term 1 2062,12,0,1,50,0.8654,43.14,34
2062-05-09,Term 1 2062,12,1,1,50,0.8355,41.71,38
2062-05-10,Term 1 2062,12,2,1,50,0.8271,41.29,39
2062-05-11,Term 1 2062,12,3,1,50,0.8172,40.86,36
2062-05-12,Term 1 2062,12,4,1,50,0.7917,39.57,34
2062-05-15,Term 1 2062,13,0,1,50,0.7654,38.29,36
2062-05-16,Term 1 2062,13,1,1,50,0.7444,37.29,36
2062-05-17,Term 1 2062,13,2,1,50,0.7231,36.14,36
2062-05-18,Term 1 2062,13,3,1,50,0.7312,36.43,37
2062-05-19,Term 1 2062,13,4,1,50,0.728,36.29,36
2062-06-05,Term 2 2062,1,0,0,50,0.7199,35.86,39
2062-06-06,Term 2 2062,1,1,0,50,0.7266,36.29,40
2062-06-07,Term 2 2062,1,2,0,50,0.7431,37.14,38
2062-06-08,Term 2 2062,1,3,0,50,0.7497,37.43,38
2062-06-09,Term 2 2062,1,4,0,50,0.7555,37.71,38
2062-06-12,Term 2 2062,2,0,0,50,0.759,38.0,43
2062-06-13,Term 2 2062,2,1,0,50,0.7779,38.86,45
2062-06-14,Term 2 2062,2,2,0,50,0.8047,40.14,45
2062-06-15,Term 2 2062,2,3,0,50,0.8234,41.0,44
2062-06-16,Term 2 2062,2,4,0,50,0.836,41.57,43
2062-06-19,Term 2 2062,3,0,0,50,0.8504,42.29,42
2062-06-20,Term 2 2062,3,1,0,50,0.8611,42.86,45
2062-06-21,Term 2 2062,3,2,0,50,0.8834,43.86,44
2062-06-22,Term 2 2062,3,3,0,50,0.8864,44.0,44
2062-06-23,Term 2 2062,3,4,0,50,0.882,43.86,43
2062-06-26,Term 2 2062,4,0,0,50,0.8739,43.57,40
2062-06-27,Term 2 2062,4,1,0,50,0.8627,43.0,45
2062-06-28,Term 2 2062,4,2,0,50,0.8683,43.29,45
2062-06-29,Term 2 2062,4,3,0,50,0.8752,43.71,43
2062-06-30,Term 2 2062,4,4,0,50,0.8674,43.43,43
2062-07-03,Term 2 2062,5,0,0,50,0.8631,43.29,42
2062-07-04,Term 2 2062,5,1,0,50,0.8572,43.0,44
2062-07-05,Term 2 2062,5,2,0,50,0.8611,43.14,43
2062-07-06,Term 2 2062,5,3,0,50,0.8694,43.57,45
2062-07-07,Term 2 2062,5,4,0,50,0.8677,43.57,44
2062-07-10,Term 2 2062,6,0,0,50,0.8654,43.43,41
2062-07-11,Term 2 2062,6,1,0,50,0.862,43.14,45
2062-07-12,Term 2 2062,6,2,0,50,0.8668,43.43,44
2062-07-13,Term 2 2062,6,3,0,50,0.8722,43.71,45
2062-07-14,Term 2 2062,6,4,0,50,0.8747,43.86,40
2062-07-17,Term 2 2062,7,0,0,50,0.8669,43.43,41
2062-07-18,Term 2 2062,7,1,0,50,0.8569,42.86,44
2062-07-19,Term 2 2062,7,2,0,50,0.8566,42.86,42
2062-07-20,Term 2 2062,7,3,0,50,0.8584,43.0,44
2062-07-21,Term 2 2062,7,4,0,50,0.856,42.86,42
2062-07-24,Term 2 2062,8,0,0,50,0.8522,42.57,40
2062-07-25,Term 2 2062,8,1,0,50,0.8373,41.86,43
2062-07-26,Term 2 2062,8,2,0,50,0.8452,42.29,45
2062-07-27,Term 2 2062,8,3,0,50,0.8549,42.86,46
2062-07-28,Term 2 2062,8,4,0,50,0.8603,43.14,42
2062-07-31,Term 2 2062,9,0,0,50,0.8614,43.14,40
2062-08-01,Term 2 2062,9,1,0,50,0.8495,42.57,46
2062-08-02,Term 2 2062,9,2,0,50,0.8591,43.14,46
2062-08-03,Term 2 2062,9,3,0,50,0.8771,44.0,44
2062-08-04,Term 2 2062,9,4,0,50,0.879,44.14,43
2062-08-07,Term 2 2062,10,0,0,50,0.8742,43.86,41
2062-08-08,Term 2 2062,10,1,0,50,0.86,43.14,46
2062-08-09,Term 2 2062,10,2,0,50,0.8698,43.71,43
2062-08-10,Term 2 2062,10,3,0,50,0.8806,44.14,45
2062-08-11,Term 2 2062,10,4,0,50,0.88,44.0,42
2062-08-14,Term 2 2062,11,0,0,50,0.869,43.43,41
2062-08-15,Term 2 2062,11,1,0,50,0.8605,43.0,45
2062-08-16,Term 2 2062,11,2,0,50,0.8661,43.29,44
2062-08-17,Term 2 2062,11,3,0,50,0.8745,43.71,42
2062-08-18,Term 2 2062,11,4,0,50,0.864,43.14,43
2062-08-21,Term 2 2062,12,0,1,50,0.8617,43.14,35
2062-08-22,Term 2 2062,12,1,1,50,0.8316,41.71,39
2062-08-23,Term 2 2062,12,2,1,50,0.8227,41.29,37
2062-08-24,Term 2 2062,12,3,1,50,0.8126,40.71,39
2062-08-25,Term 2 2062,12,4,1,50,0.7955,39.86,37
2062-08-28,Term 2 2062,13,0,1,50,0.7772,38.86,35
2062-08-29,Term 2 2062,13,1,1,50,0.7554,37.86,39
2062-08-30,Term 2 2062,13,2,1,50,0.7452,37.29,37
2062-08-31,Term 2 2062,13,3,1,50,0.7517,37.57,38
2062-09-01,Term 2 2062,13,4,1,50,0.748,37.43,38
2062-09-18,Term 3 2062,1,0,0,50,0.7489,37.57,38
2062-09-19,Term 3 2062,1,1,0,50,0.7467,37.43,40
2062-09-20,Term 3 2062,1,2,0,50,0.7534,37.86,40
2062-09-21,Term 3 2062,1,3,0,50,0.7685,38.57,41
2062-09-22,Term 3 2062,1,4,0,50,0.773,38.86,38
2062-09-25,Term 3 2062,2,0,0,50,0.7761,39.0,43
2062-09-26,Term 3 2062,2,1,0,50,0.7922,39.71,45
2062-09-27,Term 3 2062,2,2,0,50,0.8135,40.71,44
2062-09-28,Term 3 2062,2,3,0,50,0.8307,41.57,43
2062-09-29,Term 3 2062,2,4,0,50,0.8393,42.0,41
2062-10-02,Term 3 2062,3,0,0,50,0.8433,42.14,43
2062-10-03,Term 3 2062,3,1,0,50,0.851,42.43,43
2062-10-04,Term 3 2062,3,2,0,50,0.8655,43.14,44
2062-10-05,Term 3 2062,3,3,0,50,0.8691,43.29,44
2062-10-06,Term 3 2062,3,4,0,50,0.8649,43.14,40
2062-10-09,Term 3 2062,4,0,0,50,0.8537,42.57,43
2062-10-10,Term 3 2062,4,1,0,50,0.8548,42.57,43
2062-10-11,Term 3 2062,4,2,0,50,0.8586,42.86,42
2062-10-12,Term 3 2062,4,3,0,50,0.856,42.71,42
2062-10-13,Term 3 2062,4,4,0,50,0.8532,42.57,44
2062-10-16,Term 3 2062,5,0,0,50,0.8511,42.57,41
2062-10-17,Term 3 2062,5,1,0,50,0.8448,42.14,45
2062-10-18,Term 3 2062,5,2,0,50,0.8587,42.86,46
2062-10-19,Term 3 2062,5,3,0,50,0.8673,43.29,45
2062-10-20,Term 3 2062,5,4,0,50,0.8747,43.57,43
2062-10-23,Term 3 2062,6,0,0,50,0.8763,43.71,40
2062-10-24,Term 3 2062,6,1,0,50,0.8706,43.43,46
2062-10-25,Term 3 2062,6,2,0,50,0.8759,43.71,43
2062-10-26,Term 3 2062,6,3,0,50,0.8796,44.0,46
2062-10-27,Term 3 2062,6,4,0,50,0.8811,44.14,43
2062-10-30,Term 3 2062,7,0,0,50,0.8729,43.71,41
2062-10-31,Term 3 2062,7,1,0,50,0.8613,43.14,42
2062-11-01,Term 3 2062,7,2,0,50,0.8593,43.0,44
2062-11-02,Term 3 2062,7,3,0,50,0.8708,43.57,42
2062-11-03,Term 3 2062,7,4,0,50,0.8618,43.0,43
2062-11-06,Term 3 2062,8,0,0,50,0.8638,43.0,40
2062-11-07,Term 3 2062,8,1,0,50,0.8473,42.14,45
2062-11-08,Term 3 2062,8,2,0,50,0.8531,42.43,44
2062-11-09,Term 3 2062,8,3,0,50,0.8623,42.86,45
2062-11-10,Term 3 2062,8,4,0,50,0.8712,43.29,44
2062-11-13,Term 3 2062,9,0,0,50,0.8691,43.29,41
2062-11-14,Term 3 2062,9,1,0,50,0.8643,43.14,45
2062-11-15,Term 3 2062,9,2,0,50,0.8683,43.43,44
2062-11-16,Term 3 2062,9,3,0,50,0.8789,44.0,46
2062-11-17,Term 3 2062,9,4,0,50,0.8815,44.14,42
2062-11-20,Term 3 2062,10,0,0,50,0.8754,43.86,40
2062-11-21,Term 3 2062,10,1,0,50,0.861,43.14,43
2062-11-22,Term 3 2062,10,2,0,50,0.859,43.0,44
2062-11-23,Term 3 2062,10,3,0,50,0.8675,43.43,43
2062-11-24,Term 3 2062,10,4,0,50,0.8628,43.14,41
2062-11-27,Term 3 2062,11,0,0,50,0.855,42.71,40
2062-11-28,Term 3 2062,11,1,0,50,0.8384,41.86,45
2062-11-29,Term 3 2062,11,2,0,50,0.8469,42.29,45
2062-11-30,Term 3 2062,11,3,0,50,0.861,43.0,43
2062-12-01,Term 3 2062,11,4,0,50,0.8603,43.0,42
2062-12-04,Term 3 2062,12,0,1,50,0.8563,42.71,36
2062-12-05,Term 3 2062,12,1,1,50,0.8359,41.71,39
2062-12-06,Term 3 2062,12,2,1,50,0.8298,41.43,37
2062-12-07,Term 3 2062,12,3,1,50,0.8203,41.0,39
2062-12-08,Term 3 2062,12,4,1,50,0.8031,40.14,38
2062-12-11,Term 3 2062,13,0,1,50,0.7812,39.14,35
2062-12-12,Term 3 2062,13,1,1,50,0.7588,38.0,38
2062-12-13,Term 3 2062,13,2,1,50,0.7454,37.43,38
2062-12-14,Term 3 2062,13,3,1,50,0.7516,37.71,36
2062-12-15,Term 3 2062,13,4,1,50,0.7448,37.29,35
2063-01-01,Term 1 2063,1,0,0,50,0.7389,37.0,38
2063-01-02,Term 1 2063,1,1,0,50,0.7365,36.86,42
2063-01-03,Term 1 2063,1,2,0,50,0.7481,37.43,41
2063-01-04,Term 1 2063,1,3,0,50,0.7642,38.29,40
2063-01-05,Term 1 2063,1,4,0,50,0.771,38.57,39
2063-01-08,Term 1 2063,2,0,0,50,0.7742,38.71,42
2063-01-09,Term 1 2063,2,1,0,50,0.7899,39.57,44
2063-01-10,Term 1 2063,2,2,0,50,0.8161,40.86,43
2063-01-11,Term 1 2063,2,3,0,50,0.8303,41.57,44
2063-01-12,Term 1 2063,2,4,0,50,0.8384,41.86,42
2063-01-15,Term 1 2063,3,0,0,50,0.8432,42.0,40
2063-01-16,Term 1 2063,3,1,0,50,0.8434,42.0,42
2063-01-17,Term 1 2063,3,2,0,50,0.8518,42.43,44
2063-01-18,Term 1 2063,3,3,0,50,0.8573,42.71,44
2063-01-19,Term 1 2063,3,4,0,50,0.8562,42.71,40
2063-01-22,Term 1 2063,4,0,0,50,0.8472,42.29,40
2063-01-23,Term 1 2063,4,1,0,50,0.8339,41.71,45
2063-01-24,Term 1 2063,4,2,0,50,0.8422,42.14,43
2063-01-25,Term 1 2063,4,3,0,50,0.8512,42.57,42
2063-01-26,Term 1 2063,4,4,0,50,0.8517,42.57,41
2063-01-29,Term 1 2063,5,0,0,50,0.8438,42.14,42
2063-01-30,Term 1 2063,5,1,0,50,0.8392,41.86,43
2063-01-31,Term 1 2063,5,2,0,50,0.8479,42.29,43
2063-02-01,Term 1 2063,5,3,0,50,0.8567,42.71,46
2063-02-02,Term 1 2063,5,4,0,50,0.8585,42.86,44
2063-02-05,Term 1 2063,6,0,0,50,0.8599,43.0,41
2063-02-06,Term 1 2063,6,1,0,50,0.8543,42.86,45
2063-02-07,Term 1 2063,6,2,0,50,0.8654,43.43,42
2063-02-08,Term 1 2063,6,3,0,50,0.8665,43.43,45
2063-02-09,Term 1 2063,6,4,0,50,0.8726,43.71,44
2063-02-12,Term 1 2063,7,0,0,50,0.8754,43.86,40
2063-02-13,Term 1 2063,7,1,0,50,0.8584,43.0,44
2063-02-14,Term 1 2063,7,2,0,50,0.8601,43.0,45
2063-02-15,Term 1 2063,7,3,0,50,0.8742,43.57,46
2063-02-16,Term 1 2063,7,4,0,50,0.8768,43.71,42
2063-02-19,Term 1 2063,8,0,0,50,0.876,43.71,41
2063-02-20,Term 1 2063,8,1,0,50,0.8634,43.14,42
2063-02-21,Term 1 2063,8,2,0,50,0.8587,42.86,45
2063-02-22,Term 1 2063,8,3,0,50,0.873,43.57,42
2063-02-23,Term 1 2063,8,4,0,50,0.8677,43.29,42
2063-02-26,Term 1 2063,9,0,0,50,0.8576,42.86,43
2063-02-27,Term 1 2063,9,1,0,50,0.8503,42.43,43
2063-02-28,Term 1 2063,9,2,0,50,0.8533,42.57,42
2063-03-01,Term 1 2063,9,3,0,50,0.8562,42.71,43
2063-03-02,Term 1 2063,9,4,0,50,0.8595,42.86,41
2063-03-05,Term 1 2063,10,0,0,50,0.8488,42.29,41
2063-03-06,Term 1 2063,10,1,0,50,0.8442,42.14,45
2063-03-07,Term 1 2063,10,2,0,50,0.8532,42.57,43
2063-03-08,Term 1 2063,10,3,0,50,0.8515,42.57,44
2063-03-09,Term 1 2063,10,4,0,50,0.8547,42.71,43
2063-03-12,Term 1 2063,11,0,0,50,0.8571,42.86,43
2063-03-13,Term 1 2063,11,1,0,50,0.8566,42.86,45
2063-03-14,Term 1 2063,11,2,0,50,0.8669,43.43,46
2063-03-15,Term 1 2063,11,3,0,50,0.8803,44.14,43
2063-03-16,Term 1 2063,11,4,0,50,0.8742,43.86,40
2063-03-19,Term 1 2063,12,0,1,50,0.8678,43.43,37
2063-03-20,Term 1 2063,12,1,1,50,0.8481,42.43,40
2063-03-21,Term 1 2063,12,2,1,50,0.8386,42.0,39
2063-03-22,Term 1 2063,12,3,1,50,0.826,41.43,39
2063-03-23,Term 1 2063,12,4,1,50,0.8101,40.57,34
2063-03-26,Term 1 2063,13,0,1,50,0.7776,38.86,37
2063-03-27,Term 1 2063,13,1,1,50,0.7618,38.0,40
2063-03-28,Term 1 2063,13,2,1,50,0.7604,38.0,38
2063-03-29,Term 1 2063,13,3,1,50,0.7636,38.14,38
2063-03-30,Term 1 2063,13,4,1,50,0.7602,37.86,34
2063-04-16,Term 2 2063,1,0,0,50,0.7474,37.14,38
2063-04-17,Term 2 2063,1,1,0,50,0.7435,37.0,42
2063-04-18,Term 2 2063,1,2,0,50,0.7654,38.14,39
2063-04-19,Term 2 2063,1,3,0,50,0.7701,38.43,38
2063-04-20,Term 2 2063,1,4,0,50,0.7654,38.14,36
2063-04-23,Term 2 2063,2,0,0,50,0.759,37.86,42
2063-04-24,Term 2 2063,2,1,0,50,0.7678,38.43,45
2063-04-25,Term 2 2063,2,2,0,50,0.7972,40.0,44
2063-04-26,Term 2 2063,2,3,0,50,0.8144,40.86,43
2063-04-27,Term 2 2063,2,4,0,50,0.8184,41.0,43
2063-04-30,Term 2 2063,3,0,0,50,0.8308,41.57,43
2063-05-01,Term 2 2063,3,1,0,50,0.8457,42.29,42
2063-05-02,Term 2 2063,3,2,0,50,0.8627,43.14,42
2063-05-03,Term 2 2063,3,3,0,50,0.8647,43.14,45
2063-05-04,Term 2 2063,3,4,0,50,0.8661,43.14,43
2063-05-07,Term 2 2063,4,0,0,50,0.8647,43.0,42
2063-05-08,Term 2 2063,4,1,0,50,0.8602,42.86,45
2063-05-09,Term 2 2063,4,2,0,50,0.866,43.14,45
2063-05-10,Term 2 2063,4,3,0,50,0.8699,43.43,45
2063-05-11,Term 2 2063,4,4,0,50,0.878,43.86,42
2063-05-14,Term 2 2063,5,0,0,50,0.878,43.86,40
2063-05-15,Term 2 2063,5,1,0,50,0.8626,43.14,45
2063-05-16,Term 2 2063,5,2,0,50,0.8678,43.43,45
2063-05-17,Term 2 2063,5,3,0,50,0.8768,43.86,44
2063-05-18,Term 2 2063,5,4,0,50,0.8719,43.71,42
2063-05-21,Term 2 2063,6,0,0,50,0.8633,43.29,40
2063-05-22,Term 2 2063,6,1,0,50,0.8493,42.57,44
2063-05-23,Term 2 2063,6,2,0,50,0.8537,42.86,46
2063-05-24,Term 2 2063,6,3,0,50,0.8705,43.71,46
2063-05-25,Term 2 2063,6,4,0,50,0.8729,43.86,41
2063-05-28,Term 2 2063,7,0,0,50,0.8635,43.29,40
2063-05-29,Term 2 2063,7,1,0,50,0.8536,42.71,44
2063-05-30,Term 2 2063,7,2,0,50,0.8595,43.0,42
2063-05-31,Term 2 2063,7,3,0,50,0.8657,43.29,43
2063-06-01,Term 2 2063,7,4,0,50,0.8633,43.14,42
2063-06-04,Term 2 2063,8,0,0,50,0.8541,42.57,40
2063-06-05,Term 2 2063,8,1,0,50,0.8383,41.71,45
2063-06-06,Term 2 2063,8,2,0,50,0.8484,42.29,46
2063-06-07,Term 2 2063,8,3,0,50,0.8635,43.14,45
2063-06-08,Term 2 2063,8,4,0,50,0.8676,43.29,42
2063-06-11,Term 2 2063,9,0,0,50,0.8677,43.29,43
2063-06-12,Term 2 2063,9,1,0,50,0.8692,43.29,42
2063-06-13,Term 2 2063,9,2,0,50,0.8684,43.29,45
2063-06-14,Term 2 2063,9,3,0,50,0.8811,44.0,45
2063-06-15,Term 2 2063,9,4,0,50,0.8819,44.0,40
2063-06-18,Term 2 2063,10,0,0,50,0.8669,43.14,40
2063-06-19,Term 2 2063,10,1,0,50,0.8521,42.43,43
2063-06-20,Term 2 2063,10,2,0,50,0.8534,42.57,42
2063-06-21,Term 2 2063,10,3,0,50,0.8497,42.43,43
2063-06-22,Term 2 2063,10,4,0,50,0.8535,42.57,43
2063-06-25,Term 2 2063,11,0,0,50,0.8471,42.29,40
2063-06-26,Term 2 2063,11,1,0,50,0.8334,41.57,43
2063-06-27,Term 2 2063,11,2,0,50,0.8416,42.0,44
2063-06-28,Term 2 2063,11,3,0,50,0.8542,42.57,44
2063-06-29,Term 2 2063,11,4,0,50,0.8577,42.71,40
2063-07-02,Term 2 2063,12,0,1,50,0.8528,42.43,34
2063-07-03,Term 2 2063,12,1,1,50,0.8254,41.14,37
2063-07-04,Term 2 2063,12,2,1,50,0.8094,40.29,38
2063-07-05,Term 2 2063,12,3,1,50,0.8028,40.0,38
2063-07-06,Term 2 2063,12,4,1,50,0.788,39.29,37
2063-07-09,Term 2 2063,13,0,1,50,0.7666,38.29,35
2063-07-10,Term 2 2063,13,1,1,50,0.7409,37.0,40
2063-07-11,Term 2 2063,13,2,1,50,0.7385,37.0,37
2063-07-12,Term 2 2063,13,3,1,50,0.7473,37.43,39
2063-07-13,Term 2 2063,13,4,1,50,0.7526,37.71,38
2063-07-30,Term 3 2063,1,0,0,50,0.7515,37.71,39
2063-07-31,Term 3 2063,1,1,0,50,0.7533,37.86,39
2063-08-01,Term 3 2063,1,2,0,50,0.7597,38.14,41
2063-08-02,Term 3 2063,1,3,0,50,0.7759,39.0,40
2063-08-03,Term 3 2063,1,4,0,50,0.7772,39.0,37
2063-08-06,Term 3 2063,2,0,0,50,0.7777,39.0,42
2063-08-07,Term 3 2063,2,1,0,50,0.7875,39.43,44
2063-08-08,Term 3 2063,2,2,0,50,0.8054,40.29,42
2063-08-09,Term 3 2063,2,3,0,50,0.8157,40.71,46
2063-08-10,Term 3 2063,2,4,0,50,0.834,41.71,43
2063-08-13,Term 3 2063,3,0,0,50,0.8403,42.0,42
2063-08-14,Term 3 2063,3,1,0,50,0.8457,42.29,43
2063-08-15,Term 3 2063,3,2,0,50,0.863,43.14,43
2063-08-16,Term 3 2063,3,3,0,50,0.8645,43.29,43
2063-08-17,Term 3 2063,3,4,0,50,0.8603,43.14,44
2063-08-20,Term 3 2063,4,0,0,50,0.8651,43.43,40
2063-08-21,Term 3 2063,4,1,0,50,0.8503,42.57,45
2063-08-22,Term 3 2063,4,2,0,50,0.8565,42.86,43
2063-08-23,Term 3 2063,4,3,0,50,0.8589,43.0,43
2063-08-24,Term 3 2063,4,4,0,50,0.86,43.0,43
2063-08-27,Term 3 2063,5,0,0,50,0.8613,43.0,40
2063-08-28,Term 3 2063,5,1,0,50,0.8542,42.57,46
2063-08-29,Term 3 2063,5,2,0,50,0.8599,42.86,45
2063-08-30,Term 3 2063,5,3,0,50,0.8724,43.57,45
2063-08-31,Term 3 2063,5,4,0,50,0.8714,43.57,42
2063-09-03,Term 3 2063,6,0,0,50,0.8684,43.43,40
2063-09-04,Term 3 2063,6,1,0,50,0.8583,43.0,44
2063-09-05,Term 3 2063,6,2,0,50,0.8604,43.14,42
2063-09-06,Term 3 2063,6,3,0,50,0.8663,43.43,43
2063-09-07,Term 3 2063,6,4,0,50,0.8583,43.0,42
2063-09-10,Term 3 2063,7,0,0,50,0.849,42.57,43
2063-09-11,Term 3 2063,7,1,0,50,0.8439,42.29,42
2063-09-12,Term 3 2063,7,2,0,50,0.8454,42.29,43
2063-09-13,Term 3 2063,7,3,0,50,0.8544,42.71,44
2063-09-14,Term 3 2063,7,4,0,50,0.8557,42.71,42
2063-09-17,Term 3 2063,8,0,0,50,0.8552,42.71,43
2063-09-18,Term 3 2063,8,1,0,50,0.8548,42.71,44
2063-09-19,Term 3 2063,8,2,0,50,0.8605,43.0,42
2063-09-20,Term 3 2063,8,3,0,50,0.8587,42.86,43
2063-09-21,Term 3 2063,8,4,0,50,0.8601,43.0,41
2063-09-24,Term 3 2063,9,0,0,50,0.8533,42.71,41
2063-09-25,Term 3 2063,9,1,0,50,0.8441,42.29,42
2063-09-26,Term 3 2063,9,2,0,50,0.8448,42.29,43
2063-09-27,Term 3 2063,9,3,0,50,0.8455,42.29,44
2063-09-28,Term 3 2063,9,4,0,50,0.8473,42.29,41
2063-10-01,Term 3 2063,10,0,0,50,0.8451,42.14,40
2063-10-02,Term 3 2063,10,1,0,50,0.8359,41.71,44
2063-10-03,Term 3 2063,10,2,0,50,0.8464,42.14,46
2063-10-04,Term 3 2063,10,3,0,50,0.8589,42.86,46
2063-10-05,Term 3 2063,10,4,0,50,0.8688,43.43,44
2063-10-08,Term 3 2063,11,0,0,50,0.87,43.57,43
2063-10-09,Term 3 2063,11,1,0,50,0.8659,43.43,44
2063-10-10,Term 3 2063,11,2,0,50,0.8744,43.86,45
2063-10-11,Term 3 2063,11,3,0,50,0.8899,44.57,43
2063-10-12,Term 3 2063,11,4,0,50,0.8868,44.43,43
2063-10-15,Term 3 2063,12,0,1,50,0.8804,44.0,35
2063-10-16,Term 3 2063,12,1,1,50,0.8505,42.43,38
2063-10-17,Term 3 2063,12,2,1,50,0.8336,41.57,39
2063-10-18,Term 3 2063,12,3,1,50,0.8227,41.0,39
2063-10-19,Term 3 2063,12,4,1,50,0.8072,40.29,34
2063-10-22,Term 3 2063,13,0,1,50,0.7763,38.71,34
2063-10-23,Term 3 2063,13,1,1,50,0.7494,37.43,38
2063-10-24,Term 3 2063,13,2,1,50,0.7329,36.71,39
2063-10-25,Term 3 2063,13,3,1,50,0.7433,37.29,39
2063-10-26,Term 3 2063,13,4,1,50,0.7462,37.43,37
2063-11-12,Term 1 2063,1,0,0,50,0.742,37.14,39
2063-11-13,Term 1 2063,1,1,0,50,0.7428,37.14,40
2063-11-14,Term 1 2063,1,2,0,50,0.7589,38.0,40
2063-11-15,Term 1 2063,1,3,0,50,0.7771,38.86,40
2063-11-16,Term 1 2063,1,4,0,50,0.7849,39.14,38
2063-11-19,Term 1 2063,2,0,0,50,0.7825,39.0,40
2063-11-20,Term 1 2063,2,1,0,50,0.7867,39.14,44
2063-11-21,Term 1 2063,2,2,0,50,0.8041,40.14,45
2063-11-22,Term 1 2063,2,3,0,50,0.8204,41.0,46
2063-11-23,Term 1 2063,2,4,0,50,0.8371,41.86,41
2063-11-26,Term 1 2063,3,0,0,50,0.8378,42.0,40
2063-11-27,Term 1 2063,3,1,0,50,0.8358,42.0,45
2063-11-28,Term 1 2063,3,2,0,50,0.8561,43.0,46
2063-11-29,Term 1 2063,3,3,0,50,0.8723,43.86,42
2063-11-30,Term 1 2063,3,4,0,50,0.8689,43.57,41
2063-12-03,Term 1 2063,4,0,0,50,0.8575,43.0,42
2063-12-04,Term 1 2063,4,1,0,50,0.846,42.43,43
2063-12-05,Term 1 2063,4,2,0,50,0.8541,42.71,44
2063-12-06,Term 1 2063,4,3,0,50,0.8656,43.29,44
2063-12-07,Term 1 2063,4,4,0,50,0.8634,43.14,41
2063-12-10,Term 1 2063,5,0,0,50,0.851,42.43,42
2063-12-11,Term 1 2063,5,1,0,50,0.8504,42.43,45
2063-12-12,Term 1 2063,5,2,0,50,0.8622,43.0,45
2063-12-13,Term 1 2063,5,3,0,50,0.8724,43.43,44
2063-12-14,Term 1 2063,5,4,0,50,0.8755,43.57,40
2063-12-17,Term 1 2063,6,0,0,50,0.8667,43.0,42
2063-12-18,Term 1 2063,6,1,0,50,0.859,42.71,43
2063-12-19,Term 1 2063,6,2,0,50,0.8643,43.0,43
2063-12-20,Term 1 2063,6,3,0,50,0.8669,43.14,43
2063-12-21,Term 1 2063,6,4,0,50,0.86,42.86,42
2063-12-24,Term 1 2063,7,0,0,50,0.8503,42.43,41
2063-12-25,Term 1 2063,7,1,0,50,0.8413,42.0,44
2063-12-26,Term 1 2063,7,2,0,50,0.8509,42.57,46
2063-12-27,Term 1 2063,7,3,0,50,0.8626,43.14,44
2063-12-28,Term 1 2063,7,4,0,50,0.8644,43.29,43
2063-12-31,Term 1 2063,8,0,0,50,0.8653,43.29,40
2064-01-01,Term 1 2063,8,1,0,50,0.8586,42.86,42
2064-01-02,Term 1 2063,8,2,0,50,0.8597,42.86,46
2064-01-03,Term 1 2063,8,3,0,50,0.8725,43.57,43
2064-01-04,Term 1 2063,8,4,0,50,0.8704,43.43,42
2064-01-07,Term 1 2063,9,0,0,50,0.8606,42.86,41
2064-01-08,Term 1 2063,9,1,0,50,0.8515,42.43,42
2064-01-09,Term 1 2063,9,2,0,50,0.8483,42.29,43
2064-01-10,Term 1 2063,9,3,0,50,0.855,42.71,45
2064-01-11,Term 1 2063,9,4,0,50,0.8631,43.14,41
2064-01-14,Term 1 2063,10,0,0,50,0.8498,42.43,43
2064-01-15,Term 1 2063,10,1,0,50,0.8495,42.43,43
2064-01-16,Term 1 2063,10,2,0,50,0.8497,42.57,45
2064-01-17,Term 1 2063,10,3,0,50,0.8604,43.14,43
2064-01-18,Term 1 2063,10,4,0,50,0.8614,43.29,42
2064-01-21,Term 1 2063,11,0,0,50,0.8607,43.14,40
2064-01-22,Term 1 2063,11,1,0,50,0.8453,42.43,42
2064-01-23,Term 1 2063,11,2,0,50,0.8492,42.57,42
2064-01-24,Term 1 2063,11,3,0,50,0.8469,42.43,45
2064-01-25,Term 1 2063,11,4,0,50,0.8532,42.71,43
2064-01-28,Term 1 2063,12,0,1,50,0.8502,42.43,36
2064-01-29,Term 1 2063,12,1,1,50,0.8308,41.43,36
2064-01-30,Term 1 2063,12,2,1,50,0.8128,40.57,39
2064-01-31,Term 1 2063,12,3,1,50,0.8104,40.43,36
2064-02-01,Term 1 2063,12,4,1,50,0.7927,39.57,37
2064-02-04,Term 1 2063,13,0,1,50,0.7776,38.86,35
2064-02-05,Term 1 2063,13,1,1,50,0.7484,37.43,37
2064-02-06,Term 1 2063,13,2,1,50,0.7301,36.57,39
2064-02-07,Term 1 2063,13,3,1,50,0.7384,37.0,39
2064-02-08,Term 1 2063,13,4,1,50,0.7477,37.43,35
2064-02-25,Term 2 2064,1,0,0,50,0.7378,36.86,38
2064-02-26,Term 2 2064,1,1,0,50,0.7439,37.14,40
2064-02-27,Term 2 2064,1,2,0,50,0.754,37.57,39
2064-02-28,Term 2 2064,1,3,0,50,0.7679,38.14,38
2064-02-29,Term 2 2064,1,4,0,50,0.7716,38.29,38
2064-03-03,Term 2 2064,2,0,0,50,0.7689,38.14,42
2064-03-04,Term 2 2064,2,1,0,50,0.7749,38.57,43
2064-03-05,Term 2 2064,2,2,0,50,0.7964,39.71,43
2064-03-06,Term 2 2064,2,3,0,50,0.8105,40.43,43
2064-03-07,Term 2 2064,2,4,0,50,0.8193,40.86,43
2064-03-10,Term 2 2064,3,0,0,50,0.8305,41.43,41
2064-03-11,Term 2 2064,3,1,0,50,0.8386,41.86,45
2064-03-12,Term 2 2064,3,2,0,50,0.858,42.86,46
2064-03-13,Term 2 2064,3,3,0,50,0.8693,43.43,43
2064-03-14,Term 2 2064,3,4,0,50,0.8683,43.43,41
2064-03-17,Term 2 2064,4,0,0,50,0.8625,43.14,43
2064-03-18,Term 2 2064,4,1,0,50,0.8602,43.14,43
2064-03-19,Term 2 2064,4,2,0,50,0.8603,43.14,44
2064-03-20,Term 2 2064,4,3,0,50,0.8674,43.57,45
2064-03-21,Term 2 2064,4,4,0,50,0.8675,43.57,42
2064-03-24,Term 2 2064,5,0,0,50,0.8571,43.0,43
2064-03-25,Term 2 2064,5,1,0,50,0.8595,43.0,44
2064-03-26,Term 2 2064,5,2,0,50,0.8686,43.43,43
2064-03-27,Term 2 2064,5,3,0,50,0.8686,43.43,42
2064-03-28,Term 2 2064,5,4,0,50,0.8652,43.29,44
2064-03-31,Term 2 2064,6,0,0,50,0.8655,43.29,43
2064-04-01,Term 2 2064,6,1,0,50,0.8613,43.0,42
2064-04-02,Term 2 2064,6,2,0,50,0.8619,43.0,44
2064-04-03,Term 2 2064,6,3,0,50,0.8649,43.14,45
2064-04-04,Term 2 2064,6,4,0,50,0.867,43.29,42
2064-04-07,Term 2 2064,7,0,0,50,0.8653,43.14,43
2064-04-08,Term 2 2064,7,1,0,50,0.8666,43.29,44
2064-04-09,Term 2 2064,7,2,0,50,0.8675,43.29,44
2064-04-10,Term 2 2064,7,3,0,50,0.8708,43.43,43
2064-04-11,Term 2 2064,7,4,0,50,0.8745,43.57,41
2064-04-14,Term 2 2064,8,0,0,50,0.8643,43.14,43
2064-04-15,Term 2 2064,8,1,0,50,0.8574,42.86,42
2064-04-16,Term 2 2064,8,2,0,50,0.8576,42.86,45
2064-04-17,Term 2 2064,8,3,0,50,0.8642,43.14,44
2064-04-18,Term 2 2064,8,4,0,50,0.8627,43.14,44
2064-04-21,Term 2 2064,9,0,0,50,0.8617,43.14,40
2064-04-22,Term 2 2064,9,1,0,50,0.8516,42.71,42
2064-04-23,Term 2 2064,9,2,0,50,0.8557,42.86,46
2064-04-24,Term 2 2064,9,3,0,50,0.864,43.29,43
2064-04-25,Term 2 2064,9,4,0,50,0.8662,43.43,42
2064-04-28,Term 2 2064,10,0,0,50,0.858,43.0,42
2064-04-29,Term 2 2064,10,1,0,50,0.8531,42.71,44
2064-04-30,Term 2 2064,10,2,0,50,0.8536,42.71,44
2064-05-01,Term 2 2064,10,3,0,50,0.8647,43.29,45
2064-05-02,Term 2 2064,10,4,0,50,0.8721,43.71,43
2064-05-05,Term 2 2064,11,0,0,50,0.8654,43.29,42
2064-05-06,Term 2 2064,11,1,0,50,0.8617,43.14,42
2064-05-07,Term 2 2064,11,2,0,50,0.8623,43.14,44
2064-05-08,Term 2 2064,11,3,0,50,0.8683,43.43,44
2064-05-09,Term 2 2064,11,4,0,50,0.868,43.43,42
2064-05-12,Term 2 2064,12,0,1,50,0.8625,43.14,35
2064-05-13,Term 2 2064,12,1,1,50,0.833,41.71,39
2064-05-14,Term 2 2064,12,2,1,50,0.8214,41.14,37
2064-05-15,Term 2 2064,12,3,1,50,0.8087,40.43,37
2064-05-16,Term 2 2064,12,4,1,50,0.7938,39.71,35
2064-05-19,Term 2 2064,13,0,1,50,0.7683,38.43,37
2064-05-20,Term 2 2064,13,1,1,50,0.7468,37.43,37
2064-05-21,Term 2 2064,13,2,1,50,0.7344,36.71,38
2064-05-22,Term 2 2064,13,3,1,50,0.7437,37.14,39
2064-05-23,Term 2 2064,13,4,1,50,0.7427,37.14,34
2064-06-09,Term 3 2064,1,0,0,50,0.735,36.71,36
2064-06-10,Term 3 2064,1,1,0,50,0.7335,36.57,41
2064-06-11,Term 3 2064,1,2,0,50,0.7506,37.43,42
2064-06-12,Term 3 2064,1,3,0,50,0.7647,38.14,39
2064-06-13,Term 3 2064,1,4,0,50,0.7704,38.43,37
2064-06-16,Term 3 2064,2,0,0,50,0.7692,38.29,42
2064-06-17,Term 3 2064,2,1,0,50,0.7765,38.71,46
2064-06-18,Term 3 2064,2,2,0,50,0.8085,40.43,45
2064-06-19,Term 3 2064,2,3,0,50,0.8317,41.71,44
2064-06-20,Term 3 2064,2,4,0,50,0.8417,42.14,42
2064-06-23,Term 3 2064,3,0,0,50,0.8425,42.14,41
2064-06-24,Term 3 2064,3,1,0,50,0.8474,42.43,44
2064-06-25,Term 3 2064,3,2,0,50,0.867,43.43,45
2064-06-26,Term 3 2064,3,3,0,50,0.8778,43.86,43
2064-06-27,Term 3 2064,3,4,0,50,0.8688,43.43,42
2064-06-30,Term 3 2064,4,0,0,50,0.8618,43.0,43
2064-07-01,Term 3 2064,4,1,0,50,0.8566,42.86,44
2064-07-02,Term 3 2064,4,2,0,50,0.8618,43.14,44
2064-07-03,Term 3 2064,4,3,0,50,0.8709,43.57,43
2064-07-04,Term 3 2064,4,4,0,50,0.866,43.43,41
2064-07-07,Term 3 2064,5,0,0,50,0.8538,42.86,41
2064-07-08,Term 3 2064,5,1,0,50,0.8485,42.57,43
2064-07-09,Term 3 2064,5,2,0,50,0.8516,42.71,42
2064-07-10,Term 3 2064,5,3,0,50,0.8508,42.57,44
2064-07-11,Term 3 2064,5,4,0,50,0.851,42.57,44
2064-07-14,Term 3 2064,6,0,0,50,0.8498,42.57,42
2064-07-15,Term 3 2064,6,1,0,50,0.8477,42.43,45
2064-07-16,Term 3 2064,6,2,0,50,0.8577,43.0,45
2064-07-17,Term 3 2064,6,3,0,50,0.8704,43.57,46
2064-07-18,Term 3 2064,6,4,0,50,0.8771,44.0,44
2064-07-21,Term 3 2064,7,0,0,50,0.8804,44.29,40
2064-07-22,Term 3 2064,7,1,0,50,0.8686,43.71,42
2064-07-23,Term 3 2064,7,2,0,50,0.8645,43.43,43
2064-07-24,Term 3 2064,7,3,0,50,0.8681,43.57,44
2064-07-25,Term 3 2064,7,4,0,50,0.8672,43.43,44
2064-07-28,Term 3 2064,8,0,0,50,0.8633,43.29,42
2064-07-29,Term 3 2064,8,1,0,50,0.8543,42.71,43
2064-07-30,Term 3 2064,8,2,0,50,0.8515,42.57,42
2064-07-31,Term 3 2064,8,3,0,50,0.8588,42.86,44
2064-08-01,Term 3 2064,8,4,0,50,0.8624,43.14,43
2064-08-04,Term 3 2064,9,0,0,50,0.8615,43.14,43
2064-08-05,Term 3 2064,9,1,0,50,0.8594,43.0,43
2064-08-06,Term 3 2064,9,2,0,50,0.856,42.86,45
2064-08-07,Term 3 2064,9,3,0,50,0.8645,43.29,46
2064-08-08,Term 3 2064,9,4,0,50,0.8736,43.71,44
2064-08-11,Term 3 2064,10,0,0,50,0.8778,44.0,41
2064-08-12,Term 3 2064,10,1,0,50,0.8698,43.57,44
2064-08-13,Term 3 2064,10,2,0,50,0.8722,43.71,44
2064-08-14,Term 3 2064,10,3,0,50,0.8744,43.86,45
2064-08-15,Term 3 2064,10,4,0,50,0.881,44.14,40
2064-08-18,Term 3 2064,11,0,0,50,0.8668,43.43,43
2064-08-19,Term 3 2064,11,1,0,50,0.8594,43.0,46
2064-08-20,Term 3 2064,11,2,0,50,0.865,43.29,44
2064-08-21,Term 3 2064,11,3,0,50,0.8749,43.71,44
2064-08-22,Term 3 2064,11,4,0,50,0.8773,43.71,44
2064-08-25,Term 3 2064,12,0,1,50,0.8766,43.71,34
2064-08-26,Term 3 2064,12,1,1,50,0.8447,42.14,39
2064-08-27,Term 3 2064,12,2,1,50,0.8404,42.0,37
2064-08-28,Term 3 2064,12,3,1,50,0.8242,41.14,38
2064-08-29,Term 3 2064,12,4,1,50,0.8019,40.0,36
2064-09-01,Term 3 2064,13,0,1,50,0.7769,38.86,35
2064-09-02,Term 3 2064,13,1,1,50,0.7507,37.57,39
2064-09-03,Term 3 2064,13,2,1,50,0.7375,36.86,37
2064-09-04,Term 3 2064,13,3,1,50,0.7474,37.29,38
2064-09-05,Term 3 2064,13,4,1,50,0.7444,37.14,35
2064-09-22,Term 1 2064,1,0,0,50,0.7362,36.86,36
2064-09-23,Term 1 2064,1,1,0,50,0.7318,36.57,41
2064-09-24,Term 1 2064,1,2,0,50,0.7473,37.29,42
2064-09-25,Term 1 2064,1,3,0,50,0.7655,38.29,42
2064-09-26,Term 1 2064,1,4,0,50,0.7723,38.71,36
2064-09-29,Term 1 2064,2,0,0,50,0.77,38.57,43
2064-09-30,Term 1 2064,2,1,0,50,0.7848,39.29,44
2064-10-01,Term 1 2064,2,2,0,50,0.8129,40.57,43
2064-10-02,Term 1 2064,2,3,0,50,0.8336,41.57,45
2064-10-03,Term 1 2064,2,4,0,50,0.8437,42.14,42
2064-10-06,Term 1 2064,3,0,0,50,0.8432,42.14,41
2064-10-07,Term 1 2064,3,1,0,50,0.8418,42.0,44
2064-10-08,Term 1 2064,3,2,0,50,0.8638,43.14,44
2064-10-09,Term 1 2064,3,3,0,50,0.8675,43.29,46
2064-10-10,Term 1 2064,3,4,0,50,0.8715,43.57,40
2064-10-13,Term 1 2064,4,0,0,50,0.8626,43.14,41
2064-10-14,Term 1 2064,4,1,0,50,0.8515,42.57,43
2064-10-15,Term 1 2064,4,2,0,50,0.8568,42.71,44
2064-10-16,Term 1 2064,4,3,0,50,0.8653,43.14,46
2064-10-17,Term 1 2064,4,4,0,50,0.8698,43.43,42
2064-10-20,Term 1 2064,5,0,0,50,0.864,43.14,43
2064-10-21,Term 1 2064,5,1,0,50,0.8557,42.71,44
2064-10-22,Term 1 2064,5,2,0,50,0.8651,43.29,43
2064-10-23,Term 1 2064,5,3,0,50,0.8726,43.57,43
2064-10-24,Term 1 2064,5,4,0,50,0.8723,43.57,41
2064-10-27,Term 1 2064,6,0,0,50,0.8622,43.14,40
2064-10-28,Term 1 2064,6,1,0,50,0.8464,42.29,45
2064-10-29,Term 1 2064,6,2,0,50,0.8548,42.71,45
2064-10-30,Term 1 2064,6,3,0,50,0.8607,43.0,46
2064-10-31,Term 1 2064,6,4,0,50,0.8672,43.29,41
2064-11-03,Term 1 2064,7,0,0,50,0.8602,43.0,42
2064-11-04,Term 1 2064,7,1,0,50,0.8553,42.86,44
2064-11-05,Term 1 2064,7,2,0,50,0.8656,43.29,44
2064-11-06,Term 1 2064,7,3,0,50,0.8781,43.86,42
2064-11-07,Term 1 2064,7,4,0,50,0.8699,43.43,41
2064-11-10,Term 1 2064,8,0,0,50,0.8591,42.86,40
2064-11-11,Term 1 2064,8,1,0,50,0.842,42.0,43
2064-11-12,Term 1 2064,8,2,0,50,0.8484,42.29,44
2064-11-13,Term 1 2064,8,3,0,50,0.8546,42.57,46
2064-11-14,Term 1 2064,8,4,0,50,0.8582,42.86,41
2064-11-17,Term 1 2064,9,0,0,50,0.8487,42.43,43
2064-11-18,Term 1 2064,9,1,0,50,0.8509,42.57,46
2064-11-19,Term 1 2064,9,2,0,50,0.8647,43.29,45
2064-11-20,Term 1 2064,9,3,0,50,0.8791,44.0,46
2064-11-21,Term 1 2064,9,4,0,50,0.8865,44.43,43
2064-11-24,Term 1 2064,10,0,0,50,0.8834,44.29,40
2064-11-25,Term 1 2064,10,1,0,50,0.8678,43.43,43
2064-11-26,Term 1 2064,10,2,0,50,0.8726,43.71,45
2064-11-27,Term 1 2064,10,3,0,50,0.8788,44.0,45
2064-11-28,Term 1 2064,10,4,0,50,0.8761,43.86,40
2064-12-01,Term 1 2064,11,0,0,50,0.8621,43.14,43
2064-12-02,Term 1 2064,11,1,0,50,0.8547,42.71,46
2064-12-03,Term 1 2064,11,2,0,50,0.8638,43.14,44
2064-12-04,Term 1 2064,11,3,0,50,0.8755,43.71,45
2064-12-05,Term 1 2064,11,4,0,50,0.8823,44.0,40
2064-12-08,Term 1 2064,12,0,1,50,0.867,43.29,37
2064-12-09,Term 1 2064,12,1,1,50,0.8436,42.14,36
2064-12-10,Term 1 2064,12,2,1,50,0.8322,41.57,37
2064-12-11,Term 1 2064,12,3,1,50,0.8142,40.71,40
2064-12-12,Term 1 2064,12,4,1,50,0.7968,39.86,36
2064-12-15,Term 1 2064,13,0,1,50,0.7743,38.71,36
2064-12-16,Term 1 2064,13,1,1,50,0.7493,37.43,38
2064-12-17,Term 1 2064,13,2,1,50,0.7438,37.14,39
2064-12-18,Term 1 2064,13,3,1,50,0.7509,37.43,37
2064-12-19,Term 1 2064,13,4,1,50,0.754,37.57,34
2065-01-05,Term 2 2065,1,0,0,50,0.7472,37.14,38
2065-01-06,Term 2 2065,1,1,0,50,0.7431,36.86,41
2065-01-07,Term 2 2065,1,2,0,50,0.7576,37.57,40
2065-01-08,Term 2 2065,1,3,0,50,0.7672,38.14,40
2065-01-09,Term 2 2065,1,4,0,50,0.7719,38.43,37
2065-01-12,Term 2 2065,2,0,0,50,0.7654,38.14,43
2065-01-13,Term 2 2065,2,1,0,50,0.7819,39.0,46
2065-01-14,Term 2 2065,2,2,0,50,0.8148,40.71,45
2065-01-15,Term 2 2065,2,3,0,50,0.8337,41.71,42
2065-01-16,Term 2 2065,2,4,0,50,0.8368,41.86,41
2065-01-19,Term 2 2065,3,0,0,50,0.8415,42.0,40
2065-01-20,Term 2 2065,3,1,0,50,0.8417,42.0,45
2065-01-21,Term 2 2065,3,2,0,50,0.8649,43.14,45
2065-01-22,Term 2 2065,3,3,0,50,0.8705,43.43,43
2065-01-23,Term 2 2065,3,4,0,50,0.8629,43.0,42
2065-01-26,Term 2 2065,4,0,0,50,0.8546,42.57,41
2065-01-27,Term 2 2065,4,1,0,50,0.8493,42.43,45
2065-01-28,Term 2 2065,4,2,0,50,0.8582,43.0,44
2065-01-29,Term 2 2065,4,3,0,50,0.8703,43.57,45
2065-01-30,Term 2 2065,4,4,0,50,0.8701,43.57,43
2065-02-02,Term 2 2065,5,0,0,50,0.8641,43.29,41
2065-02-03,Term 2 2065,5,1,0,50,0.8569,43.0,46
2065-02-04,Term 2 2065,5,2,0,50,0.8673,43.57,44
2065-02-05,Term 2 2065,5,3,0,50,0.8763,44.0,46
2065-02-06,Term 2 2065,5,4,0,50,0.8797,44.14,43
2065-02-09,Term 2 2065,6,0,0,50,0.8772,44.0,41
2065-02-10,Term 2 2065,6,1,0,50,0.8648,43.43,45
2065-02-11,Term 2 2065,6,2,0,50,0.8721,43.71,45
2065-02-12,Term 2 2065,6,3,0,50,0.8832,44.29,46
2065-02-13,Term 2 2065,6,4,0,50,0.8827,44.29,40
2065-02-16,Term 2 2065,7,0,0,50,0.8724,43.71,42
2065-02-17,Term 2 2065,7,1,0,50,0.8619,43.14,42
2065-02-18,Term 2 2065,7,2,0,50,0.8586,43.0,43
2065-02-19,Term 2 2065,7,3,0,50,0.8637,43.29,44
2065-02-20,Term 2 2065,7,4,0,50,0.8583,43.14,44
2065-02-23,Term 2 2065,8,0,0,50,0.8559,43.0,42
2065-02-24,Term 2 2065,8,1,0,50,0.8464,42.43,43
2065-02-25,Term 2 2065,8,2,0,50,0.8547,42.86,43
2065-02-26,Term 2 2065,8,3,0,50,0.8563,43.0,45
2065-02-27,Term 2 2065,8,4,0,50,0.8655,43.43,43
2065-03-02,Term 2 2065,9,0,0,50,0.8667,43.43,41
2065-03-03,Term 2 2065,9,1,0,50,0.8584,43.0,43
2065-03-04,Term 2 2065,9,2,0,50,0.8556,42.86,46
2065-03-05,Term 2 2065,9,3,0,50,0.8651,43.43,46
2065-03-06,Term 2 2065,9,4,0,50,0.8729,43.86,43
2065-03-09,Term 2 2065,10,0,0,50,0.8753,43.86,42
2065-03-10,Term 2 2065,10,1,0,50,0.8674,43.43,42
2065-03-11,Term 2 2065,10,2,0,50,0.8648,43.29,42
2065-03-12,Term 2 2065,10,3,0,50,0.8695,43.43,44
2065-03-13,Term 2 2065,10,4,0,50,0.8736,43.57,41
2065-03-16,Term 2 2065,11,0,0,50,0.8602,42.86,40
2065-03-17,Term 2 2065,11,1,0,50,0.8443,42.0,44
2065-03-18,Term 2 2065,11,2,0,50,0.845,42.14,43
2065-03-19,Term 2 2065,11,3,0,50,0.8465,42.29,44
2065-03-20,Term 2 2065,11,4,0,50,0.8508,42.57,42
2065-03-23,Term 2 2065,12,0,1,50,0.851,42.57,36
2065-03-24,Term 2 2065,12,1,1,50,0.8276,41.43,38
2065-03-25,Term 2 2065,12,2,1,50,0.8194,41.0,39
2065-03-26,Term 2 2065,12,3,1,50,0.8148,40.86,37
2065-03-27,Term 2 2065,12,4,1,50,0.795,39.86,35
2065-03-30,Term 2 2065,13,0,1,50,0.7725,38.71,34
2065-03-31,Term 2 2065,13,1,1,50,0.7466,37.29,37
2065-04-01,Term 2 2065,13,2,1,50,0.7318,36.57,38
2065-04-02,Term 2 2065,13,3,1,50,0.7372,36.86,39
2065-04-03,Term 2 2065,13,4,1,50,0.7408,37.0,36
2065-04-20,Term 3 2065,1,0,0,50,0.732,36.57,37
2065-04-21,Term 3 2065,1,1,0,50,0.7326,36.57,40
2065-04-22,Term 3 2065,1,2,0,50,0.7461,37.29,38
2065-04-23,Term 3 2065,1,3,0,50,0.7574,37.86,38
2065-04-24,Term 3 2065,1,4,0,50,0.7611,38.0,40
2065-04-27,Term 3 2065,2,0,0,50,0.7656,38.29,43
2065-04-28,Term 3 2065,2,1,0,50,0.7752,38.86,43
2065-04-29,Term 3 2065,2,2,0,50,0.7968,39.86,46
2065-04-30,Term 3 2065,2,3,0,50,0.8224,41.14,43
2065-05-01,Term 3 2065,2,4,0,50,0.832,41.57,43
2065-05-04,Term 3 2065,3,0,0,50,0.8442,42.29,40
2065-05-05,Term 3 2065,3,1,0,50,0.8485,42.57,44
2065-05-06,Term 3 2065,3,2,0,50,0.8609,43.14,43
2065-05-07,Term 3 2065,3,3,0,50,0.8631,43.14,42
2065-05-08,Term 3 2065,3,4,0,50,0.8611,43.0,43
2065-05-11,Term 3 2065,4,0,0,50,0.8523,42.57,42
2065-05-12,Term 3 2065,4,1,0,50,0.8495,42.43,45
2065-05-13,Term 3 2065,4,2,0,50,0.8565,42.71,44
2065-05-14,Term 3 2065,4,3,0,50,0.8678,43.29,45
2065-05-15,Term 3 2065,4,4,0,50,0.8717,43.43,42
2065-05-18,Term 3 2065,5,0,0,50,0.8679,43.29,41
2065-05-19,Term 3 2065,5,1,0,50,0.8642,43.14,43
2065-05-20,Term 3 2065,5,2,0,50,0.8646,43.14,43
2065-05-21,Term 3 2065,5,3,0,50,0.867,43.29,44
2065-05-22,Term 3 2065,5,4,0,50,0.864,43.14,44
2065-05-25,Term 3 2065,6,0,0,50,0.8629,43.14,43
2065-05-26,Term 3 2065,6,1,0,50,0.8555,42.86,42
2065-05-27,Term 3 2065,6,2,0,50,0.8563,42.86,45
2065-05-28,Term 3 2065,6,3,0,50,0.8676,43.43,43
2065-05-29,Term 3 2065,6,4,0,50,0.8679,43.43,41
2065-06-01,Term 3 2065,7,0,0,50,0.8625,43.14,41
2065-06-02,Term 3 2065,7,1,0,50,0.854,42.71,44
2065-06-03,Term 3 2065,7,2,0,50,0.8546,42.71,44
2065-06-04,Term 3 2065,7,3,0,50,0.8574,42.86,46
2065-06-05,Term 3 2065,7,4,0,50,0.8671,43.43,41
2065-06-08,Term 3 2065,8,0,0,50,0.8556,42.86,42
2065-06-09,Term 3 2065,8,1,0,50,0.8538,42.71,43
2065-06-10,Term 3 2065,8,2,0,50,0.8598,43.0,45
2065-06-11,Term 3 2065,8,3,0,50,0.8718,43.57,43
2065-06-12,Term 3 2065,8,4,0,50,0.8703,43.43,42
2065-06-15,Term 3 2065,9,0,0,50,0.8647,43.14,42
2065-06-16,Term 3 2065,9,1,0,50,0.8537,42.57,43
2065-06-17,Term 3 2065,9,2,0,50,0.8582,42.86,43
2065-06-18,Term 3 2065,9,3,0,50,0.8594,43.0,45
2065-06-19,Term 3 2065,9,4,0,50,0.8627,43.29,44
2065-06-22,Term 3 2065,10,0,0,50,0.8584,43.14,42
2065-06-23,Term 3 2065,10,1,0,50,0.8548,43.0,43
2065-06-24,Term 3 2065,10,2,0,50,0.8596,43.14,44
2065-06-25,Term 3 2065,10,3,0,50,0.8671,43.43,42
2065-06-26,Term 3 2065,10,4,0,50,0.8654,43.29,43
2065-06-29,Term 3 2065,11,0,0,50,0.8656,43.29,43
2065-06-30,Term 3 2065,11,1,0,50,0.8605,43.0,42
2065-07-01,Term 3 2065,11,2,0,50,0.8564,42.71,45
2065-07-02,Term 3 2065,11,3,0,50,0.8646,43.14,46
2065-07-03,Term 3 2065,11,4,0,50,0.8712,43.57,43
2065-07-06,Term 3 2065,12,0,1,50,0.8674,43.43,36
2065-07-07,Term 3 2065,12,1,1,50,0.8492,42.57,39
2065-07-08,Term 3 2065,12,2,1,50,0.837,42.0,38
2065-07-09,Term 3 2065,12,3,1,50,0.8237,41.29,37
2065-07-10,Term 3 2065,12,4,1,50,0.8097,40.57,35
2065-07-13,Term 3 2065,13,0,1,50,0.781,39.14,34
2065-07-14,Term 3 2065,13,1,1,50,0.7481,37.43,38
2065-07-15,Term 3 2065,13,2,1,50,0.7341,36.71,39
2065-07-16,Term 3 2065,13,3,1,50,0.7447,37.14,37
2065-07-17,Term 3 2065,13,4,1,50,0.7399,36.86,37
2065-08-03,Term 1 2065,1,0,0,50,0.7374,36.71,39
2065-08-04,Term 1 2065,1,1,0,50,0.7422,37.0,39
2065-08-05,Term 1 2065,1,2,0,50,0.7552,37.57,39
2065-08-06,Term 1 2065,1,3,0,50,0.7687,38.29,41
2065-08-07,Term 1 2065,1,4,0,50,0.7766,38.71,40
2065-08-10,Term 1 2065,2,0,0,50,0.7776,38.86,40
2065-08-11,Term 1 2065,2,1,0,50,0.7854,39.29,42
2065-08-12,Term 1 2065,2,2,0,50,0.7993,40.0,46
2065-08-13,Term 1 2065,2,3,0,50,0.8182,41.0,42
2065-08-14,Term 1 2065,2,4,0,50,0.827,41.43,42
2065-08-17,Term 1 2065,3,0,0,50,0.8348,41.86,41
2065-08-18,Term 1 2065,3,1,0,50,0.8362,41.86,43
2065-08-19,Term 1 2065,3,2,0,50,0.8444,42.29,43
2065-08-20,Term 1 2065,3,3,0,50,0.8546,42.71,43
2065-08-21,Term 1 2065,3,4,0,50,0.857,42.86,43
2065-08-24,Term 1 2065,4,0,0,50,0.8494,42.43,40
2065-08-25,Term 1 2065,4,1,0,50,0.8439,42.14,43
2065-08-26,Term 1 2065,4,2,0,50,0.8482,42.29,42
2065-08-27,Term 1 2065,4,3,0,50,0.8512,42.43,45
2065-08-28,Term 1 2065,4,4,0,50,0.8584,42.71,43
2065-08-31,Term 1 2065,5,0,0,50,0.8567,42.71,40
2065-09-01,Term 1 2065,5,1,0,50,0.8484,42.29,45
2065-09-02,Term 1 2065,5,2,0,50,0.8538,42.57,43
2065-09-03,Term 1 2065,5,3,0,50,0.8612,43.0,42
2065-09-04,Term 1 2065,5,4,0,50,0.859,42.86,40
2065-09-07,Term 1 2065,6,0,0,50,0.8527,42.57,42
2065-09-08,Term 1 2065,6,1,0,50,0.8449,42.14,45
2065-09-09,Term 1 2065,6,2,0,50,0.8518,42.43,44
2065-09-10,Term 1 2065,6,3,0,50,0.8622,43.0,42
2065-09-11,Term 1 2065,6,4,0,50,0.8539,42.57,43
2065-09-14,Term 1 2065,7,0,0,50,0.8546,42.57,42
2065-09-15,Term 1 2065,7,1,0,50,0.8534,42.57,43
2065-09-16,Term 1 2065,7,2,0,50,0.86,43.0,45
2065-09-17,Term 1 2065,7,3,0,50,0.8673,43.43,45
2065-09-18,Term 1 2065,7,4,0,50,0.8677,43.43,41
2065-09-21,Term 1 2065,8,0,0,50,0.8594,43.0,42
2065-09-22,Term 1 2065,8,1,0,50,0.859,43.0,43
2065-09-23,Term 1 2065,8,2,0,50,0.8588,43.0,43
2065-09-24,Term 1 2065,8,3,0,50,0.8628,43.14,44
2065-09-25,Term 1 2065,8,4,0,50,0.8669,43.29,40
2065-09-28,Term 1 2065,9,0,0,50,0.853,42.57,41
2065-09-29,Term 1 2065,9,1,0,50,0.84,42.0,43
2065-09-30,Term 1 2065,9,2,0,50,0.8458,42.29,43
2065-10-01,Term 1 2065,9,3,0,50,0.849,42.43,45
2065-10-02,Term 1 2065,9,4,0,50,0.8529,42.71,42
2065-10-05,Term 1 2065,10,0,0,50,0.8489,42.57,41
2065-10-06,Term 1 2065,10,1,0,50,0.8392,42.14,42
2065-10-07,Term 1 2065,10,2,0,50,0.8457,42.43,46
2065-10-08,Term 1 2065,10,3,0,50,0.8608,43.14,44
2065-10-09,Term 1 2065,10,4,0,50,0.8649,43.29,42
2065-10-12,Term 1 2065,11,0,0,50,0.8617,43.14,43
2065-10-13,Term 1 2065,11,1,0,50,0.8574,42.86,44
2065-10-14,Term 1 2065,11,2,0,50,0.8639,43.14,43
2065-10-15,Term 1 2065,11,3,0,50,0.8705,43.43,42
2065-10-16,Term 1 2065,11,4,0,50,0.8696,43.43,42
2065-10-19,Term 1 2065,12,0,1,50,0.8585,42.86,35
2065-10-20,Term 1 2065,12,1,1,50,0.8323,41.57,37
2065-10-21,Term 1 2065,12,2,1,50,0.8196,40.86,38
2065-10-22,Term 1 2065,12,3,1,50,0.8055,40.14,36
2065-10-23,Term 1 2065,12,4,1,50,0.7835,39.0,35
2065-10-26,Term 1 2065,13,0,1,50,0.7604,37.86,37
2065-10-27,Term 1 2065,13,1,1,50,0.7471,37.14,38
2065-10-28,Term 1 2065,13,2,1,50,0.7345,36.57,37
2065-10-29,Term 1 2065,13,3,1,50,0.7398,36.86,37
2065-10-30,Term 1 2065,13,4,1,50,0.7398,36.86,36
2065-11-16,Term 2 2065,1,0,0,50,0.7342,36.57,38
2065-11-17,Term 2 2065,1,1,0,50,0.7389,36.86,39
2065-11-18,Term 2 2065,1,2,0,50,0.7516,37.43,41
2065-11-19,Term 2 2065,1,3,0,50,0.7626,38.0,42
2065-11-20,Term 2 2065,1,4,0,50,0.7749,38.57,36
2065-11-23,Term 2 2065,2,0,0,50,0.7733,38.43,40
2065-11-24,Term 2 2065,2,1,0,50,0.781,38.86,45
2065-11-25,Term 2 2065,2,2,0,50,0.8073,40.14,44
2065-11-26,Term 2 2065,2,3,0,50,0.8241,41.0,43
2065-11-27,Term 2 2065,2,4,0,50,0.8346,41.57,41
2065-11-30,Term 2 2065,3,0,0,50,0.8327,41.57,42
2065-12-01,Term 2 2065,3,1,0,50,0.8329,41.57,44
2065-12-02,Term 2 2065,3,2,0,50,0.8543,42.71,45
2065-12-03,Term 2 2065,3,3,0,50,0.8678,43.43,44
2065-12-04,Term 2 2065,3,4,0,50,0.8644,43.29,41
2065-12-07,Term 2 2065,4,0,0,50,0.8557,42.86,43
2065-12-08,Term 2 2065,4,1,0,50,0.8545,42.86,43
2065-12-09,Term 2 2065,4,2,0,50,0.8615,43.14,43
2065-12-10,Term 2 2065,4,3,0,50,0.8652,43.29,43
2065-12-11,Term 2 2065,4,4,0,50,0.8636,43.14,41
2065-12-14,Term 2 2065,5,0,0,50,0.8513,42.57,41
2065-12-15,Term 2 2065,5,1,0,50,0.8414,42.14,44
2065-12-16,Term 2 2065,5,2,0,50,0.8509,42.57,44
2065-12-17,Term 2 2065,5,3,0,50,0.8539,42.71,42
2065-12-18,Term 2 2065,5,4,0,50,0.8511,42.57,43
2065-12-21,Term 2 2065,6,0,0,50,0.8497,42.57,43
2065-12-22,Term 2 2065,6,1,0,50,0.8473,42.57,45
2065-12-23,Term 2 2065,6,2,0,50,0.8604,43.14,44
2065-12-24,Term 2 2065,6,3,0,50,0.8701,43.57,43
2065-12-25,Term 2 2065,6,4,0,50,0.8672,43.43,43
2065-12-28,Term 2 2065,7,0,0,50,0.8643,43.29,41
2065-12-29,Term 2 2065,7,1,0,50,0.8608,43.14,45
2065-12-30,Term 2 2065,7,2,0,50,0.8667,43.43,44
2065-12-31,Term 2 2065,7,3,0,50,0.8711,43.57,45
2066-01-01,Term 2 2065,7,4,0,50,0.8719,43.57,44
2066-01-04,Term 2 2065,8,0,0,50,0.8713,43.57,40
2066-01-05,Term 2 2065,8,1,0,50,0.8615,43.14,42
2066-01-06,Term 2 2065,8,2,0,50,0.8609,43.0,45
2066-01-07,Term 2 2065,8,3,0,50,0.8724,43.57,44
2066-01-08,Term 2 2065,8,4,0,50,0.8686,43.43,43
2066-01-11,Term 2 2065,9,0,0,50,0.8657,43.29,40
2066-01-12,Term 2 2065,9,1,0,50,0.8506,42.57,45
2066-01-13,Term 2 2065,9,2,0,50,0.8535,42.71,43
2066-01-14,Term 2 2065,9,3,0,50,0.8616,43.14,44
2066-01-15,Term 2 2065,9,4,0,50,0.8654,43.43,44
2066-01-18,Term 2 2065,10,0,0,50,0.8628,43.29,40
2066-01-19,Term 2 2065,10,1,0,50,0.8518,42.71,44
2066-01-20,Term 2 2065,10,2,0,50,0.8537,42.86,43
2066-01-21,Term 2 2065,10,3,0,50,0.861,43.29,45
2066-01-22,Term 2 2065,10,4,0,50,0.8616,43.29,42
2066-01-25,Term 2 2065,11,0,0,50,0.8595,43.14,42
2066-01-26,Term 2 2065,11,1,0,50,0.856,42.86,44
2066-01-27,Term 2 2065,11,2,0,50,0.8568,42.86,44
2066-01-28,Term 2 2065,11,3,0,50,0.8681,43.43,43
2066-01-29,Term 2 2065,11,4,0,50,0.8666,43.29,42
2066-02-01,Term 2 2065,12,0,1,50,0.8639,43.14,35
2066-02-02,Term 2 2065,12,1,1,50,0.8338,41.71,40
2066-02-03,Term 2 2065,12,2,1,50,0.8274,41.43,39
2066-02-04,Term 2 2065,12,3,1,50,0.8165,41.0,38
2066-02-05,Term 2 2065,12,4,1,50,0.7991,40.14,36
2066-02-08,Term 2 2065,13,0,1,50,0.7787,39.0,35
2066-02-09,Term 2 2065,13,1,1,50,0.7553,37.86,39
2066-02-10,Term 2 2065,13,2,1,50,0.7463,37.43,37
2066-02-11,Term 2 2065,13,3,1,50,0.7517,37.71,38
2066-02-12,Term 2 2065,13,4,1,50,0.7471,37.43,35
2066-03-01,Term 3 2066,1,0,0,50,0.736,36.86,38
2066-03-02,Term 3 2066,1,1,0,50,0.7357,36.86,41
2066-03-03,Term 3 2066,1,2,0,50,0.7482,37.57,40
2066-03-04,Term 3 2066,1,3,0,50,0.7628,38.29,39
2066-03-05,Term 3 2066,1,4,0,50,0.7639,38.29,38
2066-03-08,Term 3 2066,2,0,0,50,0.7676,38.43,43
2066-03-09,Term 3 2066,2,1,0,50,0.7823,39.14,46
2066-03-10,Term 3 2066,2,2,0,50,0.8134,40.71,45
2066-03-11,Term 3 2066,2,3,0,50,0.8332,41.71,45
2066-03-12,Term 3 2066,2,4,0,50,0.8462,42.29,41
2066-03-15,Term 3 2066,3,0,0,50,0.8475,42.43,42
2066-03-16,Term 3 2066,3,1,0,50,0.855,42.86,45
2066-03-17,Term 3 2066,3,2,0,50,0.8763,43.86,42
2066-03-18,Term 3 2066,3,3,0,50,0.8729,43.71,44
2066-03-19,Term 3 2066,3,4,0,50,0.867,43.43,41
2066-03-22,Term 3 2066,4,0,0,50,0.8548,42.86,40
2066-03-23,Term 3 2066,4,1,0,50,0.8387,42.14,46
2066-03-24,Term 3 2066,4,2,0,50,0.854,42.86,43
2066-03-25,Term 3 2066,4,3,0,50,0.8587,43.0,43
2066-03-26,Term 3 2066,4,4,0,50,0.8514,42.71,43
2066-03-29,Term 3 2066,5,0,0,50,0.8535,42.86,42
2066-03-30,Term 3 2066,5,1,0,50,0.8477,42.57,43
2066-03-31,Term 3 2066,5,2,0,50,0.8555,42.86,42
2066-04-01,Term 3 2066,5,3,0,50,0.8626,43.14,44
2066-04-02,Term 3 2066,5,4,0,50,0.8568,42.86,41
2066-04-05,Term 3 2066,6,0,0,50,0.8493,42.57,41
2066-04-06,Term 3 2066,6,1,0,50,0.844,42.29,44
2066-04-07,Term 3 2066,6,2,0,50,0.8482,42.43,43
2066-04-08,Term 3 2066,6,3,0,50,0.8517,42.57,45
2066-04-09,Term 3 2066,6,4,0,50,0.8551,42.86,44
2066-04-12,Term 3 2066,7,0,0,50,0.8593,43.14,41
2066-04-13,Term 3 2066,7,1,0,50,0.85,42.71,45
2066-04-14,Term 3 2066,7,2,0,50,0.8633,43.29,45
2066-04-15,Term 3 2066,7,3,0,50,0.8763,43.86,44
2066-04-16,Term 3 2066,7,4,0,50,0.8766,43.86,41
2066-04-19,Term 3 2066,8,0,0,50,0.8718,43.57,42
2066-04-20,Term 3 2066,8,1,0,50,0.8647,43.14,44
2066-04-21,Term 3 2066,8,2,0,50,0.8644,43.14,43
2066-04-22,Term 3 2066,8,3,0,50,0.8713,43.43,44
2066-04-23,Term 3 2066,8,4,0,50,0.8681,43.29,43
2066-04-26,Term 3 2066,9,0,0,50,0.86,43.0,40
2066-04-27,Term 3 2066,9,1,0,50,0.8471,42.43,43
2066-04-28,Term 3 2066,9,2,0,50,0.851,42.71,45
2066-04-29,Term 3 2066,9,3,0,50,0.8594,43.14,43
2066-04-30,Term 3 2066,9,4,0,50,0.858,43.0,41
2066-05-03,Term 3 2066,10,0,0,50,0.8523,42.71,40
2066-05-04,Term 3 2066,10,1,0,50,0.8402,42.14,45
2066-05-05,Term 3 2066,10,2,0,50,0.8475,42.43,44
2066-05-06,Term 3 2066,10,3,0,50,0.8604,43.0,45
2066-05-07,Term 3 2066,10,4,0,50,0.8675,43.29,41
2066-05-10,Term 3 2066,11,0,0,50,0.8572,42.71,43
2066-05-11,Term 3 2066,11,1,0,50,0.8556,42.71,44
2066-05-12,Term 3 2066,11,2,0,50,0.8651,43.14,43
2066-05-13,Term 3 2066,11,3,0,50,0.8743,43.57,45
2066-05-14,Term 3 2066,11,4,0,50,0.8744,43.57,43
2066-05-17,Term 3 2066,12,0,1,50,0.8719,43.43,36
2066-05-18,Term 3 2066,12,1,1,50,0.8465,42.14,38
2066-05-19,Term 3 2066,12,2,1,50,0.8367,41.71,37
2066-05-20,Term 3 2066,12,3,1,50,0.8198,40.86,39
2066-05-21,Term 3 2066,12,4,1,50,0.8049,40.14,38
2066-05-24,Term 3 2066,13,0,1,50,0.7901,39.43,34
2066-05-25,Term 3 2066,13,1,1,50,0.7577,37.86,39
2066-05-26,Term 3 2066,13,2,1,50,0.7455,37.29,37
2066-05-27,Term 3 2066,13,3,1,50,0.7466,37.43,37
2066-05-28,Term 3 2066,13,4,1,50,0.7431,37.29,37
2066-06-14,Term 1 2066,1,0,0,50,0.7455,37.29,37
2066-06-15,Term 1 2066,1,1,0,50,0.7388,37.0,42
2066-06-16,Term 1 2066,1,2,0,50,0.7492,37.57,38
2066-06-17,Term 1 2066,1,3,0,50,0.7616,38.14,40
2066-06-18,Term 1 2066,1,4,0,50,0.7639,38.29,38
2066-06-21,Term 1 2066,2,0,0,50,0.7673,38.43,42
2066-06-22,Term 1 2066,2,1,0,50,0.783,39.14,43
2066-06-23,Term 1 2066,2,2,0,50,0.7996,40.0,44
2066-06-24,Term 1 2066,2,3,0,50,0.8202,41.0,42
2066-06-25,Term 1 2066,2,4,0,50,0.8227,41.0,42
2066-06-28,Term 1 2066,3,0,0,50,0.8342,41.57,41
2066-06-29,Term 1 2066,3,1,0,50,0.837,41.71,44
2066-06-30,Term 1 2066,3,2,0,50,0.8535,42.57,44
2066-07-01,Term 1 2066,3,3,0,50,0.8585,42.86,43
2066-07-02,Term 1 2066,3,4,0,50,0.8583,42.86,42
2066-07-05,Term 1 2066,4,0,0,50,0.8528,42.57,42
2066-07-06,Term 1 2066,4,1,0,50,0.8504,42.57,46
2066-07-07,Term 1 2066,4,2,0,50,0.8598,43.14,45
2066-07-08,Term 1 2066,4,3,0,50,0.8723,43.71,46
2066-07-09,Term 1 2066,4,4,0,50,0.8788,44.0,44
2066-07-12,Term 1 2066,5,0,0,50,0.8785,44.0,43
2066-07-13,Term 1 2066,5,1,0,50,0.8773,44.0,45
2066-07-14,Term 1 2066,5,2,0,50,0.8852,44.43,45
2066-07-15,Term 1 2066,5,3,0,50,0.8958,44.86,44
2066-07-16,Term 1 2066,5,4,0,50,0.8921,44.57,42
2066-07-19,Term 1 2066,6,0,0,50,0.8824,44.14,43
2066-07-20,Term 1 2066,6,1,0,50,0.8734,43.71,45
2066-07-21,Term 1 2066,6,2,0,50,0.8761,43.86,44
2066-07-22,Term 1 2066,6,3,0,50,0.8801,44.0,44
2066-07-23,Term 1 2066,6,4,0,50,0.8769,43.86,41
2066-07-26,Term 1 2066,7,0,0,50,0.8656,43.29,40
2066-07-27,Term 1 2066,7,1,0,50,0.8523,42.71,43
2066-07-28,Term 1 2066,7,2,0,50,0.8566,42.86,44
2066-07-29,Term 1 2066,7,3,0,50,0.8601,43.0,45
2066-07-30,Term 1 2066,7,4,0,50,0.8599,43.0,43
2066-08-02,Term 1 2066,8,0,0,50,0.8562,42.86,40
2066-08-03,Term 1 2066,8,1,0,50,0.8465,42.29,44
2066-08-04,Term 1 2066,8,2,0,50,0.8546,42.71,46
2066-08-05,Term 1 2066,8,3,0,50,0.8729,43.57,46
2066-08-06,Term 1 2066,8,4,0,50,0.8794,44.0,42
2066-08-09,Term 1 2066,9,0,0,50,0.8728,43.71,40
2066-08-10,Term 1 2066,9,1,0,50,0.86,43.0,45
2066-08-11,Term 1 2066,9,2,0,50,0.8659,43.29,42
2066-08-12,Term 1 2066,9,3,0,50,0.8708,43.57,44
2066-08-13,Term 1 2066,9,4,0,50,0.8694,43.57,42
2066-08-16,Term 1 2066,10,0,0,50,0.8583,43.0,40
2066-08-17,Term 1 2066,10,1,0,50,0.8405,42.14,43
2066-08-18,Term 1 2066,10,2,0,50,0.8454,42.29,42
2066-08-19,Term 1 2066,10,3,0,50,0.8516,42.57,43
2066-08-20,Term 1 2066,10,4,0,50,0.8472,42.29,41
2066-08-23,Term 1 2066,11,0,0,50,0.8443,42.14,43
2066-08-24,Term 1 2066,11,1,0,50,0.8426,42.0,44
2066-08-25,Term 1 2066,11,2,0,50,0.8492,42.29,42
2066-08-26,Term 1 2066,11,3,0,50,0.8567,42.57,43
2066-08-27,Term 1 2066,11,4,0,50,0.8563,42.57,42
2066-08-30,Term 1 2066,12,0,1,50,0.855,42.57,34
2066-08-31,Term 1 2066,12,1,1,50,0.827,41.29,39
2066-09-01,Term 1 2066,12,2,1,50,0.8206,41.0,37
2066-09-02,Term 1 2066,12,3,1,50,0.803,40.14,39
2066-09-03,Term 1 2066,12,4,1,50,0.786,39.43,38
2066-09-06,Term 1 2066,13,0,1,50,0.7739,38.86,37
2066-09-07,Term 1 2066,13,1,1,50,0.7559,38.0,39
2066-09-08,Term 1 2066,13,2,1,50,0.7489,37.57,40
2066-09-09,Term 1 2066,13,3,1,50,0.7661,38.43,40
2066-09-10,Term 1 2066,13,4,1,50,0.7696,38.57,37
2066-09-27,Term 2 2066,1,0,0,50,0.7682,38.57,37
2066-09-28,Term 2 2066,1,1,0,50,0.7652,38.29,40
2066-09-29,Term 2 2066,1,2,0,50,0.771,38.57,41
2066-09-30,Term 2 2066,1,3,0,50,0.7844,39.14,41
2066-10-01,Term 2 2066,1,4,0,50,0.7888,39.43,39
2066-10-04,Term 2 2066,2,0,0,50,0.7874,39.29,40
2066-10-05,Term 2 2066,2,1,0,50,0.7865,39.29,42
2066-10-06,Term 2 2066,2,2,0,50,0.8024,40.0,46
2066-10-07,Term 2 2066,2,3,0,50,0.8256,41.29,43
2066-10-08,Term 2 2066,2,4,0,50,0.8334,41.71,43
2066-10-11,Term 2 2066,3,0,0,50,0.8375,42.0,43
2066-10-12,Term 2 2066,3,1,0,50,0.8432,42.29,43
2066-10-13,Term 2 2066,3,2,0,50,0.8526,42.86,44
2066-10-14,Term 2 2066,3,3,0,50,0.8641,43.43,45
2066-10-15,Term 2 2066,3,4,0,50,0.8735,43.86,40
2066-10-18,Term 2 2066,4,0,0,50,0.8582,43.0,42
2066-10-19,Term 2 2066,4,1,0,50,0.8566,42.86,42
2066-10-20,Term 2 2066,4,2,0,50,0.8546,42.71,42
2066-10-21,Term 2 2066,4,3,0,50,0.8529,42.57,44
2066-10-22,Term 2 2066,4,4,0,50,0.8576,42.71,44
2066-10-25,Term 2 2066,5,0,0,50,0.8583,42.71,40
2066-10-26,Term 2 2066,5,1,0,50,0.8437,42.0,44
2066-10-27,Term 2 2066,5,2,0,50,0.8558,42.57,42
2066-10-28,Term 2 2066,5,3,0,50,0.8558,42.57,45
2066-10-29,Term 2 2066,5,4,0,50,0.8647,43.0,43
2066-11-01,Term 2 2066,6,0,0,50,0.8676,43.14,41
2066-11-02,Term 2 2066,6,1,0,50,0.8578,42.71,45
2066-11-03,Term 2 2066,6,2,0,50,0.8604,42.86,46
2066-11-04,Term 2 2066,6,3,0,50,0.8757,43.71,44
2066-11-05,Term 2 2066,6,4,0,50,0.8754,43.71,44
2066-11-08,Term 2 2066,7,0,0,50,0.8803,44.0,42
2066-11-09,Term 2 2066,7,1,0,50,0.8694,43.57,46
2066-11-10,Term 2 2066,7,2,0,50,0.8762,44.0,44
2066-11-11,Term 2 2066,7,3,0,50,0.8843,44.43,45
2066-11-12,Term 2 2066,7,4,0,50,0.8858,44.43,43
2066-11-15,Term 2 2066,8,0,0,50,0.8774,44.0,40
2066-11-16,Term 2 2066,8,1,0,50,0.8643,43.43,45
2066-11-17,Term 2 2066,8,2,0,50,0.8687,43.57,44
2066-11-18,Term 2 2066,8,3,0,50,0.8756,43.86,45
2066-11-19,Term 2 2066,8,4,0,50,0.8732,43.71,40
2066-11-22,Term 2 2066,9,0,0,50,0.8638,43.14,41
2066-11-23,Term 2 2066,9,1,0,50,0.8522,42.57,43
2066-11-24,Term 2 2066,9,2,0,50,0.8534,42.57,43
2066-11-25,Term 2 2066,9,3,0,50,0.8621,43.0,44
2066-11-26,Term 2 2066,9,4,0,50,0.8584,42.86,41
2066-11-29,Term 2 2066,10,0,0,50,0.8489,42.43,42
2066-11-30,Term 2 2066,10,1,0,50,0.842,42.0,45
2066-12-01,Term 2 2066,10,2,0,50,0.8563,42.71,42
2066-12-02,Term 2 2066,10,3,0,50,0.8584,42.86,43
2066-12-03,Term 2 2066,10,4,0,50,0.8584,42.86,41
2066-12-06,Term 2 2066,11,0,0,50,0.8545,42.57,41
2066-12-07,Term 2 2066,11,1,0,50,0.8454,42.14,44
2066-12-08,Term 2 2066,11,2,0,50,0.8557,42.57,45
2066-12-09,Term 2 2066,11,3,0,50,0.8623,43.0,44
2066-12-10,Term 2 2066,11,4,0,50,0.8592,42.86,42
2066-12-13,Term 2 2066,12,0,1,50,0.8587,42.86,34
2066-12-14,Term 2 2066,12,1,1,50,0.8326,41.57,36
2066-12-15,Term 2 2066,12,2,1,50,0.8182,40.86,39
2066-12-16,Term 2 2066,12,3,1,50,0.8126,40.57,37
2066-12-17,Term 2 2066,12,4,1,50,0.7911,39.57,36
2066-12-20,Term 2 2066,13,0,1,50,0.7671,38.29,37
2066-12-21,Term 2 2066,13,1,1,50,0.7473,37.29,39
2066-12-22,Term 2 2066,13,2,1,50,0.7394,36.86,39
2066-12-23,Term 2 2066,13,3,1,50,0.7542,37.57,37
2066-12-24,Term 2 2066,13,4,1,50,0.7557,37.71,35
2067-01-10,Term 3 2067,1,0,0,50,0.7459,37.14,36
2067-01-11,Term 3 2067,1,1,0,50,0.7433,37.0,41
2067-01-12,Term 3 2067,1,2,0,50,0.7562,37.71,39
2067-01-13,Term 3 2067,1,3,0,50,0.7608,38.0,41
2067-01-14,Term 3 2067,1,4,0,50,0.7674,38.29,39
2067-01-17,Term 3 2067,2,0,0,50,0.7657,38.29,43
2067-01-18,Term 3 2067,2,1,0,50,0.7835,39.14,43
2067-01-19,Term 3 2067,2,2,0,50,0.8043,40.29,45
2067-01-20,Term 3 2067,2,3,0,50,0.8306,41.57,43
2067-01-21,Term 3 2067,2,4,0,50,0.8352,41.86,40
2067-01-24,Term 3 2067,3,0,0,50,0.8387,42.0,42
2067-01-25,Term 3 2067,3,1,0,50,0.8415,42.14,43
2067-01-26,Term 3 2067,3,2,0,50,0.8534,42.71,43
2067-01-27,Term 3 2067,3,3,0,50,0.8518,42.71,43
2067-01-28,Term 3 2067,3,4,0,50,0.8532,42.71,41
2067-01-31,Term 3 2067,4,0,0,50,0.8414,42.14,40
2067-02-01,Term 3 2067,4,1,0,50,0.8349,41.71,46
2067-02-02,Term 3 2067,4,2,0,50,0.8501,42.57,43
2067-02-03,Term 3 2067,4,3,0,50,0.8512,42.71,43
2067-02-04,Term 3 2067,4,4,0,50,0.8526,42.71,43
2067-02-07,Term 3 2067,5,0,0,50,0.8532,42.71,41
2067-02-08,Term 3 2067,5,1,0,50,0.8455,42.43,44
2067-02-09,Term 3 2067,5,2,0,50,0.8543,42.86,44
2067-02-10,Term 3 2067,5,3,0,50,0.8659,43.43,43
2067-02-11,Term 3 2067,5,4,0,50,0.8597,43.0,43
2067-02-14,Term 3 2067,6,0,0,50,0.8593,43.0,41
2067-02-15,Term 3 2067,6,1,0,50,0.854,42.71,45
2067-02-16,Term 3 2067,6,2,0,50,0.8589,43.0,45
2067-02-17,Term 3 2067,6,3,0,50,0.8725,43.57,42
2067-02-18,Term 3 2067,6,4,0,50,0.8673,43.29,43
2067-02-21,Term 3 2067,7,0,0,50,0.8646,43.14,41
2067-02-22,Term 3 2067,7,1,0,50,0.8578,42.86,44
2067-02-23,Term 3 2067,7,2,0,50,0.8624,43.0,43
2067-02-24,Term 3 2067,7,3,0,50,0.8668,43.29,45
2067-02-25,Term 3 2067,7,4,0,50,0.8676,43.29,41
2067-02-28,Term 3 2067,8,0,0,50,0.8564,42.71,43
2067-03-01,Term 3 2067,8,1,0,50,0.8581,42.86,45
2067-03-02,Term 3 2067,8,2,0,50,0.8633,43.14,43
2067-03-03,Term 3 2067,8,3,0,50,0.8684,43.43,45
2067-03-04,Term 3 2067,8,4,0,50,0.8703,43.57,42
2067-03-07,Term 3 2067,9,0,0,50,0.8679,43.43,43
2067-03-08,Term 3 2067,9,1,0,50,0.8622,43.14,45
2067-03-09,Term 3 2067,9,2,0,50,0.8731,43.71,42
2067-03-10,Term 3 2067,9,3,0,50,0.872,43.57,45
2067-03-11,Term 3 2067,9,4,0,50,0.8717,43.57,41
2067-03-14,Term 3 2067,10,0,0,50,0.8666,43.29,41
2067-03-15,Term 3 2067,10,1,0,50,0.8568,42.71,42
2067-03-16,Term 3 2067,10,2,0,50,0.8571,42.71,42
2067-03-17,Term 3 2067,10,3,0,50,0.8561,42.57,45
2067-03-18,Term 3 2067,10,4,0,50,0.8545,42.57,41
2067-03-21,Term 3 2067,11,0,0,50,0.8499,42.43,40
2067-03-22,Term 3 2067,11,1,0,50,0.8355,41.71,44
2067-03-23,Term 3 2067,11,2,0,50,0.845,42.14,43
2067-03-24,Term 3 2067,11,3,0,50,0.851,42.43,44
2067-03-25,Term 3 2067,11,4,0,50,0.855,42.71,42
2067-03-28,Term 3 2067,12,0,1,50,0.8547,42.71,34
2067-03-29,Term 3 2067,12,1,1,50,0.8233,41.14,39
2067-03-30,Term 3 2067,12,2,1,50,0.8177,40.86,39
2067-03-31,Term 3 2067,12,3,1,50,0.8133,40.71,39
2067-04-01,Term 3 2067,12,4,1,50,0.7994,40.0,34
2067-04-04,Term 3 2067,13,0,1,50,0.7724,38.71,35
2067-04-05,Term 3 2067,13,1,1,50,0.7486,37.43,37
2067-04-06,Term 3 2067,13,2,1,50,0.7343,36.71,39
2067-04-07,Term 3 2067,13,3,1,50,0.7484,37.43,36
2067-04-08,Term 3 2067,13,4,1,50,0.7415,37.0,38
2067-04-25,Term 1 2067,1,0,0,50,0.7391,36.86,37
2067-04-26,Term 1 2067,1,1,0,50,0.7312,36.57,40
2067-04-27,Term 1 2067,1,2,0,50,0.7479,37.43,39
2067-04-28,Term 1 2067,1,3,0,50,0.7581,38.0,38
2067-04-29,Term 1 2067,1,4,0,50,0.7602,38.14,39
2067-05-02,Term 1 2067,2,0,0,50,0.762,38.14,41
2067-05-03,Term 1 2067,2,1,0,50,0.7761,38.86,44
2067-05-04,Term 1 2067,2,2,0,50,0.7951,39.71,44
2067-05-05,Term 1 2067,2,3,0,50,0.8151,40.71,44
2067-05-06,Term 1 2067,2,4,0,50,0.8258,41.29,43
2067-05-09,Term 1 2067,3,0,0,50,0.8389,41.86,41
2067-05-10,Term 1 2067,3,1,0,50,0.8458,42.29,43
2067-05-11,Term 1 2067,3,2,0,50,0.858,42.86,43
2067-05-12,Term 1 2067,3,3,0,50,0.8638,43.14,45
2067-05-13,Term 1 2067,3,4,0,50,0.865,43.29,41
2067-05-16,Term 1 2067,4,0,0,50,0.8577,42.86,43
2067-05-17,Term 1 2067,4,1,0,50,0.8571,42.71,46
2067-05-18,Term 1 2067,4,2,0,50,0.8633,43.14,45
2067-05-19,Term 1 2067,4,3,0,50,0.8763,43.71,46
2067-05-20,Term 1 2067,4,4,0,50,0.8823,44.14,42
2067-05-23,Term 1 2067,5,0,0,50,0.8786,44.0,41
2067-05-24,Term 1 2067,5,1,0,50,0.8685,43.43,45
2067-05-25,Term 1 2067,5,2,0,50,0.8796,44.0,46
2067-05-26,Term 1 2067,5,3,0,50,0.8866,44.43,44
2067-05-27,Term 1 2067,5,4,0,50,0.8811,44.14,40
2067-05-30,Term 1 2067,6,0,0,50,0.867,43.43,42
2067-05-31,Term 1 2067,6,1,0,50,0.8554,42.86,46
2067-06-01,Term 1 2067,6,2,0,50,0.8659,43.43,46
2067-06-02,Term 1 2067,6,3,0,50,0.8783,44.14,46
2067-06-03,Term 1 2067,6,4,0,50,0.8805,44.29,44
2067-06-06,Term 1 2067,7,0,0,50,0.8747,44.0,40
2067-06-07,Term 1 2067,7,1,0,50,0.8652,43.43,46
2067-06-08,Term 1 2067,7,2,0,50,0.8817,44.29,45
2067-06-09,Term 1 2067,7,3,0,50,0.8916,44.71,43
2067-06-10,Term 1 2067,7,4,0,50,0.8825,44.29,41
2067-06-13,Term 1 2067,8,0,0,50,0.8705,43.57,43
2067-06-14,Term 1 2067,8,1,0,50,0.8633,43.14,46
2067-06-15,Term 1 2067,8,2,0,50,0.8693,43.43,43
2067-06-16,Term 1 2067,8,3,0,50,0.8777,43.86,45
2067-06-17,Term 1 2067,8,4,0,50,0.8754,43.71,43
2067-06-20,Term 1 2067,9,0,0,50,0.8702,43.43,41
2067-06-21,Term 1 2067,9,1,0,50,0.8668,43.14,43
2067-06-22,Term 1 2067,9,2,0,50,0.8706,43.43,42
2067-06-23,Term 1 2067,9,3,0,50,0.8668,43.29,43
2067-06-24,Term 1 2067,9,4,0,50,0.8574,42.86,44
2067-06-27,Term 1 2067,10,0,0,50,0.8583,43.0,41
2067-06-28,Term 1 2067,10,1,0,50,0.8458,42.43,42
2067-06-29,Term 1 2067,10,2,0,50,0.8433,42.29,43
2067-06-30,Term 1 2067,10,3,0,50,0.8479,42.57,43
2067-07-01,Term 1 2067,10,4,0,50,0.8483,42.57,40
2067-07-04,Term 1 2067,11,0,0,50,0.8436,42.29,40
2067-07-05,Term 1 2067,11,1,0,50,0.8376,41.86,45
2067-07-06,Term 1 2067,11,2,0,50,0.841,42.0,45
2067-07-07,Term 1 2067,11,3,0,50,0.8544,42.57,43
2067-07-08,Term 1 2067,11,4,0,50,0.8578,42.71,42
2067-07-11,Term 1 2067,12,0,1,50,0.8548,42.57,35
2067-07-12,Term 1 2067,12,1,1,50,0.8321,41.43,38
2067-07-13,Term 1 2067,12,2,1,50,0.8251,41.14,39
2067-07-14,Term 1 2067,12,3,1,50,0.8201,41.0,39
2067-07-15,Term 1 2067,12,4,1,50,0.8031,40.14,38
2067-07-18,Term 1 2067,13,0,1,50,0.781,39.14,36
2067-07-19,Term 1 2067,13,1,1,50,0.7601,38.14,39
2067-07-20,Term 1 2067,13,2,1,50,0.7527,37.71,39
2067-07-21,Term 1 2067,13,3,1,50,0.764,38.29,39
2067-07-22,Term 1 2067,13,4,1,50,0.7673,38.43,34
2067-08-08,Term 2 2067,1,0,0,50,0.7549,37.71,36
2067-08-09,Term 2 2067,1,1,0,50,0.7469,37.29,41
2067-08-10,Term 2 2067,1,2,0,50,0.7566,37.71,39
2067-08-11,Term 2 2067,1,3,0,50,0.7634,38.14,41
2067-08-12,Term 2 2067,1,4,0,50,0.7684,38.43,40
2067-08-15,Term 2 2067,2,0,0,50,0.7706,38.57,43
2067-08-16,Term 2 2067,2,1,0,50,0.7813,39.14,45
2067-08-17,Term 2 2067,2,2,0,50,0.8114,40.71,44
2067-08-18,Term 2 2067,2,3,0,50,0.8333,41.86,44
2067-08-19,Term 2 2067,2,4,0,50,0.8406,42.29,40
2067-08-22,Term 2 2067,3,0,0,50,0.8456,42.43,41
2067-08-23,Term 2 2067,3,1,0,50,0.8466,42.43,45
2067-08-24,Term 2 2067,3,2,0,50,0.8619,43.14,44
2067-08-25,Term 2 2067,3,3,0,50,0.8664,43.29,43
2067-08-26,Term 2 2067,3,4,0,50,0.8606,43.0,42
2067-08-29,Term 2 2067,4,0,0,50,0.857,42.71,43
2067-08-30,Term 2 2067,4,1,0,50,0.8541,42.57,43
2067-08-31,Term 2 2067,4,2,0,50,0.8632,43.0,43
2067-09-01,Term 2 2067,4,3,0,50,0.8687,43.29,45
2067-09-02,Term 2 2067,4,4,0,50,0.8696,43.29,42
2067-09-05,Term 2 2067,5,0,0,50,0.8642,43.0,43
2067-09-06,Term 2 2067,5,1,0,50,0.8631,43.0,46
2067-09-07,Term 2 2067,5,2,0,50,0.8723,43.57,45
2067-09-08,Term 2 2067,5,3,0,50,0.878,43.86,43
2067-09-09,Term 2 2067,5,4,0,50,0.8754,43.86,41
2067-09-12,Term 2 2067,6,0,0,50,0.8679,43.57,40
2067-09-13,Term 2 2067,6,1,0,50,0.8538,42.86,44
2067-09-14,Term 2 2067,6,2,0,50,0.8575,43.14,43
2067-09-15,Term 2 2067,6,3,0,50,0.86,43.14,45
2067-09-16,Term 2 2067,6,4,0,50,0.857,43.0,42
2067-09-19,Term 2 2067,7,0,0,50,0.8488,42.57,41
2067-09-20,Term 2 2067,7,1,0,50,0.8433,42.29,44
2067-09-21,Term 2 2067,7,2,0,50,0.8513,42.71,45
2067-09-22,Term 2 2067,7,3,0,50,0.8654,43.43,42
2067-09-23,Term 2 2067,7,4,0,50,0.8608,43.14,44
2067-09-26,Term 2 2067,8,0,0,50,0.8622,43.29,41
2067-09-27,Term 2 2067,8,1,0,50,0.8524,42.71,43
2067-09-28,Term 2 2067,8,2,0,50,0.8551,42.86,45
2067-09-29,Term 2 2067,8,3,0,50,0.8668,43.43,45
2067-09-30,Term 2 2067,8,4,0,50,0.8719,43.57,42
2067-10-03,Term 2 2067,9,0,0,50,0.8621,43.14,40
2067-10-04,Term 2 2067,9,1,0,50,0.8555,42.86,45
2067-10-05,Term 2 2067,9,2,0,50,0.8581,43.0,42
2067-10-06,Term 2 2067,9,3,0,50,0.8616,43.14,45
2067-10-07,Term 2 2067,9,4,0,50,0.8696,43.43,43
2067-10-10,Term 2 2067,10,0,0,50,0.8653,43.14,40
2067-10-11,Term 2 2067,10,1,0,50,0.8487,42.43,43
2067-10-12,Term 2 2067,10,2,0,50,0.8528,42.57,44
2067-10-13,Term 2 2067,10,3,0,50,0.8655,43.14,44
2067-10-14,Term 2 2067,10,4,0,50,0.8621,43.0,42
2067-10-17,Term 2 2067,11,0,0,50,0.8604,43.0,41
2067-10-18,Term 2 2067,11,1,0,50,0.849,42.43,46
2067-10-19,Term 2 2067,11,2,0,50,0.8565,42.86,44
2067-10-20,Term 2 2067,11,3,0,50,0.8681,43.43,45
2067-10-21,Term 2 2067,11,4,0,50,0.8732,43.71,41
2067-10-24,Term 2 2067,12,0,1,50,0.8644,43.29,35
2067-10-25,Term 2 2067,12,1,1,50,0.8387,42.0,39
2067-10-26,Term 2 2067,12,2,1,50,0.8293,41.57,38
2067-10-27,Term 2 2067,12,3,1,50,0.8206,41.14,39
2067-10-28,Term 2 2067,12,4,1,50,0.8017,40.14,36
2067-10-31,Term 2 2067,13,0,1,50,0.7794,39.0,35
2067-11-01,Term 2 2067,13,1,1,50,0.7506,37.57,38
2067-11-02,Term 2 2067,13,2,1,50,0.7411,37.14,37
2067-11-03,Term 2 2067,13,3,1,50,0.7491,37.43,38
2067-11-04,Term 2 2067,13,4,1,50,0.748,37.29,35
2067-11-21,Term 3 2067,1,0,0,50,0.7395,36.86,39
2067-11-22,Term 3 2067,1,1,0,50,0.7379,36.86,42
2067-11-23,Term 3 2067,1,2,0,50,0.7554,37.71,40
2067-11-24,Term 3 2067,1,3,0,50,0.7701,38.43,40
2067-11-25,Term 3 2067,1,4,0,50,0.7748,38.71,39
2067-11-28,Term 3 2067,2,0,0,50,0.7786,39.0,40
2067-11-29,Term 3 2067,2,1,0,50,0.7842,39.29,43
2067-11-30,Term 3 2067,2,2,0,50,0.8068,40.43,46
2067-12-01,Term 3 2067,2,3,0,50,0.8271,41.43,44
2067-12-02,Term 3 2067,2,4,0,50,0.834,41.71,41
2067-12-05,Term 3 2067,3,0,0,50,0.8359,41.86,43
2067-12-06,Term 3 2067,3,1,0,50,0.8451,42.29,45
2067-12-07,Term 3 2067,3,2,0,50,0.8628,43.14,44
2067-12-08,Term 3 2067,3,3,0,50,0.8735,43.71,42
2067-12-09,Term 3 2067,3,4,0,50,0.8702,43.57,41
2067-12-12,Term 3 2067,4,0,0,50,0.857,42.86,40
2067-12-13,Term 3 2067,4,1,0,50,0.8445,42.29,44
2067-12-14,Term 3 2067,4,2,0,50,0.8536,42.71,43
2067-12-15,Term 3 2067,4,3,0,50,0.8556,42.71,46
2067-12-16,Term 3 2067,4,4,0,50,0.8575,42.86,43
2067-12-19,Term 3 2067,5,0,0,50,0.8544,42.71,41
2067-12-20,Term 3 2067,5,1,0,50,0.8496,42.57,43
2067-12-21,Term 3 2067,5,2,0,50,0.8559,42.86,43
2067-12-22,Term 3 2067,5,3,0,50,0.8651,43.29,45
2067-12-23,Term 3 2067,5,4,0,50,0.8688,43.43,42
2067-12-26,Term 3 2067,6,0,0,50,0.8651,43.29,40
2067-12-27,Term 3 2067,6,1,0,50,0.8499,42.43,43
2067-12-28,Term 3 2067,6,2,0,50,0.8518,42.43,42
2067-12-29,Term 3 2067,6,3,0,50,0.8563,42.57,43
2067-12-30,Term 3 2067,6,4,0,50,0.8561,42.57,43
2068-01-02,Term 3 2067,7,0,0,50,0.8543,42.57,42
2068-01-03,Term 3 2067,7,1,0,50,0.8446,42.14,43
2068-01-04,Term 3 2067,7,2,0,50,0.8482,42.29,42
2068-01-05,Term 3 2067,7,3,0,50,0.8537,42.57,45
2068-01-06,Term 3 2067,7,4,0,50,0.8581,42.86,41
2068-01-09,Term 3 2067,8,0,0,50,0.855,42.71,40
2068-01-10,Term 3 2067,8,1,0,50,0.8451,42.29,42
2068-01-11,Term 3 2067,8,2,0,50,0.8446,42.14,45
2068-01-12,Term 3 2067,8,3,0,50,0.8533,42.57,45
2068-01-13,Term 3 2067,8,4,0,50,0.8564,42.86,42
2068-01-16,Term 3 2067,9,0,0,50,0.8552,42.86,41
2068-01-17,Term 3 2067,9,1,0,50,0.8428,42.29,46
2068-01-18,Term 3 2067,9,2,0,50,0.8567,43.0,45
2068-01-19,Term 3 2067,9,3,0,50,0.8708,43.71,43
2068-01-20,Term 3 2067,9,4,0,50,0.8725,43.86,43
2068-01-23,Term 3 2067,10,0,0,50,0.8679,43.57,43
2068-01-24,Term 3 2067,10,1,0,50,0.8631,43.29,45
2068-01-25,Term 3 2067,10,2,0,50,0.8722,43.71,44
2068-01-26,Term 3 2067,10,3,0,50,0.8822,44.14,44
2068-01-27,Term 3 2067,10,4,0,50,0.8764,43.86,40
2068-01-30,Term 3 2067,11,0,0,50,0.8637,43.14,41
2068-01-31,Term 3 2067,11,1,0,50,0.858,42.86,43
2068-02-01,Term 3 2067,11,2,0,50,0.8559,42.86,46
2068-02-02,Term 3 2067,11,3,0,50,0.8647,43.29,45
2068-02-03,Term 3 2067,11,4,0,50,0.8636,43.29,44
2068-02-06,Term 3 2067,12,0,1,50,0.862,43.29,35
2068-02-07,Term 3 2067,12,1,1,50,0.8368,42.0,40
2068-02-08,Term 3 2067,12,2,1,50,0.8357,42.0,36
2068-02-09,Term 3 2067,12,3,1,50,0.8224,41.29,40
2068-02-10,Term 3 2067,12,4,1,50,0.8142,40.86,37
2068-02-13,Term 3 2067,13,0,1,50,0.7887,39.57,35
2068-02-14,Term 3 2067,13,1,1,50,0.762,38.14,36
2068-02-15,Term 3 2067,13,2,1,50,0.7407,37.0,40
2068-02-16,Term 3 2067,13,3,1,50,0.7543,37.71,37
2068-02-17,Term 3 2067,13,4,1,50,0.7461,37.29,37
2068-03-05,Term 1 2068,1,0,0,50,0.7469,37.43,39
2068-03-06,Term 1 2068,1,1,0,50,0.745,37.29,41
2068-03-07,Term 1 2068,1,2,0,50,0.7574,37.86,40
2068-03-08,Term 1 2068,1,3,0,50,0.7704,38.57,38
2068-03-09,Term 1 2068,1,4,0,50,0.7772,38.86,37
2068-03-12,Term 1 2068,2,0,0,50,0.7685,38.43,41
2068-03-13,Term 1 2068,2,1,0,50,0.7786,39.0,43
2068-03-14,Term 1 2068,2,2,0,50,0.7974,39.86,44
2068-03-15,Term 1 2068,2,3,0,50,0.8118,40.57,45
2068-03-16,Term 1 2068,2,4,0,50,0.8234,41.14,41
2068-03-19,Term 1 2068,3,0,0,50,0.827,41.29,43
2068-03-20,Term 1 2068,3,1,0,50,0.839,42.0,43
2068-03-21,Term 1 2068,3,2,0,50,0.8583,42.86,44
2068-03-22,Term 1 2068,3,3,0,50,0.8678,43.29,45
2068-03-23,Term 1 2068,3,4,0,50,0.8731,43.57,42
2068-03-26,Term 1 2068,4,0,0,50,0.8665,43.29,42
2068-03-27,Term 1 2068,4,1,0,50,0.8581,42.86,45
2068-03-28,Term 1 2068,4,2,0,50,0.8699,43.43,43
2068-03-29,Term 1 2068,4,3,0,50,0.8711,43.43,45
2068-03-30,Term 1 2068,4,4,0,50,0.8745,43.71,42
2068-04-02,Term 1 2068,5,0,0,50,0.8703,43.43,43
2068-04-03,Term 1 2068,5,1,0,50,0.8649,43.14,45
2068-04-04,Term 1 2068,5,2,0,50,0.8733,43.57,43
2068-04-05,Term 1 2068,5,3,0,50,0.8751,43.71,44
2068-04-06,Term 1 2068,5,4,0,50,0.8708,43.57,40
2068-04-09,Term 1 2068,6,0,0,50,0.8622,43.14,41
2068-04-10,Term 1 2068,6,1,0,50,0.8521,42.57,43
2068-04-11,Term 1 2068,6,2,0,50,0.8524,42.71,43
2068-04-12,Term 1 2068,6,3,0,50,0.8522,42.71,44
2068-04-13,Term 1 2068,6,4,0,50,0.8512,42.57,44
2068-04-16,Term 1 2068,7,0,0,50,0.8536,42.71,41
2068-04-17,Term 1 2068,7,1,0,50,0.8454,42.29,43
2068-04-18,Term 1 2068,7,2,0,50,0.8534,42.71,42
2068-04-19,Term 1 2068,7,3,0,50,0.8561,42.86,43
2068-04-20,Term 1 2068,7,4,0,50,0.8583,42.86,40
2068-04-23,Term 1 2068,8,0,0,50,0.8502,42.43,41
2068-04-24,Term 1 2068,8,1,0,50,0.8395,42.0,45
2068-04-25,Term 1 2068,8,2,0,50,0.8422,42.14,45
2068-04-26,Term 1 2068,8,3,0,50,0.8552,42.71,44
2068-04-27,Term 1 2068,8,4,0,50,0.8594,42.86,43
2068-04-30,Term 1 2068,9,0,0,50,0.8607,43.0,41
2068-05-01,Term 1 2068,9,1,0,50,0.8536,42.71,44
2068-05-02,Term 1 2068,9,2,0,50,0.8631,43.29,46
2068-05-03,Term 1 2068,9,3,0,50,0.8775,44.0,42
2068-05-04,Term 1 2068,9,4,0,50,0.8695,43.57,41
2068-05-07,Term 1 2068,10,0,0,50,0.8583,43.0,41
2068-05-08,Term 1 2068,10,1,0,50,0.8484,42.57,44
2068-05-09,Term 1 2068,10,2,0,50,0.8519,42.71,44
2068-05-10,Term 1 2068,10,3,0,50,0.8606,43.14,45
2068-05-11,Term 1 2068,10,4,0,50,0.8646,43.29,41
2068-05-14,Term 1 2068,11,0,0,50,0.8507,42.57,42
2068-05-15,Term 1 2068,11,1,0,50,0.8514,42.57,45
2068-05-16,Term 1 2068,11,2,0,50,0.8609,43.14,43
2068-05-17,Term 1 2068,11,3,0,50,0.867,43.43,42
2068-05-18,Term 1 2068,11,4,0,50,0.8623,43.14,43
2068-05-21,Term 1 2068,12,0,1,50,0.861,43.0,37
2068-05-22,Term 1 2068,12,1,1,50,0.8393,41.86,39
2068-05-23,Term 1 2068,12,2,1,50,0.8327,41.57,38
2068-05-24,Term 1 2068,12,3,1,50,0.8211,41.0,37
2068-05-25,Term 1 2068,12,4,1,50,0.8002,39.86,35
2068-05-28,Term 1 2068,13,0,1,50,0.7768,38.71,37
2068-05-29,Term 1 2068,13,1,1,50,0.7634,38.0,37
2068-05-30,Term 1 2068,13,2,1,50,0.7465,37.14,37
2068-05-31,Term 1 2068,13,3,1,50,0.7459,37.14,37
2068-06-01,Term 1 2068,13,4,1,50,0.7423,36.86,37
2068-06-18,Term 2 2068,1,0,0,50,0.7379,36.71,36
2068-06-19,Term 2 2068,1,1,0,50,0.7328,36.57,40
2068-06-20,Term 2 2068,1,2,0,50,0.749,37.29,39
2068-06-21,Term 2 2068,1,3,0,50,0.7525,37.57,39
2068-06-22,Term 2 2068,1,4,0,50,0.758,37.86,38
2068-06-25,Term 2 2068,2,0,0,50,0.7596,38.0,43
2068-06-26,Term 2 2068,2,1,0,50,0.7774,38.86,42
2068-06-27,Term 2 2068,2,2,0,50,0.7928,39.57,46
2068-06-28,Term 2 2068,2,3,0,50,0.8222,41.0,44
2068-06-29,Term 2 2068,2,4,0,50,0.8328,41.57,42
2068-07-02,Term 2 2068,3,0,0,50,0.8423,42.0,40
2068-07-03,Term 2 2068,3,1,0,50,0.8452,42.14,46
2068-07-04,Term 2 2068,3,2,0,50,0.868,43.29,43
2068-07-05,Term 2 2068,3,3,0,50,0.8652,43.29,44
2068-07-06,Term 2 2068,3,4,0,50,0.8719,43.57,43
2068-07-09,Term 2 2068,4,0,0,50,0.8648,43.14,40
2068-07-10,Term 2 2068,4,1,0,50,0.8524,42.57,43
2068-07-11,Term 2 2068,4,2,0,50,0.855,42.71,46
2068-07-12,Term 2 2068,4,3,0,50,0.8708,43.57,44
2068-07-13,Term 2 2068,4,4,0,50,0.8668,43.29,41
2068-07-16,Term 2 2068,5,0,0,50,0.8616,43.0,40
2068-07-17,Term 2 2068,5,1,0,50,0.8493,42.43,45
2068-07-18,Term 2 2068,5,2,0,50,0.8542,42.71,45
2068-07-19,Term 2 2068,5,3,0,50,0.8687,43.43,44
2068-07-20,Term 2 2068,5,4,0,50,0.8707,43.57,42
2068-07-23,Term 2 2068,6,0,0,50,0.8584,43.0,43
2068-07-24,Term 2 2068,6,1,0,50,0.8533,42.86,44
2068-07-25,Term 2 2068,6,2,0,50,0.8617,43.29,44
2068-07-26,Term 2 2068,6,3,0,50,0.8739,43.86,43
2068-07-27,Term 2 2068,6,4,0,50,0.8687,43.57,41
2068-07-30,Term 2 2068,7,0,0,50,0.8587,43.0,40
2068-07-31,Term 2 2068,7,1,0,50,0.8482,42.43,46
2068-08-01,Term 2 2068,7,2,0,50,0.8594,43.0,46
2068-08-02,Term 2 2068,7,3,0,50,0.8689,43.43,45
2068-08-03,Term 2 2068,7,4,0,50,0.8728,43.57,41
2068-08-06,Term 2 2068,8,0,0,50,0.8639,43.14,42
2068-08-07,Term 2 2068,8,1,0,50,0.8592,43.0,44
2068-08-08,Term 2 2068,8,2,0,50,0.8652,43.43,45
2068-08-09,Term 2 2068,8,3,0,50,0.881,44.14,44
2068-08-10,Term 2 2068,8,4,0,50,0.8765,43.86,42
2068-08-13,Term 2 2068,9,0,0,50,0.8651,43.29,43
2068-08-14,Term 2 2068,9,1,0,50,0.8587,43.0,44
2068-08-15,Term 2 2068,9,2,0,50,0.866,43.43,46
2068-08-16,Term 2 2068,9,3,0,50,0.8775,44.0,43
2068-08-17,Term 2 2068,9,4,0,50,0.8751,43.86,41
2068-08-20,Term 2 2068,10,0,0,50,0.8629,43.29,42
2068-08-21,Term 2 2068,10,1,0,50,0.8561,43.0,43
2068-08-22,Term 2 2068,10,2,0,50,0.8604,43.14,44
2068-08-23,Term 2 2068,10,3,0,50,0.8634,43.29,43
2068-08-24,Term 2 2068,10,4,0,50,0.8602,43.14,44
2068-08-27,Term 2 2068,11,0,0,50,0.8543,42.86,41
2068-08-28,Term 2 2068,11,1,0,50,0.8495,42.57,45
2068-08-29,Term 2 2068,11,2,0,50,0.8594,43.14,46
2068-08-30,Term 2 2068,11,3,0,50,0.8716,43.71,44
2068-08-31,Term 2 2068,11,4,0,50,0.8724,43.86,43
2068-09-03,Term 2 2068,12,0,1,50,0.8687,43.71,36
2068-09-04,Term 2 2068,12,1,1,50,0.8495,42.71,37
2068-09-05,Term 2 2068,12,2,1,50,0.8293,41.71,38
2068-09-06,Term 2 2068,12,3,1,50,0.822,41.29,40
2068-09-07,Term 2 2068,12,4,1,50,0.8088,40.57,36
2068-09-10,Term 2 2068,13,0,1,50,0.7817,39.14,36
2068-09-11,Term 2 2068,13,1,1,50,0.7611,38.0,40
2068-09-12,Term 2 2068,13,2,1,50,0.7532,37.57,37
2068-09-13,Term 2 2068,13,3,1,50,0.757,37.71,37
2068-09-14,Term 2 2068,13,4,1,50,0.7582,37.71,36
2068-10-01,Term 3 2068,1,0,0,50,0.7519,37.43,37
2068-10-02,Term 3 2068,1,1,0,50,0.7445,37.0,38
2068-10-03,Term 3 2068,1,2,0,50,0.7501,37.29,39
2068-10-04,Term 3 2068,1,3,0,50,0.7588,37.71,41
2068-10-05,Term 3 2068,1,4,0,50,0.7622,37.86,40
2068-10-08,Term 3 2068,2,0,0,50,0.7686,38.29,42
2068-10-09,Term 3 2068,2,1,0,50,0.7832,39.0,44
2068-10-10,Term 3 2068,2,2,0,50,0.8059,40.14,45
2068-10-11,Term 3 2068,2,3,0,50,0.8289,41.29,45
2068-10-12,Term 3 2068,2,4,0,50,0.849,42.29,41
2068-10-15,Term 3 2068,3,0,0,50,0.8524,42.57,41
2068-10-16,Term 3 2068,3,1,0,50,0.8524,42.57,45
2068-10-17,Term 3 2068,3,2,0,50,0.8694,43.29,43
2068-10-18,Term 3 2068,3,3,0,50,0.8711,43.43,46
2068-10-19,Term 3 2068,3,4,0,50,0.8755,43.71,44
2068-10-22,Term 3 2068,4,0,0,50,0.8704,43.57,41
2068-10-23,Term 3 2068,4,1,0,50,0.8573,43.0,43
2068-10-24,Term 3 2068,4,2,0,50,0.8645,43.29,46
2068-10-25,Term 3 2068,4,3,0,50,0.8776,44.0,43
2068-10-26,Term 3 2068,4,4,0,50,0.87,43.71,42
2068-10-29,Term 3 2068,5,0,0,50,0.8676,43.57,40
2068-10-30,Term 3 2068,5,1,0,50,0.8525,42.71,44
2068-10-31,Term 3 2068,5,2,0,50,0.8546,42.71,46
2068-11-01,Term 3 2068,5,3,0,50,0.8694,43.43,45
2068-11-02,Term 3 2068,5,4,0,50,0.8751,43.71,44
2068-11-05,Term 3 2068,6,0,0,50,0.8703,43.43,42
2068-11-06,Term 3 2068,6,1,0,50,0.8665,43.29,42
2068-11-07,Term 3 2068,6,2,0,50,0.8682,43.29,44
2068-11-08,Term 3 2068,6,3,0,50,0.8795,43.86,43
2068-11-09,Term 3 2068,6,4,0,50,0.8763,43.71,44
2068-11-12,Term 3 2068,7,0,0,50,0.8698,43.43,40
2068-11-13,Term 3 2068,7,1,0,50,0.8554,42.71,44
2068-11-14,Term 3 2068,7,2,0,50,0.8553,42.71,46
2068-11-15,Term 3 2068,7,3,0,50,0.8677,43.29,42
2068-11-16,Term 3 2068,7,4,0,50,0.8665,43.29,40
2068-11-19,Term 3 2068,8,0,0,50,0.8543,42.71,42
2068-11-20,Term 3 2068,8,1,0,50,0.8511,42.57,45
2068-11-21,Term 3 2068,8,2,0,50,0.8562,42.71,46
2068-11-22,Term 3 2068,8,3,0,50,0.8729,43.57,45
2068-11-23,Term 3 2068,8,4,0,50,0.8775,43.71,40
2068-11-26,Term 3 2068,9,0,0,50,0.8616,42.86,41
2068-11-27,Term 3 2068,9,1,0,50,0.8591,42.71,43
2068-11-28,Term 3 2068,9,2,0,50,0.8674,43.14,45
2068-11-29,Term 3 2068,9,3,0,50,0.875,43.57,42
2068-11-30,Term 3 2068,9,4,0,50,0.8665,43.14,43
2068-12-03,Term 3 2068,10,0,0,50,0.8583,42.71,42
2068-12-04,Term 3 2068,10,1,0,50,0.8487,42.29,44
2068-12-05,Term 3 2068,10,2,0,50,0.8597,42.86,42
2068-12-06,Term 3 2068,10,3,0,50,0.8623,43.0,44
2068-12-07,Term 3 2068,10,4,0,50,0.8649,43.14,43
2068-12-10,Term 3 2068,11,0,0,50,0.8593,42.86,41
2068-12-11,Term 3 2068,11,1,0,50,0.8541,42.71,44
2068-12-12,Term 3 2068,11,2,0,50,0.8555,42.86,45
2068-12-13,Term 3 2068,11,3,0,50,0.8646,43.29,45
2068-12-14,Term 3 2068,11,4,0,50,0.8673,43.43,41
2068-12-17,Term 3 2068,12,0,1,50,0.8655,43.29,36
2068-12-18,Term 3 2068,12,1,1,50,0.8439,42.14,38
2068-12-19,Term 3 2068,12,2,1,50,0.83,41.43,39
2068-12-20,Term 3 2068,12,3,1,50,0.8241,41.14,38
2068-12-21,Term 3 2068,12,4,1,50,0.8073,40.29,34
2068-12-24,Term 3 2068,13,0,1,50,0.7764,38.71,34
2068-12-25,Term 3 2068,13,1,1,50,0.745,37.14,37
2068-12-26,Term 3 2068,13,2,1,50,0.7324,36.57,39
2068-12-27,Term 3 2068,13,3,1,50,0.7408,37.0,39
2068-12-28,Term 3 2068,13,4,1,50,0.7436,37.14,34
2069-01-14,Term 1 2069,1,0,0,50,0.7317,36.43,36
2069-01-15,Term 1 2069,1,1,0,50,0.7273,36.14,40
2069-01-16,Term 1 2069,1,2,0,50,0.7421,37.0,39
2069-01-17,Term 1 2069,1,3,0,50,0.7571,37.71,42
2069-01-18,Term 1 2069,1,4,0,50,0.7703,38.43,39
2069-01-21,Term 1 2069,2,0,0,50,0.7699,38.43,40
2069-01-22,Term 1 2069,2,1,0,50,0.7737,38.57,42
2069-01-23,Term 1 2069,2,2,0,50,0.7964,39.71,45
2069-01-24,Term 1 2069,2,3,0,50,0.8204,41.0,42
2069-01-25,Term 1 2069,2,4,0,50,0.828,41.29,44
2069-01-28,Term 1 2069,3,0,0,50,0.8401,42.0,41
2069-01-29,Term 1 2069,3,1,0,50,0.8395,41.86,43
2069-01-30,Term 1 2069,3,2,0,50,0.8504,42.43,43
2069-01-31,Term 1 2069,3,3,0,50,0.8581,42.86,43
2069-02-01,Term 1 2069,3,4,0,50,0.8604,43.0,42
2069-02-04,Term 1 2069,4,0,0,50,0.8524,42.57,43
2069-02-05,Term 1 2069,4,1,0,50,0.8534,42.71,45
2069-02-06,Term 1 2069,4,2,0,50,0.8568,42.86,44
2069-02-07,Term 1 2069,4,3,0,50,0.8649,43.29,44
2069-02-08,Term 1 2069,4,4,0,50,0.8689,43.43,43
2069-02-11,Term 1 2069,5,0,0,50,0.8689,43.43,40
2069-02-12,Term 1 2069,5,1,0,50,0.8601,43.0,43
2069-02-13,Term 1 2069,5,2,0,50,0.864,43.14,43
2069-02-14,Term 1 2069,5,3,0,50,0.8647,43.14,43
2069-02-15,Term 1 2069,5,4,0,50,0.8609,42.86,41
2069-02-18,Term 1 2069,6,0,0,50,0.8528,42.43,41
2069-02-19,Term 1 2069,6,1,0,50,0.8422,42.0,46
2069-02-20,Term 1 2069,6,2,0,50,0.85,42.43,43
2069-02-21,Term 1 2069,6,3,0,50,0.8573,42.86,45
2069-02-22,Term 1 2069,6,4,0,50,0.8612,43.14,42
2069-02-25,Term 1 2069,7,0,0,50,0.8584,43.0,41
2069-02-26,Term 1 2069,7,1,0,50,0.8521,42.71,43
2069-02-27,Term 1 2069,7,2,0,50,0.857,43.0,45
2069-02-28,Term 1 2069,7,3,0,50,0.8693,43.57,45
2069-03-01,Term 1 2069,7,4,0,50,0.8665,43.43,41
2069-03-04,Term 1 2069,8,0,0,50,0.8606,43.14,41
2069-03-05,Term 1 2069,8,1,0,50,0.8496,42.57,44
2069-03-06,Term 1 2069,8,2,0,50,0.8542,42.86,45
2069-03-07,Term 1 2069,8,3,0,50,0.8636,43.43,42
2069-03-08,Term 1 2069,8,4,0,50,0.8606,43.29,41
2069-03-11,Term 1 2069,9,0,0,50,0.8488,42.71,41
2069-03-12,Term 1 2069,9,1,0,50,0.8371,42.14,44
2069-03-13,Term 1 2069,9,2,0,50,0.8479,42.57,43
2069-03-14,Term 1 2069,9,3,0,50,0.8546,42.86,45
2069-03-15,Term 1 2069,9,4,0,50,0.8585,43.0,43
2069-03-18,Term 1 2069,10,0,0,50,0.854,42.71,43
2069-03-19,Term 1 2069,10,1,0,50,0.8579,42.86,44
2069-03-20,Term 1 2069,10,2,0,50,0.8659,43.29,44
2069-03-21,Term 1 2069,10,3,0,50,0.8766,43.71,43
2069-03-22,Term 1 2069,10,4,0,50,0.8719,43.57,41
2069-03-25,Term 1 2069,11,0,0,50,0.8672,43.29,40
2069-03-26,Term 1 2069,11,1,0,50,0.8536,42.57,45
2069-03-27,Term 1 2069,11,2,0,50,0.8605,42.86,43
2069-03-28,Term 1 2069,11,3,0,50,0.8598,42.86,43
2069-03-29,Term 1 2069,11,4,0,50,0.8595,42.71,43
2069-04-01,Term 1 2069,12,0,1,50,0.8566,42.57,35
2069-04-02,Term 1 2069,12,1,1,50,0.8359,41.43,37
2069-04-03,Term 1 2069,12,2,1,50,0.8225,40.86,38
2069-04-04,Term 1 2069,12,3,1,50,0.8167,40.57,37
2069-04-05,Term 1 2069,12,4,1,50,0.7918,39.43,38
2069-04-08,Term 1 2069,13,0,1,50,0.7756,38.71,34
2069-04-09,Term 1 2069,13,1,1,50,0.7472,37.43,40
2069-04-10,Term 1 2069,13,2,1,50,0.7367,37.0,37
2069-04-11,Term 1 2069,13,3,1,50,0.7422,37.29,37
2069-04-12,Term 1 2069,13,4,1,50,0.7438,37.29,35
2069-04-29,Term 2 2069,1,0,0,50,0.7347,36.86,37
2069-04-30,Term 2 2069,1,1,0,50,0.7344,36.86,41
2069-05-01,Term 2 2069,1,2,0,50,0.7445,37.29,41
2069-05-02,Term 2 2069,1,3,0,50,0.7662,38.29,41
2069-05-03,Term 2 2069,1,4,0,50,0.7685,38.43,37
2069-05-06,Term 2 2069,2,0,0,50,0.7687,38.43,41
2069-05-07,Term 2 2069,2,1,0,50,0.7804,39.0,46
2069-05-08,Term 2 2069,2,2,0,50,0.8111,40.57,46
2069-05-09,Term 2 2069,2,3,0,50,0.8369,41.86,45
2069-05-10,Term 2 2069,2,4,0,50,0.849,42.43,43
2069-05-13,Term 2 2069,3,0,0,50,0.8554,42.71,43
2069-05-14,Term 2 2069,3,1,0,50,0.8612,43.0,44
2069-05-15,Term 2 2069,3,2,0,50,0.8802,44.0,43
2069-05-16,Term 2 2069,3,3,0,50,0.8847,44.29,43
2069-05-17,Term 2 2069,3,4,0,50,0.8766,43.86,43
2069-05-20,Term 2 2069,4,0,0,50,0.8681,43.43,41
2069-05-21,Term 2 2069,4,1,0,50,0.856,42.86,42
2069-05-22,Term 2 2069,4,2,0,50,0.8531,42.71,43
2069-05-23,Term 2 2069,4,3,0,50,0.8551,42.71,42
2069-05-24,Term 2 2069,4,4,0,50,0.8499,42.43,42
2069-05-27,Term 2 2069,5,0,0,50,0.8479,42.29,42
2069-05-28,Term 2 2069,5,1,0,50,0.8445,42.14,45
2069-05-29,Term 2 2069,5,2,0,50,0.8511,42.43,45
2069-05-30,Term 2 2069,5,3,0,50,0.8637,43.0,46
2069-05-31,Term 2 2069,5,4,0,50,0.8737,43.57,40
2069-06-03,Term 2 2069,6,0,0,50,0.8648,43.14,42
2069-06-04,Term 2 2069,6,1,0,50,0.8634,43.14,43
2069-06-05,Term 2 2069,6,2,0,50,0.8656,43.29,43
2069-06-06,Term 2 2069,6,3,0,50,0.8695,43.43,45
2069-06-07,Term 2 2069,6,4,0,50,0.8695,43.43,43
2069-06-10,Term 2 2069,7,0,0,50,0.8617,43.14,42
2069-06-11,Term 2 2069,7,1,0,50,0.8509,42.57,43
2069-06-12,Term 2 2069,7,2,0,50,0.8588,43.0,45
2069-06-13,Term 2 2069,7,3,0,50,0.8674,43.43,44
2069-06-14,Term 2 2069,7,4,0,50,0.8698,43.57,40
2069-06-17,Term 2 2069,8,0,0,50,0.8616,43.14,42
2069-06-18,Term 2 2069,8,1,0,50,0.8529,42.71,44
2069-06-19,Term 2 2069,8,2,0,50,0.8571,42.86,42
2069-06-20,Term 2 2069,8,3,0,50,0.8578,42.86,43
2069-06-21,Term 2 2069,8,4,0,50,0.8572,42.86,43
2069-06-24,Term 2 2069,9,0,0,50,0.8531,42.57,40
2069-06-25,Term 2 2069,9,1,0,50,0.8415,42.0,46
2069-06-26,Term 2 2069,9,2,0,50,0.857,42.86,44
2069-06-27,Term 2 2069,9,3,0,50,0.8632,43.14,42
2069-06-28,Term 2 2069,9,4,0,50,0.8576,42.86,41
2069-07-01,Term 2 2069,10,0,0,50,0.8534,42.71,42
2069-07-02,Term 2 2069,10,1,0,50,0.8508,42.57,44
2069-07-03,Term 2 2069,10,2,0,50,0.8537,42.71,44
2069-07-04,Term 2 2069,10,3,0,50,0.8654,43.29,44
2069-07-05,Term 2 2069,10,4,0,50,0.8612,43.0,43
2069-07-08,Term 2 2069,11,0,0,50,0.8584,42.86,41
2069-07-09,Term 2 2069,11,1,0,50,0.8542,42.71,45
2069-07-10,Term 2 2069,11,2,0,50,0.8646,43.29,43
2069-07-11,Term 2 2069,11,3,0,50,0.8673,43.43,42
2069-07-12,Term 2 2069,11,4,0,50,0.862,43.14,40
2069-07-15,Term 2 2069,12,0,1,50,0.8519,42.57,34
2069-07-16,Term 2 2069,12,1,1,50,0.8237,41.14,38
2069-07-17,Term 2 2069,12,2,1,50,0.8096,40.43,37
2069-07-18,Term 2 2069,12,3,1,50,0.7984,39.86,38
2069-07-19,Term 2 2069,12,4,1,50,0.7796,38.86,36
2069-07-22,Term 2 2069,13,0,1,50,0.761,37.86,36
2069-07-23,Term 2 2069,13,1,1,50,0.742,37.0,39
2069-07-24,Term 2 2069,13,2,1,50,0.7395,36.86,36
2069-07-25,Term 2 2069,13,3,1,50,0.7456,37.14,40
2069-07-26,Term 2 2069,13,4,1,50,0.7496,37.43,37
2069-08-12,Term 3 2069,1,0,0,50,0.7503,37.43,36
2069-08-13,Term 3 2069,1,1,0,50,0.7455,37.14,41
2069-08-14,Term 3 2069,1,2,0,50,0.7596,37.86,40
2069-08-15,Term 3 2069,1,3,0,50,0.7729,38.43,40
2069-08-16,Term 3 2069,1,4,0,50,0.774,38.57,36
2069-08-19,Term 3 2069,2,0,0,50,0.7727,38.57,43
2069-08-20,Term 3 2069,2,1,0,50,0.7812,39.0,44
2069-08-21,Term 3 2069,2,2,0,50,0.802,40.0,44
2069-08-22,Term 3 2069,2,3,0,50,0.824,41.14,43
2069-08-23,Term 3 2069,2,4,0,50,0.8282,41.43,42
2069-08-26,Term 3 2069,3,0,0,50,0.8327,41.71,42
2069-08-27,Term 3 2069,3,1,0,50,0.8377,42.0,46
2069-08-28,Term 3 2069,3,2,0,50,0.8657,43.43,43
2069-08-29,Term 3 2069,3,3,0,50,0.8676,43.43,45
2069-08-30,Term 3 2069,3,4,0,50,0.8707,43.57,41
2069-09-02,Term 3 2069,4,0,0,50,0.8622,43.14,41
2069-09-03,Term 3 2069,4,1,0,50,0.8562,42.86,44
2069-09-04,Term 3 2069,4,2,0,50,0.8625,43.14,43
2069-09-05,Term 3 2069,4,3,0,50,0.8673,43.29,44
2069-09-06,Term 3 2069,4,4,0,50,0.8614,43.0,44
2069-09-09,Term 3 2069,5,0,0,50,0.8635,43.14,43
2069-09-10,Term 3 2069,5,1,0,50,0.8572,42.86,44
2069-09-11,Term 3 2069,5,2,0,50,0.8657,43.29,43
2069-09-12,Term 3 2069,5,3,0,50,0.8733,43.57,46
2069-09-13,Term 3 2069,5,4,0,50,0.878,43.86,42
2069-09-16,Term 3 2069,6,0,0,50,0.8742,43.71,40
2069-09-17,Term 3 2069,6,1,0,50,0.8639,43.14,42
2069-09-18,Term 3 2069,6,2,0,50,0.8591,42.86,44
2069-09-19,Term 3 2069,6,3,0,50,0.8604,43.0,43
2069-09-20,Term 3 2069,6,4,0,50,0.8583,42.86,44
2069-09-23,Term 3 2069,7,0,0,50,0.8595,43.0,41
2069-09-24,Term 3 2069,7,1,0,50,0.8463,42.29,45
2069-09-25,Term 3 2069,7,2,0,50,0.854,42.71,44
2069-09-26,Term 3 2069,7,3,0,50,0.8654,43.29,43
2069-09-27,Term 3 2069,7,4,0,50,0.8667,43.43,43
2069-09-30,Term 3 2069,8,0,0,50,0.865,43.29,43
2069-10-01,Term 3 2069,8,1,0,50,0.8631,43.29,43
2069-10-02,Term 3 2069,8,2,0,50,0.8607,43.14,44
2069-10-03,Term 3 2069,8,3,0,50,0.8685,43.57,43
2069-10-04,Term 3 2069,8,4,0,50,0.8648,43.29,42
2069-10-07,Term 3 2069,9,0,0,50,0.859,43.0,40
2069-10-08,Term 3 2069,9,1,0,50,0.851,42.57,43
2069-10-09,Term 3 2069,9,2,0,50,0.8512,42.57,44
2069-10-10,Term 3 2069,9,3,0,50,0.8566,42.71,44
2069-10-11,Term 3 2069,9,4,0,50,0.8607,42.86,41
2069-10-14,Term 3 2069,10,0,0,50,0.851,42.43,40
2069-10-15,Term 3 2069,10,1,0,50,0.842,42.0,45
2069-10-16,Term 3 2069,10,2,0,50,0.8504,42.43,45
2069-10-17,Term 3 2069,10,3,0,50,0.8654,43.14,45
2069-10-18,Term 3 2069,10,4,0,50,0.8717,43.43,42
2069-10-21,Term 3 2069,11,0,0,50,0.866,43.14,40
2069-10-22,Term 3 2069,11,1,0,50,0.8541,42.57,46
2069-10-23,Term 3 2069,11,2,0,50,0.869,43.29,46
2069-10-24,Term 3 2069,11,3,0,50,0.8855,44.14,45
2069-10-25,Term 3 2069,11,4,0,50,0.8843,44.14,43
2069-10-28,Term 3 2069,12,0,1,50,0.8786,43.86,37
2069-10-29,Term 3 2069,12,1,1,50,0.8535,42.71,37
2069-10-30,Term 3 2069,12,2,1,50,0.8381,42.0,40
2069-10-31,Term 3 2069,12,3,1,50,0.837,42.0,38
2069-11-01,Term 3 2069,12,4,1,50,0.8143,40.86,37
2069-11-04,Term 3 2069,13,0,1,50,0.79,39.57,35
2069-11-05,Term 3 2069,13,1,1,50,0.7618,38.14,37
2069-11-06,Term 3 2069,13,2,1,50,0.743,37.29,37
2069-11-07,Term 3 2069,13,3,1,50,0.745,37.29,37
2069-11-08,Term 3 2069,13,4,1,50,0.746,37.29,37
2069-11-25,Term 1 2069,1,0,0,50,0.7381,36.86,37
2069-11-26,Term 1 2069,1,1,0,50,0.7364,36.71,40
2069-11-27,Term 1 2069,1,2,0,50,0.7429,37.14,40
2069-11-28,Term 1 2069,1,3,0,50,0.7568,37.86,40
2069-11-29,Term 1 2069,1,4,0,50,0.7656,38.29,39
2069-12-02,Term 1 2069,2,0,0,50,0.7705,38.57,41
2069-12-03,Term 1 2069,2,1,0,50,0.7811,39.14,46
2069-12-04,Term 1 2069,2,2,0,50,0.8065,40.43,43
2069-12-05,Term 1 2069,2,3,0,50,0.824,41.29,45
2069-12-06,Term 1 2069,2,4,0,50,0.8398,42.0,44
2069-12-09,Term 1 2069,3,0,0,50,0.8521,42.57,43
2069-12-10,Term 1 2069,3,1,0,50,0.8604,43.0,42
2069-12-11,Term 1 2069,3,2,0,50,0.8691,43.43,45
2069-12-12,Term 1 2069,3,3,0,50,0.8796,44.0,43
2069-12-13,Term 1 2069,3,4,0,50,0.871,43.57,43
2069-12-16,Term 1 2069,4,0,0,50,0.8694,43.57,41
2069-12-17,Term 1 2069,4,1,0,50,0.8564,43.0,43
2069-12-18,Term 1 2069,4,2,0,50,0.8553,42.86,43
2069-12-19,Term 1 2069,4,3,0,50,0.8573,42.86,45
2069-12-20,Term 1 2069,4,4,0,50,0.8661,43.29,41
2069-12-23,Term 1 2069,5,0,0,50,0.8561,42.71,42
2069-12-24,Term 1 2069,5,1,0,50,0.853,42.57,43
2069-12-25,Term 1 2069,5,2,0,50,0.8528,42.57,43
2069-12-26,Term 1 2069,5,3,0,50,0.859,42.86,44
2069-12-27,Term 1 2069,5,4,0,50,0.8605,43.0,43
2069-12-30,Term 1 2069,6,0,0,50,0.8609,43.0,40
2069-12-31,Term 1 2069,6,1,0,50,0.8459,42.29,43
2070-01-01,Term 1 2069,6,2,0,50,0.8507,42.57,43
2070-01-02,Term 1 2069,6,3,0,50,0.8551,42.71,44
2070-01-03,Term 1 2069,6,4,0,50,0.8583,42.86,43
2070-01-06,Term 1 2069,7,0,0,50,0.8584,42.86,41
2070-01-07,Term 1 2069,7,1,0,50,0.8509,42.43,46
2070-01-08,Term 1 2069,7,2,0,50,0.8579,42.86,42
2070-01-09,Term 1 2069,7,3,0,50,0.8644,43.14,45
2070-01-10,Term 1 2069,7,4,0,50,0.8691,43.43,43
2070-01-13,Term 1 2069,8,0,0,50,0.8676,43.43,43
2070-01-14,Term 1 2069,8,1,0,50,0.8653,43.29,44
2070-01-15,Term 1 2069,8,2,0,50,0.8684,43.43,43
2070-01-16,Term 1 2069,8,3,0,50,0.8733,43.71,44
2070-01-17,Term 1 2069,8,4,0,50,0.8692,43.43,42
2070-01-20,Term 1 2069,9,0,0,50,0.8672,43.43,40
2070-01-21,Term 1 2069,9,1,0,50,0.8537,42.71,45
2070-01-22,Term 1 2069,9,2,0,50,0.8588,43.0,43
2070-01-23,Term 1 2069,9,3,0,50,0.8588,43.0,43
2070-01-24,Term 1 2069,9,4,0,50,0.8574,42.86,44
2070-01-27,Term 1 2069,10,0,0,50,0.8591,43.0,40
2070-01-28,Term 1 2069,10,1,0,50,0.8463,42.43,43
2070-01-29,Term 1 2069,10,2,0,50,0.8492,42.57,45
2070-01-30,Term 1 2069,10,3,0,50,0.8638,43.29,43
2070-01-31,Term 1 2069,10,4,0,50,0.8602,43.0,43
2070-02-03,Term 1 2069,11,0,0,50,0.8602,43.0,41
2070-02-04,Term 1 2069,11,1,0,50,0.8535,42.71,43
2070-02-05,Term 1 2069,11,2,0,50,0.8504,42.57,43
2070-02-06,Term 1 2069,11,3,0,50,0.858,43.0,43
2070-02-07,Term 1 2069,11,4,0,50,0.8599,43.0,41
2070-02-10,Term 1 2069,12,0,1,50,0.8479,42.43,34
2070-02-11,Term 1 2069,12,1,1,50,0.8209,41.14,37
2070-02-12,Term 1 2069,12,2,1,50,0.8034,40.29,38
2070-02-13,Term 1 2069,12,3,1,50,0.7952,39.86,39
2070-02-14,Term 1 2069,12,4,1,50,0.785,39.29,35
2070-02-17,Term 1 2069,13,0,1,50,0.7635,38.14,36
2070-02-18,Term 1 2069,13,1,1,50,0.7418,37.14,37
2070-02-19,Term 1 2069,13,2,1,50,0.7314,36.57,36
2070-02-20,Term 1 2069,13,3,1,50,0.7378,36.86,39
2070-02-21,Term 1 2069,13,4,1,50,0.7439,37.14,34
2070-03-10,Term 2 2070,1,0,0,50,0.7324,36.57,39
2070-03-11,Term 2 2070,1,1,0,50,0.7312,36.57,41
2070-03-12,Term 2 2070,1,2,0,50,0.7478,37.43,39
2070-03-13,Term 2 2070,1,3,0,50,0.7582,37.86,41
2070-03-14,Term 2 2070,1,4,0,50,0.7703,38.43,40
2070-03-17,Term 2 2070,2,0,0,50,0.7804,39.0,41
2070-03-18,Term 2 2070,2,1,0,50,0.7867,39.29,46
2070-03-19,Term 2 2070,2,2,0,50,0.8189,41.0,43
2070-03-20,Term 2 2070,2,3,0,50,0.8306,41.57,44
2070-03-21,Term 2 2070,2,4,0,50,0.8392,42.0,42
2070-03-24,Term 2 2070,3,0,0,50,0.8466,42.43,41
2070-03-25,Term 2 2070,3,1,0,50,0.8449,42.43,45
2070-03-26,Term 2 2070,3,2,0,50,0.8595,43.14,45
2070-03-27,Term 2 2070,3,3,0,50,0.8696,43.71,43
2070-03-28,Term 2 2070,3,4,0,50,0.8624,43.29,43
2070-03-31,Term 2 2070,4,0,0,50,0.8631,43.29,40
2070-04-01,Term 2 2070,4,1,0,50,0.8509,42.71,42
2070-04-02,Term 2 2070,4,2,0,50,0.8527,42.71,44
2070-04-03,Term 2 2070,4,3,0,50,0.8607,43.14,44
2070-04-04,Term 2 2070,4,4,0,50,0.8575,43.0,42
2070-04-07,Term 2 2070,5,0,0,50,0.8493,42.57,40
2070-04-08,Term 2 2070,5,1,0,50,0.8398,42.14,44
2070-04-09,Term 2 2070,5,2,0,50,0.843,42.29,46
2070-04-10,Term 2 2070,5,3,0,50,0.8603,43.14,44
2070-04-11,Term 2 2070,5,4,0,50,0.8648,43.43,40
2070-04-14,Term 2 2070,6,0,0,50,0.8546,42.86,41
2070-04-15,Term 2 2070,6,1,0,50,0.8479,42.43,42
2070-04-16,Term 2 2070,6,2,0,50,0.8484,42.43,44
2070-04-17,Term 2 2070,6,3,0,50,0.8608,43.0,45
2070-04-18,Term 2 2070,6,4,0,50,0.8639,43.14,43
2070-04-21,Term 2 2070,7,0,0,50,0.8568,42.71,41
2070-04-22,Term 2 2070,7,1,0,50,0.8494,42.29,44
2070-04-23,Term 2 2070,7,2,0,50,0.8615,42.86,45
2070-04-24,Term 2 2070,7,3,0,50,0.8709,43.43,45
2070-04-25,Term 2 2070,7,4,0,50,0.8789,43.86,42
2070-04-28,Term 2 2070,8,0,0,50,0.8739,43.57,43
2070-04-29,Term 2 2070,8,1,0,50,0.8687,43.29,45
2070-04-30,Term 2 2070,8,2,0,50,0.8743,43.57,44
2070-05-01,Term 2 2070,8,3,0,50,0.8819,44.0,45
2070-05-02,Term 2 2070,8,4,0,50,0.8845,44.14,43
2070-05-05,Term 2 2070,9,0,0,50,0.8812,43.86,40
2070-05-06,Term 2 2070,9,1,0,50,0.8667,43.14,46
2070-05-07,Term 2 2070,9,2,0,50,0.8765,43.71,44
2070-05-08,Term 2 2070,9,3,0,50,0.8794,43.86,46
2070-05-09,Term 2 2070,9,4,0,50,0.8819,44.0,43
2070-05-12,Term 2 2070,10,0,0,50,0.8787,43.86,43
2070-05-13,Term 2 2070,10,1,0,50,0.8712,43.57,44
2070-05-14,Term 2 2070,10,2,0,50,0.8722,43.71,43
2070-05-15,Term 2 2070,10,3,0,50,0.8815,44.14,44
2070-05-16,Term 2 2070,10,4,0,50,0.8761,43.86,44
2070-05-19,Term 2 2070,11,0,0,50,0.8734,43.86,42
2070-05-20,Term 2 2070,11,1,0,50,0.8634,43.29,45
2070-05-21,Term 2 2070,11,2,0,50,0.8679,43.57,42
2070-05-22,Term 2 2070,11,3,0,50,0.8671,43.43,45
2070-05-23,Term 2 2070,11,4,0,50,0.8696,43.57,41
2070-05-26,Term 2 2070,12,0,1,50,0.8646,43.29,36
2070-05-27,Term 2 2070,12,1,1,50,0.8412,42.14,39
2070-05-28,Term 2 2070,12,2,1,50,0.8276,41.43,39
2070-05-29,Term 2 2070,12,3,1,50,0.8186,41.0,38
2070-05-30,Term 2 2070,12,4,1,50,0.7989,40.0,34
2070-06-02,Term 2 2070,13,0,1,50,0.7755,38.86,36
2070-06-03,Term 2 2070,13,1,1,50,0.7504,37.57,36
2070-06-04,Term 2 2070,13,2,1,50,0.7351,36.86,39
2070-06-05,Term 2 2070,13,3,1,50,0.7457,37.29,36
2070-06-06,Term 2 2070,13,4,1,50,0.738,36.86,35
2070-06-23,Term 3 2070,1,0,0,50,0.7255,36.29,37
2070-06-24,Term 3 2070,1,1,0,50,0.724,36.14,39
2070-06-25,Term 3 2070,1,2,0,50,0.7382,36.86,39
2070-06-26,Term 3 2070,1,3,0,50,0.747,37.29,41
2070-06-27,Term 3 2070,1,4,0,50,0.7604,38.0,37
2070-06-30,Term 3 2070,2,0,0,50,0.7546,37.71,41
2070-07-01,Term 3 2070,2,1,0,50,0.7696,38.43,45
2070-07-02,Term 3 2070,2,2,0,50,0.7975,39.86,45
2070-07-03,Term 3 2070,2,3,0,50,0.82,41.0,44
2070-07-04,Term 3 2070,2,4,0,50,0.835,41.71,41
2070-07-07,Term 3 2070,3,0,0,50,0.8423,42.0,43
2070-07-08,Term 3 2070,3,1,0,50,0.8489,42.29,45
2070-07-09,Term 3 2070,3,2,0,50,0.8722,43.43,43
2070-07-10,Term 3 2070,3,3,0,50,0.8759,43.71,45
2070-07-11,Term 3 2070,3,4,0,50,0.8771,43.71,41
2070-07-14,Term 3 2070,4,0,0,50,0.865,43.14,40
2070-07-15,Term 3 2070,4,1,0,50,0.8533,42.57,42
2070-07-16,Term 3 2070,4,2,0,50,0.8553,42.71,44
2070-07-17,Term 3 2070,4,3,0,50,0.8592,42.86,45
2070-07-18,Term 3 2070,4,4,0,50,0.859,42.86,43
2070-07-21,Term 3 2070,5,0,0,50,0.8604,42.86,42
2070-07-22,Term 3 2070,5,1,0,50,0.8506,42.43,46
2070-07-23,Term 3 2070,5,2,0,50,0.8649,43.14,43
2070-07-24,Term 3 2070,5,3,0,50,0.8737,43.57,43
2070-07-25,Term 3 2070,5,4,0,50,0.877,43.71,41
2070-07-28,Term 3 2070,6,0,0,50,0.8671,43.29,40
2070-07-29,Term 3 2070,6,1,0,50,0.8526,42.57,43
2070-07-30,Term 3 2070,6,2,0,50,0.8529,42.57,44
2070-07-31,Term 3 2070,6,3,0,50,0.8587,42.86,43
2070-08-01,Term 3 2070,6,4,0,50,0.8509,42.43,44
2070-08-04,Term 3 2070,7,0,0,50,0.8521,42.57,40
2070-08-05,Term 3 2070,7,1,0,50,0.8439,42.14,43
2070-08-06,Term 3 2070,7,2,0,50,0.851,42.43,43
2070-08-07,Term 3 2070,7,3,0,50,0.8574,42.86,46
2070-08-08,Term 3 2070,7,4,0,50,0.8642,43.29,42
2070-08-11,Term 3 2070,8,0,0,50,0.8586,43.0,43
2070-08-12,Term 3 2070,8,1,0,50,0.8579,43.0,44
2070-08-13,Term 3 2070,8,2,0,50,0.8572,43.0,44
2070-08-14,Term 3 2070,8,3,0,50,0.867,43.57,45
2070-08-15,Term 3 2070,8,4,0,50,0.8714,43.86,43
2070-08-18,Term 3 2070,9,0,0,50,0.8726,43.86,41
2070-08-19,Term 3 2070,9,1,0,50,0.8595,43.14,44
2070-08-20,Term 3 2070,9,2,0,50,0.8653,43.43,44
2070-08-21,Term 3 2070,9,3,0,50,0.8675,43.57,43
2070-08-22,Term 3 2070,9,4,0,50,0.8655,43.43,42
2070-08-25,Term 3 2070,10,0,0,50,0.8591,43.14,43
2070-08-26,Term 3 2070,10,1,0,50,0.8528,42.86,42
2070-08-27,Term 3 2070,10,2,0,50,0.8511,42.71,43
2070-08-28,Term 3 2070,10,3,0,50,0.8559,43.0,46
2070-08-29,Term 3 2070,10,4,0,50,0.8612,43.29,43
2070-09-01,Term 3 2070,11,0,0,50,0.8592,43.14,40
2070-09-02,Term 3 2070,11,1,0,50,0.8511,42.71,45
2070-09-03,Term 3 2070,11,2,0,50,0.8611,43.14,42
2070-09-04,Term 3 2070,11,3,0,50,0.8603,43.0,44
2070-09-05,Term 3 2070,11,4,0,50,0.8649,43.29,42
2070-09-08,Term 3 2070,12,0,1,50,0.8641,43.14,36
2070-09-09,Term 3 2070,12,1,1,50,0.8379,41.71,37
2070-09-10,Term 3 2070,12,2,1,50,0.8218,40.86,37
2070-09-11,Term 3 2070,12,3,1,50,0.8126,40.43,40
2070-09-12,Term 3 2070,12,4,1,50,0.7981,39.71,37
2070-09-15,Term 3 2070,13,0,1,50,0.783,39.0,35
2070-09-16,Term 3 2070,13,1,1,50,0.7572,37.71,37
2070-09-17,Term 3 2070,13,2,1,50,0.7418,37.0,36
2070-09-18,Term 3 2070,13,3,1,50,0.7417,37.0,38
2070-09-19,Term 3 2070,13,4,1,50,0.7433,37.14,34
2070-10-06,Term 1 2070,1,0,0,50,0.7355,36.71,39
2070-10-07,Term 1 2070,1,1,0,50,0.732,36.57,40
2070-10-08,Term 1 2070,1,2,0,50,0.7388,37.0,41
2070-10-09,Term 1 2070,1,3,0,50,0.7574,37.86,39
2070-10-10,Term 1 2070,1,4,0,50,0.7642,38.14,40
2070-10-13,Term 1 2070,2,0,0,50,0.7737,38.71,43
2070-10-14,Term 1 2070,2,1,0,50,0.7881,39.43,44
2070-10-15,Term 1 2070,2,2,0,50,0.8158,40.86,45
2070-10-16,Term 1 2070,2,3,0,50,0.8349,41.71,43
2070-10-17,Term 1 2070,2,4,0,50,0.8452,42.14,44
2070-10-20,Term 1 2070,3,0,0,50,0.8525,42.57,40
2070-10-21,Term 1 2070,3,1,0,50,0.8537,42.71,45
2070-10-22,Term 1 2070,3,2,0,50,0.8674,43.43,44
2070-10-23,Term 1 2070,3,3,0,50,0.8694,43.57,44
2070-10-24,Term 1 2070,3,4,0,50,0.8699,43.57,44
2070-10-27,Term 1 2070,4,0,0,50,0.8653,43.43,41
2070-10-28,Term 1 2070,4,1,0,50,0.8579,43.14,45
2070-10-29,Term 1 2070,4,2,0,50,0.8596,43.29,43
2070-10-30,Term 1 2070,4,3,0,50,0.8695,43.71,43
2070-10-31,Term 1 2070,4,4,0,50,0.8637,43.43,41
2070-11-03,Term 1 2070,5,0,0,50,0.8564,43.0,42
2070-11-04,Term 1 2070,5,1,0,50,0.8503,42.71,43
2070-11-05,Term 1 2070,5,2,0,50,0.8466,42.57,43
2070-11-06,Term 1 2070,5,3,0,50,0.8524,42.86,45
2070-11-07,Term 1 2070,5,4,0,50,0.8529,42.86,43
2070-11-10,Term 1 2070,6,0,0,50,0.8522,42.86,40
2070-11-11,Term 1 2070,6,1,0,50,0.8442,42.43,45
2070-11-12,Term 1 2070,6,2,0,50,0.8562,43.0,45
2070-11-13,Term 1 2070,6,3,0,50,0.8668,43.43,45
2070-11-14,Term 1 2070,6,4,0,50,0.8729,43.71,41
2070-11-17,Term 1 2070,7,0,0,50,0.8697,43.43,41
2070-11-18,Term 1 2070,7,1,0,50,0.8593,42.86,43
2070-11-19,Term 1 2070,7,2,0,50,0.8581,42.86,43
2070-11-20,Term 1 2070,7,3,0,50,0.8665,43.29,46
2070-11-21,Term 1 2070,7,4,0,50,0.8681,43.43,44
2070-11-24,Term 1 2070,8,0,0,50,0.8635,43.29,42
2070-11-25,Term 1 2070,8,1,0,50,0.8573,42.86,45
2070-11-26,Term 1 2070,8,2,0,50,0.868,43.43,43
2070-11-27,Term 1 2070,8,3,0,50,0.8725,43.71,46
2070-11-28,Term 1 2070,8,4,0,50,0.8807,44.14,40
2070-12-01,Term 1 2070,9,0,0,50,0.8743,43.71,40
2070-12-02,Term 1 2070,9,1,0,50,0.8583,42.86,44
2070-12-03,Term 1 2070,9,2,0,50,0.8587,42.86,43
2070-12-04,Term 1 2070,9,3,0,50,0.8608,43.0,45
2070-12-05,Term 1 2070,9,4,0,50,0.8587,43.0,44
2070-12-08,Term 1 2070,10,0,0,50,0.8613,43.14,41
2070-12-09,Term 1 2070,10,1,0,50,0.8471,42.43,43
2070-12-10,Term 1 2070,10,2,0,50,0.8553,42.86,45
2070-12-11,Term 1 2070,10,3,0,50,0.8695,43.57,43
2070-12-12,Term 1 2070,10,4,0,50,0.8676,43.43,44
2070-12-15,Term 1 2070,11,0,0,50,0.8686,43.57,40
2070-12-16,Term 1 2070,11,1,0,50,0.8547,42.86,45
2070-12-17,Term 1 2070,11,2,0,50,0.86,43.0,46
2070-12-18,Term 1 2070,11,3,0,50,0.8745,43.71,42
2070-12-19,Term 1 2070,11,4,0,50,0.8714,43.57,42
2070-12-22,Term 1 2070,12,0,1,50,0.861,43.14,36
2070-12-23,Term 1 2070,12,1,1,50,0.8398,42.14,38
2070-12-24,Term 1 2070,12,2,1,50,0.8242,41.29,37
2070-12-25,Term 1 2070,12,3,1,50,0.8156,40.86,36
2070-12-26,Term 1 2070,12,4,1,50,0.7887,39.57,38
2070-12-29,Term 1 2070,13,0,1,50,0.7656,38.43,34
2070-12-30,Term 1 2070,13,1,1,50,0.7419,37.29,40
2070-12-31,Term 1 2070,13,2,1,50,0.7374,37.0,36
2071-01-01,Term 1 2070,13,3,1,50,0.739,37.0,38
2071-01-02,Term 1 2070,13,4,1,50,0.7385,37.0,38
2071-01-19,Term 2 2071,1,0,0,50,0.7422,37.14,39
2071-01-20,Term 2 2071,1,1,0,50,0.7504,37.57,40
2071-01-21,Term 2 2071,1,2,0,50,0.7577,37.86,39
2071-01-22,Term 2 2071,1,3,0,50,0.771,38.57,40
2071-01-23,Term 2 2071,1,4,0,50,0.7723,38.57,39
2071-01-26,Term 2 2071,2,0,0,50,0.7783,39.0,41
2071-01-27,Term 2 2071,2,1,0,50,0.7864,39.43,44
2071-01-28,Term 2 2071,2,2,0,50,0.8034,40.29,46
2071-01-29,Term 2 2071,2,3,0,50,0.8225,41.29,43
2071-01-30,Term 2 2071,2,4,0,50,0.8293,41.71,43
2071-02-02,Term 2 2071,3,0,0,50,0.841,42.29,41
2071-02-03,Term 2 2071,3,1,0,50,0.8425,42.43,44
2071-02-04,Term 2 2071,3,2,0,50,0.8594,43.14,45
2071-02-05,Term 2 2071,3,3,0,50,0.8712,43.71,44
2071-02-06,Term 2 2071,3,4,0,50,0.8713,43.71,43
2071-02-09,Term 2 2071,4,0,0,50,0.8638,43.29,43
2071-02-10,Term 2 2071,4,1,0,50,0.8649,43.29,43
2071-02-11,Term 2 2071,4,2,0,50,0.8654,43.29,43
2071-02-12,Term 2 2071,4,3,0,50,0.8708,43.57,43
2071-02-13,Term 2 2071,4,4,0,50,0.8653,43.43,44
2071-02-16,Term 2 2071,5,0,0,50,0.8622,43.29,40
2071-02-17,Term 2 2071,5,1,0,50,0.8522,42.71,42
2071-02-18,Term 2 2071,5,2,0,50,0.8503,42.57,42
2071-02-19,Term 2 2071,5,3,0,50,0.8487,42.43,44
2071-02-20,Term 2 2071,5,4,0,50,0.8511,42.57,44
2071-02-23,Term 2 2071,6,0,0,50,0.853,42.71,40
2071-02-24,Term 2 2071,6,1,0,50,0.8456,42.29,43
2071-02-25,Term 2 2071,6,2,0,50,0.8431,42.14,43
2071-02-26,Term 2 2071,6,3,0,50,0.8498,42.57,45
2071-02-27,Term 2 2071,6,4,0,50,0.8564,43.0,41
2071-03-02,Term 2 2071,7,0,0,50,0.8534,42.86,43
2071-03-03,Term 2 2071,7,1,0,50,0.8527,42.71,45
2071-03-04,Term 2 2071,7,2,0,50,0.856,42.86,44
2071-03-05,Term 2 2071,7,3,0,50,0.8678,43.43,44
2071-03-06,Term 2 2071,7,4,0,50,0.8719,43.57,44
2071-03-09,Term 2 2071,8,0,0,50,0.8741,43.71,43
2071-03-10,Term 2 2071,8,1,0,50,0.8681,43.43,43
2071-03-11,Term 2 2071,8,2,0,50,0.8716,43.71,44
2071-03-12,Term 2 2071,8,3,0,50,0.8724,43.86,45
2071-03-13,Term 2 2071,8,4,0,50,0.8724,43.86,42
2071-03-16,Term 2 2071,9,0,0,50,0.8673,43.57,43
2071-03-17,Term 2 2071,9,1,0,50,0.8643,43.43,42
2071-03-18,Term 2 2071,9,2,0,50,0.8603,43.14,46
2071-03-19,Term 2 2071,9,3,0,50,0.8691,43.57,44
2071-03-20,Term 2 2071,9,4,0,50,0.872,43.71,40
2071-03-23,Term 2 2071,10,0,0,50,0.862,43.14,40
2071-03-24,Term 2 2071,10,1,0,50,0.8495,42.43,43
2071-03-25,Term 2 2071,10,2,0,50,0.8507,42.57,43
2071-03-26,Term 2 2071,10,3,0,50,0.8488,42.57,42
2071-03-27,Term 2 2071,10,4,0,50,0.8488,42.57,43
2071-03-30,Term 2 2071,11,0,0,50,0.8418,42.14,40
2071-03-31,Term 2 2071,11,1,0,50,0.8321,41.57,43
2071-04-01,Term 2 2071,11,2,0,50,0.841,42.0,44
2071-04-02,Term 2 2071,11,3,0,50,0.8524,42.57,44
2071-04-03,Term 2 2071,11,4,0,50,0.8559,42.71,41
2071-04-06,Term 2 2071,12,0,1,50,0.8524,42.43,36
2071-04-07,Term 2 2071,12,1,1,50,0.835,41.57,39
2071-04-08,Term 2 2071,12,2,1,50,0.8238,41.0,38
2071-04-09,Term 2 2071,12,3,1,50,0.8185,40.71,38
2071-04-10,Term 2 2071,12,4,1,50,0.8029,40.0,35
2071-04-13,Term 2 2071,13,0,1,50,0.7759,38.71,36
2071-04-14,Term 2 2071,13,1,1,50,0.7532,37.57,38
2071-04-15,Term 2 2071,13,2,1,50,0.7441,37.14,36
2071-04-16,Term 2 2071,13,3,1,50,0.7454,37.14,37
2071-04-17,Term 2 2071,13,4,1,50,0.7392,36.86,37
2071-05-04,Term 3 2071,1,0,0,50,0.7357,36.71,39
2071-05-05,Term 3 2071,1,1,0,50,0.7397,36.86,39
2071-05-06,Term 3 2071,1,2,0,50,0.7525,37.43,42
2071-05-07,Term 3 2071,1,3,0,50,0.7685,38.29,39
2071-05-08,Term 3 2071,1,4,0,50,0.7708,38.43,39
2071-05-11,Term 3 2071,2,0,0,50,0.7787,38.86,41
2071-05-12,Term 3 2071,2,1,0,50,0.7911,39.43,44
2071-05-13,Term 3 2071,2,2,0,50,0.8115,40.43,45
2071-05-14,Term 3 2071,2,3,0,50,0.8271,41.29,45
2071-05-15,Term 3 2071,2,4,0,50,0.8423,42.14,41
2071-05-18,Term 3 2071,3,0,0,50,0.8417,42.0,42
2071-05-19,Term 3 2071,3,1,0,50,0.849,42.43,42
2071-05-20,Term 3 2071,3,2,0,50,0.8576,42.86,43
2071-05-21,Term 3 2071,3,3,0,50,0.8634,43.14,45
2071-05-22,Term 3 2071,3,4,0,50,0.8644,43.29,44
2071-05-25,Term 3 2071,4,0,0,50,0.8622,43.14,40
2071-05-26,Term 3 2071,4,1,0,50,0.8488,42.43,43
2071-05-27,Term 3 2071,4,2,0,50,0.8532,42.71,44
2071-05-28,Term 3 2071,4,3,0,50,0.8597,43.0,42
2071-05-29,Term 3 2071,4,4,0,50,0.8602,43.0,42
2071-06-01,Term 3 2071,5,0,0,50,0.8566,42.86,41
2071-06-02,Term 3 2071,5,1,0,50,0.8455,42.29,45
2071-06-03,Term 3 2071,5,2,0,50,0.8502,42.43,43
2071-06-04,Term 3 2071,5,3,0,50,0.8594,42.86,44
2071-06-05,Term 3 2071,5,4,0,50,0.8618,43.0,44
2071-06-08,Term 3 2071,6,0,0,50,0.8621,43.0,40
2071-06-09,Term 3 2071,6,1,0,50,0.8546,42.71,45
2071-06-10,Term 3 2071,6,2,0,50,0.864,43.14,44
2071-06-11,Term 3 2071,6,3,0,50,0.8735,43.57,44
2071-06-12,Term 3 2071,6,4,0,50,0.8681,43.43,44
2071-06-15,Term 3 2071,7,0,0,50,0.8696,43.57,43
2071-06-16,Term 3 2071,7,1,0,50,0.8689,43.43,43
2071-06-17,Term 3 2071,7,2,0,50,0.8656,43.29,45
2071-06-18,Term 3 2071,7,3,0,50,0.8814,44.0,43
2071-06-19,Term 3 2071,7,4,0,50,0.874,43.71,40
2071-06-22,Term 3 2071,8,0,0,50,0.8627,43.14,42
2071-06-23,Term 3 2071,8,1,0,50,0.8594,42.86,43
2071-06-24,Term 3 2071,8,2,0,50,0.8584,42.71,44
2071-06-25,Term 3 2071,8,3,0,50,0.861,42.86,43
2071-06-26,Term 3 2071,8,4,0,50,0.8605,42.86,43
2071-06-29,Term 3 2071,9,0,0,50,0.855,42.57,42
2071-06-30,Term 3 2071,9,1,0,50,0.8513,42.43,45
2071-07-01,Term 3 2071,9,2,0,50,0.866,43.14,43
2071-07-02,Term 3 2071,9,3,0,50,0.8689,43.29,43
2071-07-03,Term 3 2071,9,4,0,50,0.8675,43.29,44
2071-07-06,Term 3 2071,10,0,0,50,0.8657,43.29,42
2071-07-07,Term 3 2071,10,1,0,50,0.8629,43.14,43
2071-07-08,Term 3 2071,10,2,0,50,0.8631,43.14,42
2071-07-09,Term 3 2071,10,3,0,50,0.8654,43.14,43
2071-07-10,Term 3 2071,10,4,0,50,0.8581,42.86,43
2071-07-13,Term 3 2071,11,0,0,50,0.8555,42.86,42
2071-07-14,Term 3 2071,11,1,0,50,0.8528,42.71,45
2071-07-15,Term 3 2071,11,2,0,50,0.8574,42.86,45
2071-07-16,Term 3 2071,11,3,0,50,0.867,43.29,43
2071-07-17,Term 3 2071,11,4,0,50,0.8645,43.29,44
2071-07-20,Term 3 2071,12,0,1,50,0.8684,43.57,36
2071-07-21,Term 3 2071,12,1,1,50,0.8492,42.57,39
2071-07-22,Term 3 2071,12,2,1,50,0.8403,42.0,37
2071-07-23,Term 3 2071,12,3,1,50,0.8264,41.29,40
2071-07-24,Term 3 2071,12,4,1,50,0.8106,40.57,38
2071-07-27,Term 3 2071,13,0,1,50,0.79,39.57,35
2071-07-28,Term 3 2071,13,1,1,50,0.7674,38.43,40
2071-07-29,Term 3 2071,13,2,1,50,0.7555,37.86,40
2071-07-30,Term 3 2071,13,3,1,50,0.7667,38.43,40
2071-07-31,Term 3 2071,13,4,1,50,0.7671,38.57,36
2071-08-17,Term 1 2071,1,0,0,50,0.7636,38.43,36
2071-08-18,Term 1 2071,1,1,0,50,0.7528,37.86,42
2071-08-19,Term 1 2071,1,2,0,50,0.7641,38.43,38
2071-08-20,Term 1 2071,1,3,0,50,0.7735,38.86,39
2071-08-21,Term 1 2071,1,4,0,50,0.7718,38.71,38
2071-08-24,Term 1 2071,2,0,0,50,0.7671,38.43,41
2071-08-25,Term 1 2071,2,1,0,50,0.7704,38.57,46
2071-08-26,Term 1 2071,2,2,0,50,0.7985,40.0,44
2071-08-27,Term 1 2071,2,3,0,50,0.8225,41.14,46
2071-08-28,Term 1 2071,2,4,0,50,0.8341,41.71,40
2071-08-31,Term 1 2071,3,0,0,50,0.8405,42.0,41
2071-09-01,Term 1 2071,3,1,0,50,0.8466,42.29,43
2071-09-02,Term 1 2071,3,2,0,50,0.8591,43.0,45
2071-09-03,Term 1 2071,3,3,0,50,0.872,43.57,45
2071-09-04,Term 1 2071,3,4,0,50,0.8702,43.43,43
2071-09-07,Term 1 2071,4,0,0,50,0.8668,43.29,43
2071-09-08,Term 1 2071,4,1,0,50,0.8595,42.86,43
2071-09-09,Term 1 2071,4,2,0,50,0.8673,43.29,45
2071-09-10,Term 1 2071,4,3,0,50,0.8788,43.86,45
2071-09-11,Term 1 2071,4,4,0,50,0.8845,44.14,42
2071-09-14,Term 1 2071,5,0,0,50,0.8739,43.71,40
2071-09-15,Term 1 2071,5,1,0,50,0.8602,43.0,45
2071-09-16,Term 1 2071,5,2,0,50,0.8662,43.29,42
2071-09-17,Term 1 2071,5,3,0,50,0.8633,43.14,46
2071-09-18,Term 1 2071,5,4,0,50,0.8715,43.57,41
2071-09-21,Term 1 2071,6,0,0,50,0.86,43.0,43
2071-09-22,Term 1 2071,6,1,0,50,0.8557,42.71,42
2071-09-23,Term 1 2071,6,2,0,50,0.8583,42.71,45
2071-09-24,Term 1 2071,6,3,0,50,0.8717,43.43,46
2071-09-25,Term 1 2071,6,4,0,50,0.873,43.57,41
2071-09-28,Term 1 2071,7,0,0,50,0.8682,43.43,41
2071-09-29,Term 1 2071,7,1,0,50,0.8551,42.71,45
2071-09-30,Term 1 2071,7,2,0,50,0.8653,43.29,45
2071-10-01,Term 1 2071,7,3,0,50,0.871,43.57,42
2071-10-02,Term 1 2071,7,4,0,50,0.8697,43.57,40
2071-10-05,Term 1 2071,8,0,0,50,0.8569,42.86,41
2071-10-06,Term 1 2071,8,1,0,50,0.8425,42.14,42
2071-10-07,Term 1 2071,8,2,0,50,0.8476,42.29,45
2071-10-08,Term 1 2071,8,3,0,50,0.8569,42.86,44
2071-10-09,Term 1 2071,8,4,0,50,0.8546,42.71,43
2071-10-12,Term 1 2071,9,0,0,50,0.8477,42.43,41
2071-10-13,Term 1 2071,9,1,0,50,0.8439,42.29,42
2071-10-14,Term 1 2071,9,2,0,50,0.8497,42.57,45
2071-10-15,Term 1 2071,9,3,0,50,0.8618,43.14,44
2071-10-16,Term 1 2071,9,4,0,50,0.8658,43.43,40
2071-10-19,Term 1 2071,10,0,0,50,0.8537,42.71,43
2071-10-20,Term 1 2071,10,1,0,50,0.8523,42.57,46
2071-10-21,Term 1 2071,10,2,0,50,0.8609,43.0,43
2071-10-22,Term 1 2071,10,3,0,50,0.8685,43.29,43
2071-10-23,Term 1 2071,10,4,0,50,0.8702,43.43,44
2071-10-26,Term 1 2071,11,0,0,50,0.8673,43.29,41
2071-10-27,Term 1 2071,11,1,0,50,0.8593,42.86,46
2071-10-28,Term 1 2071,11,2,0,50,0.8744,43.71,42
2071-10-29,Term 1 2071,11,3,0,50,0.8717,43.57,44
2071-10-30,Term 1 2071,11,4,0,50,0.8666,43.29,42
2071-11-02,Term 1 2071,12,0,1,50,0.8637,43.14,37
2071-11-03,Term 1 2071,12,1,1,50,0.8463,42.29,39
2071-11-04,Term 1 2071,12,2,1,50,0.8315,41.57,39
2071-11-05,Term 1 2071,12,3,1,50,0.8262,41.29,39
2071-11-06,Term 1 2071,12,4,1,50,0.8075,40.29,35
2071-11-09,Term 1 2071,13,0,1,50,0.786,39.29,34
2071-11-10,Term 1 2071,13,1,1,50,0.7575,37.86,40
2071-11-11,Term 1 2071,13,2,1,50,0.7508,37.57,38
2071-11-12,Term 1 2071,13,3,1,50,0.7548,37.71,38
2071-11-13,Term 1 2071,13,4,1,50,0.7538,37.57,35
2071-11-30,Term 2 2071,1,0,0,50,0.7431,37.0,39
2071-12-01,Term 2 2071,1,1,0,50,0.743,37.0,41
2071-12-02,Term 2 2071,1,2,0,50,0.7594,37.86,41
2071-12-03,Term 2 2071,1,3,0,50,0.7807,38.86,42
2071-12-04,Term 2 2071,1,4,0,50,0.786,39.14,38
2071-12-07,Term 2 2071,2,0,0,50,0.7839,39.14,42
2071-12-08,Term 2 2071,2,1,0,50,0.7943,39.71,45
2071-12-09,Term 2 2071,2,2,0,50,0.8229,41.14,43
2071-12-10,Term 2 2071,2,3,0,50,0.8348,41.71,45
2071-12-11,Term 2 2071,2,4,0,50,0.8469,42.29,41
2071-12-14,Term 2 2071,3,0,0,50,0.8462,42.29,41
2071-12-15,Term 2 2071,3,1,0,50,0.8423,42.14,44
2071-12-16,Term 2 2071,3,2,0,50,0.8605,43.0,44
2071-12-17,Term 2 2071,3,3,0,50,0.8651,43.29,45
2071-12-18,Term 2 2071,3,4,0,50,0.8648,43.29,44
2071-12-21,Term 2 2071,4,0,0,50,0.8671,43.43,40
2071-12-22,Term 2 2071,4,1,0,50,0.8526,42.71,42
2071-12-23,Term 2 2071,4,2,0,50,0.8564,42.86,45
2071-12-24,Term 2 2071,4,3,0,50,0.8698,43.43,43
2071-12-25,Term 2 2071,4,4,0,50,0.8668,43.29,42
2071-12-28,Term 2 2071,5,0,0,50,0.862,43.0,42
2071-12-29,Term 2 2071,5,1,0,50,0.852,42.57,45
2071-12-30,Term 2 2071,5,2,0,50,0.8541,42.71,42
2071-12-31,Term 2 2071,5,3,0,50,0.8615,43.0,45
2072-01-01,Term 2 2071,5,4,0,50,0.8693,43.43,43
2072-01-04,Term 2 2071,6,0,0,50,0.8624,43.14,42
2072-01-05,Term 2 2071,6,1,0,50,0.8589,43.0,45
2072-01-06,Term 2 2071,6,2,0,50,0.8686,43.43,44
2072-01-07,Term 2 2071,6,3,0,50,0.8733,43.71,44
2072-01-08,Term 2 2071,6,4,0,50,0.8716,43.57,44
2072-01-11,Term 2 2071,7,0,0,50,0.8752,43.86,41
2072-01-12,Term 2 2071,7,1,0,50,0.8635,43.29,44
2072-01-13,Term 2 2071,7,2,0,50,0.868,43.43,44
2072-01-14,Term 2 2071,7,3,0,50,0.8755,43.71,45
2072-01-15,Term 2 2071,7,4,0,50,0.875,43.71,44
2072-01-18,Term 2 2071,8,0,0,50,0.8759,43.71,42
2072-01-19,Term 2 2071,8,1,0,50,0.8694,43.43,42
2072-01-20,Term 2 2071,8,2,0,50,0.8659,43.14,45
2072-01-21,Term 2 2071,8,3,0,50,0.8774,43.71,43
2072-01-22,Term 2 2071,8,4,0,50,0.8746,43.57,43
2072-01-25,Term 2 2071,9,0,0,50,0.8699,43.43,43
2072-01-26,Term 2 2071,9,1,0,50,0.864,43.14,44
2072-01-27,Term 2 2071,9,2,0,50,0.8636,43.14,44
2072-01-28,Term 2 2071,9,3,0,50,0.8687,43.43,45
2072-01-29,Term 2 2071,9,4,0,50,0.8758,43.86,41
2072-02-01,Term 2 2071,10,0,0,50,0.8654,43.29,43
2072-02-02,Term 2 2071,10,1,0,50,0.8631,43.29,45
2072-02-03,Term 2 2071,10,2,0,50,0.8709,43.57,44
2072-02-04,Term 2 2071,10,3,0,50,0.8742,43.71,44
2072-02-05,Term 2 2071,10,4,0,50,0.8754,43.71,44
2072-02-08,Term 2 2071,11,0,0,50,0.8759,43.71,43
2072-02-09,Term 2 2071,11,1,0,50,0.8696,43.43,45
2072-02-10,Term 2 2071,11,2,0,50,0.8785,44.0,45
2072-02-11,Term 2 2071,11,3,0,50,0.8855,44.29,45
2072-02-12,Term 2 2071,11,4,0,50,0.8834,44.29,40
2072-02-15,Term 2 2071,12,0,1,50,0.8714,43.71,36
2072-02-16,Term 2 2071,12,1,1,50,0.8477,42.57,36
2072-02-17,Term 2 2071,12,2,1,50,0.8258,41.43,40
2072-02-18,Term 2 2071,12,3,1,50,0.8173,41.0,36
2072-02-19,Term 2 2071,12,4,1,50,0.7941,39.71,38
2072-02-22,Term 2 2071,13,0,1,50,0.7729,38.71,37
2072-02-23,Term 2 2071,13,1,1,50,0.7501,37.57,39
2072-02-24,Term 2 2071,13,2,1,50,0.7467,37.43,39
2072-02-25,Term 2 2071,13,3,1,50,0.7571,37.86,37
2072-02-26,Term 2 2071,13,4,1,50,0.7597,38.0,37
2072-03-14,Term 3 2072,1,0,0,50,0.7526,37.57,37
2072-03-15,Term 3 2072,1,1,0,50,0.7539,37.71,42
2072-03-16,Term 3 2072,1,2,0,50,0.766,38.29,39
2072-03-17,Term 3 2072,1,3,0,50,0.7725,38.57,40
2072-03-18,Term 3 2072,1,4,0,50,0.775,38.71,36
2072-03-21,Term 3 2072,2,0,0,50,0.7658,38.29,41
2072-03-22,Term 3 2072,2,1,0,50,0.7781,38.86,46
2072-03-23,Term 3 2072,2,2,0,50,0.803,40.14,43
2072-03-24,Term 3 2072,2,3,0,50,0.8206,41.0,45
2072-03-25,Term 3 2072,2,4,0,50,0.83,41.43,41
2072-03-28,Term 3 2072,3,0,0,50,0.8353,41.71,43
2072-03-29,Term 3 2072,3,1,0,50,0.8433,42.14,44
2072-03-30,Term 3 2072,3,2,0,50,0.8661,43.29,43
2072-03-31,Term 3 2072,3,3,0,50,0.8717,43.57,44
2072-04-01,Term 3 2072,3,4,0,50,0.865,43.29,41
2072-04-04,Term 3 2072,4,0,0,50,0.8602,43.0,43
2072-04-05,Term 3 2072,4,1,0,50,0.8533,42.71,45
2072-04-06,Term 3 2072,4,2,0,50,0.8663,43.29,45
2072-04-07,Term 3 2072,4,3,0,50,0.8744,43.57,43
2072-04-08,Term 3 2072,4,4,0,50,0.872,43.43,42
2072-04-11,Term 3 2072,5,0,0,50,0.8696,43.29,42
2072-04-12,Term 3 2072,5,1,0,50,0.8663,43.0,45
2072-04-13,Term 3 2072,5,2,0,50,0.8776,43.57,43
2072-04-14,Term 3 2072,5,3,0,50,0.8781,43.57,45
2072-04-15,Term 3 2072,5,4,0,50,0.8779,43.57,40
2072-04-18,Term 3 2072,6,0,0,50,0.8635,42.86,42
2072-04-19,Term 3 2072,6,1,0,50,0.8608,42.71,45
2072-04-20,Term 3 2072,6,2,0,50,0.8668,43.14,43
2072-04-21,Term 3 2072,6,3,0,50,0.8691,43.29,44
2072-04-22,Term 3 2072,6,4,0,50,0.8652,43.14,41
2072-04-25,Term 3 2072,7,0,0,50,0.859,42.86,41
2072-04-26,Term 3 2072,7,1,0,50,0.8468,42.29,43
2072-04-27,Term 3 2072,7,2,0,50,0.8544,42.71,45
2072-04-28,Term 3 2072,7,3,0,50,0.8613,43.14,43
2072-04-29,Term 3 2072,7,4,0,50,0.858,42.86,43
2072-05-02,Term 3 2072,8,0,0,50,0.8579,42.86,43
2072-05-03,Term 3 2072,8,1,0,50,0.8554,42.71,45
2072-05-04,Term 3 2072,8,2,0,50,0.8676,43.29,46
2072-05-05,Term 3 2072,8,3,0,50,0.8813,44.0,43
2072-05-06,Term 3 2072,8,4,0,50,0.882,44.0,40
2072-05-09,Term 3 2072,9,0,0,50,0.8694,43.29,42
2072-05-10,Term 3 2072,9,1,0,50,0.8649,43.14,46
2072-05-11,Term 3 2072,9,2,0,50,0.8718,43.57,45
2072-05-12,Term 3 2072,9,3,0,50,0.8767,43.86,44
2072-05-13,Term 3 2072,9,4,0,50,0.8745,43.71,43
2072-05-16,Term 3 2072,10,0,0,50,0.8665,43.29,42
2072-05-17,Term 3 2072,10,1,0,50,0.8618,43.14,44
2072-05-18,Term 3 2072,10,2,0,50,0.8708,43.71,45
2072-05-19,Term 3 2072,10,3,0,50,0.8792,44.14,43
2072-05-20,Term 3 2072,10,4,0,50,0.8711,43.71,40
2072-05-23,Term 3 2072,11,0,0,50,0.8584,43.0,42
2072-05-24,Term 3 2072,11,1,0,50,0.8517,42.71,46
2072-05-25,Term 3 2072,11,2,0,50,0.8588,43.14,44
2072-05-26,Term 3 2072,11,3,0,50,0.8644,43.43,43
2072-05-27,Term 3 2072,11,4,0,50,0.8629,43.29,43
2072-05-30,Term 3 2072,12,0,1,50,0.8574,43.0,36
2072-05-31,Term 3 2072,12,1,1,50,0.8369,42.0,38
2072-06-01,Term 3 2072,12,2,1,50,0.829,41.71,40
2072-06-02,Term 3 2072,12,3,1,50,0.8227,41.43,36
2072-06-03,Term 3 2072,12,4,1,50,0.7967,40.0,38
2072-06-06,Term 3 2072,13,0,1,50,0.7802,39.14,37
2072-06-07,Term 3 2072,13,1,1,50,0.7622,38.29,40
2072-06-08,Term 3 2072,13,2,1,50,0.7527,37.86,37
2072-06-09,Term 3 2072,13,3,1,50,0.7571,38.0,38
2072-06-10,Term 3 2072,13,4,1,50,0.7591,38.0,34
2072-06-27,Term 1 2072,1,0,0,50,0.7438,37.14,39
2072-06-28,Term 1 2072,1,1,0,50,0.7526,37.57,40
2072-06-29,Term 1 2072,1,2,0,50,0.7582,37.86,38
2072-06-30,Term 1 2072,1,3,0,50,0.7622,38.0,40
2072-07-01,Term 1 2072,1,4,0,50,0.764,38.0,39
2072-07-04,Term 1 2072,2,0,0,50,0.7683,38.29,41
2072-07-05,Term 1 2072,2,1,0,50,0.7749,38.71,44
2072-07-06,Term 1 2072,2,2,0,50,0.8025,40.14,45
2072-07-07,Term 1 2072,2,3,0,50,0.8192,41.0,46
2072-07-08,Term 1 2072,2,4,0,50,0.8368,41.86,41
2072-07-11,Term 1 2072,3,0,0,50,0.8448,42.29,40
2072-07-12,Term 1 2072,3,1,0,50,0.8454,42.29,45
2072-07-13,Term 1 2072,3,2,0,50,0.8623,43.14,43
2072-07-14,Term 1 2072,3,3,0,50,0.8688,43.43,42
2072-07-15,Term 1 2072,3,4,0,50,0.8633,43.14,41
2072-07-18,Term 1 2072,4,0,0,50,0.8509,42.57,40
2072-07-19,Term 1 2072,4,1,0,50,0.8327,41.71,44
2072-07-20,Term 1 2072,4,2,0,50,0.8426,42.14,45
2072-07-21,Term 1 2072,4,3,0,50,0.8568,42.86,44
2072-07-22,Term 1 2072,4,4,0,50,0.8541,42.71,42
2072-07-25,Term 1 2072,5,0,0,50,0.8522,42.57,42
2072-07-26,Term 1 2072,5,1,0,50,0.8514,42.57,44
2072-07-27,Term 1 2072,5,2,0,50,0.8591,43.0,45
2072-07-28,Term 1 2072,5,3,0,50,0.8756,43.71,44
2072-07-29,Term 1 2072,5,4,0,50,0.8753,43.71,43
2072-08-01,Term 1 2072,6,0,0,50,0.8672,43.43,43
2072-08-02,Term 1 2072,6,1,0,50,0.8654,43.29,46
2072-08-03,Term 1 2072,6,2,0,50,0.876,43.86,45
2072-08-04,Term 1 2072,6,3,0,50,0.8852,44.29,45
2072-08-05,Term 1 2072,6,4,0,50,0.8886,44.43,44
2072-08-08,Term 1 2072,7,0,0,50,0.8844,44.29,43
2072-08-09,Term 1 2072,7,1,0,50,0.8798,44.14,43
2072-08-10,Term 1 2072,7,2,0,50,0.8814,44.14,43
2072-08-11,Term 1 2072,7,3,0,50,0.8826,44.14,46
2072-08-12,Term 1 2072,7,4,0,50,0.8817,44.14,44
2072-08-15,Term 1 2072,8,0,0,50,0.8782,44.0,41
2072-08-16,Term 1 2072,8,1,0,50,0.8666,43.43,43
2072-08-17,Term 1 2072,8,2,0,50,0.8652,43.29,46
2072-08-18,Term 1 2072,8,3,0,50,0.8741,43.71,43
2072-08-19,Term 1 2072,8,4,0,50,0.8726,43.71,43
2072-08-22,Term 1 2072,9,0,0,50,0.8725,43.71,43
2072-08-23,Term 1 2072,9,1,0,50,0.8663,43.29,43
2072-08-24,Term 1 2072,9,2,0,50,0.8642,43.14,44
2072-08-25,Term 1 2072,9,3,0,50,0.8738,43.57,43
2072-08-26,Term 1 2072,9,4,0,50,0.8712,43.57,44
2072-08-29,Term 1 2072,10,0,0,50,0.8657,43.29,43
2072-08-30,Term 1 2072,10,1,0,50,0.866,43.29,44
2072-08-31,Term 1 2072,10,2,0,50,0.8677,43.43,44
2072-09-01,Term 1 2072,10,3,0,50,0.869,43.57,43
2072-09-02,Term 1 2072,10,4,0,50,0.8698,43.57,43
2072-09-05,Term 1 2072,11,0,0,50,0.8671,43.43,42
2072-09-06,Term 1 2072,11,1,0,50,0.8654,43.29,45
2072-09-07,Term 1 2072,11,2,0,50,0.8681,43.43,45
2072-09-08,Term 1 2072,11,3,0,50,0.8745,43.71,45
2072-09-09,Term 1 2072,11,4,0,50,0.8761,43.86,42
2072-09-12,Term 1 2072,12,0,1,50,0.8713,43.57,37
2072-09-13,Term 1 2072,12,1,1,50,0.8547,42.71,38
2072-09-14,Term 1 2072,12,2,1,50,0.8393,42.0,38
2072-09-15,Term 1 2072,12,3,1,50,0.829,41.43,36
2072-09-16,Term 1 2072,12,4,1,50,0.8042,40.14,36
2072-09-19,Term 1 2072,13,0,1,50,0.7802,38.86,35
2072-09-20,Term 1 2072,13,1,1,50,0.7543,37.43,38
2072-09-21,Term 1 2072,13,2,1,50,0.7415,36.86,40
2072-09-22,Term 1 2072,13,3,1,50,0.7483,37.29,37
2072-09-23,Term 1 2072,13,4,1,50,0.7449,37.14,36
2072-10-10,Term 2 2072,1,0,0,50,0.739,36.86,38
2072-10-11,Term 2 2072,1,1,0,50,0.7434,37.14,38
2072-10-12,Term 2 2072,1,2,0,50,0.7484,37.43,39
2072-10-13,Term 2 2072,1,3,0,50,0.7595,38.0,41
2072-10-14,Term 2 2072,1,4,0,50,0.7702,38.43,37
2072-10-17,Term 2 2072,2,0,0,50,0.761,38.0,42
2072-10-18,Term 2 2072,2,1,0,50,0.7768,38.71,42
2072-10-19,Term 2 2072,2,2,0,50,0.794,39.57,45
2072-10-20,Term 2 2072,2,3,0,50,0.8144,40.57,44
2072-10-21,Term 2 2072,2,4,0,50,0.8317,41.43,44
2072-10-24,Term 2 2072,3,0,0,50,0.8443,42.14,42
2072-10-25,Term 2 2072,3,1,0,50,0.847,42.29,45
2072-10-26,Term 2 2072,3,2,0,50,0.8706,43.43,44
2072-10-27,Term 2 2072,3,3,0,50,0.8755,43.71,45
2072-10-28,Term 2 2072,3,4,0,50,0.8828,44.14,44
2072-10-31,Term 2 2072,4,0,0,50,0.8797,44.0,43
2072-11-01,Term 2 2072,4,1,0,50,0.8773,43.86,43
2072-11-02,Term 2 2072,4,2,0,50,0.8746,43.71,44
2072-11-03,Term 2 2072,4,3,0,50,0.8786,44.0,44
2072-11-04,Term 2 2072,4,4,0,50,0.8766,43.86,43
2072-11-07,Term 2 2072,5,0,0,50,0.873,43.71,41
2072-11-08,Term 2 2072,5,1,0,50,0.8616,43.14,44
2072-11-09,Term 2 2072,5,2,0,50,0.8631,43.14,46
2072-11-10,Term 2 2072,5,3,0,50,0.8689,43.57,46
2072-11-11,Term 2 2072,5,4,0,50,0.8773,44.0,41
2072-11-14,Term 2 2072,6,0,0,50,0.8681,43.57,42
2072-11-15,Term 2 2072,6,1,0,50,0.8609,43.29,45
2072-11-16,Term 2 2072,6,2,0,50,0.8667,43.57,43
2072-11-17,Term 2 2072,6,3,0,50,0.8737,43.86,42
2072-11-18,Term 2 2072,6,4,0,50,0.8672,43.57,42
2072-11-21,Term 2 2072,7,0,0,50,0.8585,43.0,42
2072-11-22,Term 2 2072,7,1,0,50,0.8487,42.43,43
2072-11-23,Term 2 2072,7,2,0,50,0.8568,42.71,42
2072-11-24,Term 2 2072,7,3,0,50,0.8592,42.71,46
2072-11-25,Term 2 2072,7,4,0,50,0.8626,42.86,42
2072-11-28,Term 2 2072,8,0,0,50,0.8603,42.71,42
2072-11-29,Term 2 2072,8,1,0,50,0.8591,42.71,45
2072-11-30,Term 2 2072,8,2,0,50,0.8662,43.14,45
2072-12-01,Term 2 2072,8,3,0,50,0.8736,43.57,43
2072-12-02,Term 2 2072,8,4,0,50,0.8723,43.57,42
2072-12-05,Term 2 2072,9,0,0,50,0.8721,43.57,43
2072-12-06,Term 2 2072,9,1,0,50,0.8625,43.14,43
2072-12-07,Term 2 2072,9,2,0,50,0.8632,43.29,43
2072-12-08,Term 2 2072,9,3,0,50,0.8664,43.43,45
2072-12-09,Term 2 2072,9,4,0,50,0.8654,43.43,42
2072-12-12,Term 2 2072,10,0,0,50,0.857,43.0,40
2072-12-13,Term 2 2072,10,1,0,50,0.8484,42.57,42
2072-12-14,Term 2 2072,10,2,0,50,0.8483,42.57,46
2072-12-15,Term 2 2072,10,3,0,50,0.8575,43.0,44
2072-12-16,Term 2 2072,10,4,0,50,0.8621,43.14,44
2072-12-19,Term 2 2072,11,0,0,50,0.8651,43.29,41
2072-12-20,Term 2 2072,11,1,0,50,0.855,42.71,44
2072-12-21,Term 2 2072,11,2,0,50,0.8597,43.0,45
2072-12-22,Term 2 2072,11,3,0,50,0.8734,43.71,43
2072-12-23,Term 2 2072,11,4,0,50,0.874,43.86,41
2072-12-26,Term 2 2072,12,0,1,50,0.8614,43.14,34
2072-12-27,Term 2 2072,12,1,1,50,0.8316,41.71,37
2072-12-28,Term 2 2072,12,2,1,50,0.8134,40.71,39
2072-12-29,Term 2 2072,12,3,1,50,0.8071,40.43,40
2072-12-30,Term 2 2072,12,4,1,50,0.7953,39.86,36
2073-01-02,Term 2 2072,13,0,1,50,0.7702,38.57,34
2073-01-03,Term 2 2072,13,1,1,50,0.7465,37.29,38
2073-01-04,Term 2 2072,13,2,1,50,0.7357,36.86,37
2073-01-05,Term 2 2072,13,3,1,50,0.7443,37.29,40
2073-01-06,Term 2 2072,13,4,1,50,0.7515,37.71,37
2073-01-23,Term 3 2073,1,0,0,50,0.745,37.43,37
2073-01-24,Term 3 2073,1,1,0,50,0.7374,37.0,41
2073-01-25,Term 3 2073,1,2,0,50,0.7517,37.71,40
2073-01-26,Term 3 2073,1,3,0,50,0.7684,38.57,38
2073-01-27,Term 3 2073,1,4,0,50,0.7698,38.57,38
2073-01-30,Term 3 2073,2,0,0,50,0.7741,38.71,43
2073-01-31,Term 3 2073,2,1,0,50,0.7841,39.14,42
2073-02-01,Term 3 2073,2,2,0,50,0.8004,39.86,43
2073-02-02,Term 3 2073,2,3,0,50,0.8193,40.71,43
2073-02-03,Term 3 2073,2,4,0,50,0.8241,41.0,44
2073-02-06,Term 3 2073,3,0,0,50,0.8348,41.57,42
2073-02-07,Term 3 2073,3,1,0,50,0.8449,42.14,42
2073-02-08,Term 3 2073,3,2,0,50,0.8552,42.71,44
2073-02-09,Term 3 2073,3,3,0,50,0.8555,42.86,42
2073-02-10,Term 3 2073,3,4,0,50,0.8552,42.86,44
2073-02-13,Term 3 2073,4,0,0,50,0.8555,43.0,42
2073-02-14,Term 3 2073,4,1,0,50,0.8529,42.86,45
2073-02-15,Term 3 2073,4,2,0,50,0.8574,43.0,46
2073-02-16,Term 3 2073,4,3,0,50,0.8694,43.57,43
2073-02-17,Term 3 2073,4,4,0,50,0.8715,43.71,42
2073-02-20,Term 3 2073,5,0,0,50,0.8685,43.43,40
2073-02-21,Term 3 2073,5,1,0,50,0.8631,43.14,43
2073-02-22,Term 3 2073,5,2,0,50,0.861,43.0,43
2073-02-23,Term 3 2073,5,3,0,50,0.8657,43.14,45
2073-02-24,Term 3 2073,5,4,0,50,0.8658,43.14,44
2073-02-27,Term 3 2073,6,0,0,50,0.8596,42.86,42
2073-02-28,Term 3 2073,6,1,0,50,0.8572,42.71,44
2073-03-01,Term 3 2073,6,2,0,50,0.8623,43.0,46
2073-03-02,Term 3 2073,6,3,0,50,0.8776,43.86,45
2073-03-03,Term 3 2073,6,4,0,50,0.8832,44.14,44
2073-03-06,Term 3 2073,7,0,0,50,0.8836,44.29,40
2073-03-07,Term 3 2073,7,1,0,50,0.8685,43.57,43
2073-03-08,Term 3 2073,7,2,0,50,0.8655,43.43,45
2073-03-09,Term 3 2073,7,3,0,50,0.8751,43.86,42
2073-03-10,Term 3 2073,7,4,0,50,0.8689,43.57,40
2073-03-13,Term 3 2073,8,0,0,50,0.8534,42.71,42
2073-03-14,Term 3 2073,8,1,0,50,0.8444,42.29,46
2073-03-15,Term 3 2073,8,2,0,50,0.851,42.57,46
2073-03-16,Term 3 2073,8,3,0,50,0.8668,43.43,45
2073-03-17,Term 3 2073,8,4,0,50,0.8744,43.71,41
2073-03-20,Term 3 2073,9,0,0,50,0.8628,43.14,41
2073-03-21,Term 3 2073,9,1,0,50,0.8587,43.0,43
2073-03-22,Term 3 2073,9,2,0,50,0.8679,43.43,43
2073-03-23,Term 3 2073,9,3,0,50,0.871,43.57,44
2073-03-24,Term 3 2073,9,4,0,50,0.866,43.29,44
2073-03-27,Term 3 2073,10,0,0,50,0.8598,43.0,41
2073-03-28,Term 3 2073,10,1,0,50,0.8491,42.43,44
2073-03-29,Term 3 2073,10,2,0,50,0.8582,42.86,46
2073-03-30,Term 3 2073,10,3,0,50,0.8734,43.57,46
2073-03-31,Term 3 2073,10,4,0,50,0.8799,44.0,44
2073-04-03,Term 3 2073,11,0,0,50,0.8829,44.14,43
2073-04-04,Term 3 2073,11,1,0,50,0.8804,44.0,44
2073-04-05,Term 3 2073,11,2,0,50,0.8821,44.0,44
2073-04-06,Term 3 2073,11,3,0,50,0.888,44.43,44
2073-04-07,Term 3 2073,11,4,0,50,0.8862,44.43,40
2073-04-10,Term 3 2073,12,0,1,50,0.8704,43.57,36
2073-04-11,Term 3 2073,12,1,1,50,0.842,42.14,37
2073-04-12,Term 3 2073,12,2,1,50,0.8237,41.14,37
2073-04-13,Term 3 2073,12,3,1,50,0.8073,40.29,37
2073-04-14,Term 3 2073,12,4,1,50,0.7866,39.29,37
2073-04-17,Term 3 2073,13,0,1,50,0.7686,38.29,34
2073-04-18,Term 3 2073,13,1,1,50,0.7414,36.86,38
2073-04-19,Term 3 2073,13,2,1,50,0.7333,36.57,37
2073-04-20,Term 3 2073,13,3,1,50,0.7382,36.71,40
2073-04-21,Term 3 2073,13,4,1,50,0.7448,37.14,38
2073-05-08,Term 1 2073,1,0,0,50,0.7454,37.29,39
2073-05-09,Term 1 2073,1,1,0,50,0.7505,37.57,42
2073-05-10,Term 1 2073,1,2,0,50,0.763,38.29,41
2073-05-11,Term 1 2073,1,3,0,50,0.7818,39.29,41
2073-05-12,Term 1 2073,1,4,0,50,0.7924,39.71,36
2073-05-15,Term 1 2073,2,0,0,50,0.7895,39.57,42
2073-05-16,Term 1 2073,2,1,0,50,0.7949,39.86,45
2073-05-17,Term 1 2073,2,2,0,50,0.8149,40.86,43
2073-05-18,Term 1 2073,2,3,0,50,0.8278,41.43,44
2073-05-19,Term 1 2073,2,4,0,50,0.8349,41.71,42
2073-05-22,Term 1 2073,3,0,0,50,0.8391,41.86,42
2073-05-23,Term 1 2073,3,1,0,50,0.8399,42.0,44
2073-05-24,Term 1 2073,3,2,0,50,0.8604,43.14,44
2073-05-25,Term 1 2073,3,3,0,50,0.8678,43.43,43
2073-05-26,Term 1 2073,3,4,0,50,0.8625,43.14,41
2073-05-29,Term 1 2073,4,0,0,50,0.8568,42.86,41
2073-05-30,Term 1 2073,4,1,0,50,0.8488,42.43,43
2073-05-31,Term 1 2073,4,2,0,50,0.8502,42.57,46
2073-06-01,Term 1 2073,4,3,0,50,0.862,43.14,44
2073-06-02,Term 1 2073,4,4,0,50,0.8624,43.14,42
2073-06-05,Term 1 2073,5,0,0,50,0.8554,42.86,40
2073-06-06,Term 1 2073,5,1,0,50,0.8469,42.43,42
2073-06-07,Term 1 2073,5,2,0,50,0.8492,42.57,42
2073-06-08,Term 1 2073,5,3,0,50,0.8524,42.71,44
2073-06-09,Term 1 2073,5,4,0,50,0.8566,42.86,42
2073-06-12,Term 1 2073,6,0,0,50,0.8471,42.29,41
2073-06-13,Term 1 2073,6,1,0,50,0.8385,41.86,46
2073-06-14,Term 1 2073,6,2,0,50,0.8506,42.43,45
2073-06-15,Term 1 2073,6,3,0,50,0.8656,43.14,45
2073-06-16,Term 1 2073,6,4,0,50,0.8742,43.57,43
2073-06-19,Term 1 2073,7,0,0,50,0.8753,43.71,42
2073-06-20,Term 1 2073,7,1,0,50,0.8677,43.43,42
2073-06-21,Term 1 2073,7,2,0,50,0.867,43.43,46
2073-06-22,Term 1 2073,7,3,0,50,0.8814,44.14,43
2073-06-23,Term 1 2073,7,4,0,50,0.8736,43.71,42
2073-06-26,Term 1 2073,8,0,0,50,0.8658,43.29,43
2073-06-27,Term 1 2073,8,1,0,50,0.8601,43.0,44
2073-06-28,Term 1 2073,8,2,0,50,0.864,43.14,45
2073-06-29,Term 1 2073,8,3,0,50,0.8725,43.57,45
2073-06-30,Term 1 2073,8,4,0,50,0.8804,44.0,42
2073-07-03,Term 1 2073,9,0,0,50,0.87,43.43,40
2073-07-04,Term 1 2073,9,1,0,50,0.8599,43.0,43
2073-07-05,Term 1 2073,9,2,0,50,0.8624,43.14,43
2073-07-06,Term 1 2073,9,3,0,50,0.8614,43.14,46
2073-07-07,Term 1 2073,9,4,0,50,0.8662,43.43,40
2073-07-10,Term 1 2073,10,0,0,50,0.8537,42.71,43
2073-07-11,Term 1 2073,10,1,0,50,0.8476,42.43,45
2073-07-12,Term 1 2073,10,2,0,50,0.8572,42.86,45
2073-07-13,Term 1 2073,10,3,0,50,0.8722,43.57,44
2073-07-14,Term 1 2073,10,4,0,50,0.8748,43.71,41
2073-07-17,Term 1 2073,11,0,0,50,0.8689,43.43,41
2073-07-18,Term 1 2073,11,1,0,50,0.855,42.71,45
2073-07-19,Term 1 2073,11,2,0,50,0.8681,43.43,46
2073-07-20,Term 1 2073,11,3,0,50,0.8762,43.86,42
2073-07-21,Term 1 2073,11,4,0,50,0.8674,43.43,44
2073-07-24,Term 1 2073,12,0,1,50,0.8641,43.29,37
2073-07-25,Term 1 2073,12,1,1,50,0.844,42.29,39
2073-07-26,Term 1 2073,12,2,1,50,0.8387,42.0,36
2073-07-27,Term 1 2073,12,3,1,50,0.8253,41.29,37
2073-07-28,Term 1 2073,12,4,1,50,0.8025,40.14,35
2073-07-31,Term 1 2073,13,0,1,50,0.7716,38.57,36
2073-08-01,Term 1 2073,13,1,1,50,0.7535,37.71,36
2073-08-02,Term 1 2073,13,2,1,50,0.7313,36.57,40
2073-08-03,Term 1 2073,13,3,1,50,0.7388,37.0,37
2073-08-04,Term 1 2073,13,4,1,50,0.733,36.71,37
2073-08-21,Term 2 2073,1,0,0,50,0.7344,36.86,39
2073-08-22,Term 2 2073,1,1,0,50,0.7412,37.14,38
2073-08-23,Term 2 2073,1,2,0,50,0.7503,37.57,39
2073-08-24,Term 2 2073,1,3,0,50,0.7586,38.0,41
2073-08-25,Term 2 2073,1,4,0,50,0.7734,38.71,39
2073-08-28,Term 2 2073,2,0,0,50,0.7724,38.57,43
2073-08-29,Term 2 2073,2,1,0,50,0.7913,39.43,46
2073-08-30,Term 2 2073,2,2,0,50,0.8176,40.71,45
2073-08-31,Term 2 2073,2,3,0,50,0.835,41.57,43
2073-09-01,Term 2 2073,2,4,0,50,0.8506,42.29,43
2073-09-04,Term 2 2073,3,0,0,50,0.8632,42.86,40
2073-09-05,Term 2 2073,3,1,0,50,0.8587,42.71,43
2073-09-06,Term 2 2073,3,2,0,50,0.8679,43.29,43
2073-09-07,Term 2 2073,3,3,0,50,0.8666,43.29,45
2073-09-08,Term 2 2073,3,4,0,50,0.863,43.14,44
2073-09-11,Term 2 2073,4,0,0,50,0.8579,43.0,41
2073-09-12,Term 2 2073,4,1,0,50,0.8514,42.71,44
2073-09-13,Term 2 2073,4,2,0,50,0.854,42.86,45
2073-09-14,Term 2 2073,4,3,0,50,0.8705,43.57,45
2073-09-15,Term 2 2073,4,4,0,50,0.8761,43.86,41
2073-09-18,Term 2 2073,5,0,0,50,0.8699,43.57,43
2073-09-19,Term 2 2073,5,1,0,50,0.8651,43.29,45
2073-09-20,Term 2 2073,5,2,0,50,0.8692,43.43,43
2073-09-21,Term 2 2073,5,3,0,50,0.8746,43.71,45
2073-09-22,Term 2 2073,5,4,0,50,0.876,43.86,42
2073-09-25,Term 2 2073,6,0,0,50,0.8651,43.43,41
2073-09-26,Term 2 2073,6,1,0,50,0.8556,42.86,43
2073-09-27,Term 2 2073,6,2,0,50,0.8621,43.14,46
2073-09-28,Term 2 2073,6,3,0,50,0.8695,43.57,45
2073-09-29,Term 2 2073,6,4,0,50,0.8704,43.57,42
2073-10-02,Term 2 2073,7,0,0,50,0.8672,43.43,42
2073-10-03,Term 2 2073,7,1,0,50,0.859,43.0,45
2073-10-04,Term 2 2073,7,2,0,50,0.8671,43.43,44
2073-10-05,Term 2 2073,7,3,0,50,0.8741,43.86,45
2073-10-06,Term 2 2073,7,4,0,50,0.8788,44.14,42
2073-10-09,Term 2 2073,8,0,0,50,0.868,43.57,42
2073-10-10,Term 2 2073,8,1,0,50,0.8591,43.14,43
2073-10-11,Term 2 2073,8,2,0,50,0.8617,43.29,45
2073-10-12,Term 2 2073,8,3,0,50,0.8693,43.71,42
2073-10-13,Term 2 2073,8,4,0,50,0.8635,43.29,44
2073-10-16,Term 2 2073,9,0,0,50,0.8635,43.29,41
2073-10-17,Term 2 2073,9,1,0,50,0.854,42.71,43
2073-10-18,Term 2 2073,9,2,0,50,0.8567,42.86,43
2073-10-19,Term 2 2073,9,3,0,50,0.86,43.0,46
2073-10-20,Term 2 2073,9,4,0,50,0.8683,43.43,41
2073-10-23,Term 2 2073,10,0,0,50,0.8582,42.86,42
2073-10-24,Term 2 2073,10,1,0,50,0.8575,42.86,46
2073-10-25,Term 2 2073,10,2,0,50,0.8636,43.14,44
2073-10-26,Term 2 2073,10,3,0,50,0.8697,43.57,44
2073-10-27,Term 2 2073,10,4,0,50,0.8737,43.71,41
2073-10-30,Term 2 2073,11,0,0,50,0.8675,43.43,42
2073-10-31,Term 2 2073,11,1,0,50,0.8561,42.86,42
2073-11-01,Term 2 2073,11,2,0,50,0.8601,43.0,42
2073-11-02,Term 2 2073,11,3,0,50,0.8608,43.0,45
2073-11-03,Term 2 2073,11,4,0,50,0.8596,42.86,44
2073-11-06,Term 2 2073,12,0,1,50,0.8594,42.86,37
2073-11-07,Term 2 2073,12,1,1,50,0.8399,41.86,38
2073-11-08,Term 2 2073,12,2,1,50,0.8315,41.43,38
2073-11-09,Term 2 2073,12,3,1,50,0.8207,40.86,37
2073-11-10,Term 2 2073,12,4,1,50,0.8038,40.14,38
2073-11-13,Term 2 2073,13,0,1,50,0.7909,39.57,35
2073-11-14,Term 2 2073,13,1,1,50,0.7626,38.14,36
2073-11-15,Term 2 2073,13,2,1,50,0.7423,37.0,37
2073-11-16,Term 2 2073,13,3,1,50,0.7412,37.0,39
2073-11-17,Term 2 2073,13,4,1,50,0.7444,37.14,35
2073-12-04,Term 3 2073,1,0,0,50,0.7351,36.71,39
2073-12-05,Term 3 2073,1,1,0,50,0.7409,37.0,41
2073-12-06,Term 3 2073,1,2,0,50,0.7502,37.43,39
2073-12-07,Term 3 2073,1,3,0,50,0.7605,38.0,40
2073-12-08,Term 3 2073,1,4,0,50,0.772,38.57,38
2073-12-11,Term 3 2073,2,0,0,50,0.7743,38.71,40
2073-12-12,Term 3 2073,2,1,0,50,0.7765,38.86,44
2073-12-13,Term 3 2073,2,2,0,50,0.804,40.14,42
2073-12-14,Term 3 2073,2,3,0,50,0.8144,40.57,46
2073-12-15,Term 3 2073,2,4,0,50,0.8272,41.29,43
2073-12-18,Term 3 2073,3,0,0,50,0.839,41.86,40
2073-12-19,Term 3 2073,3,1,0,50,0.8384,41.86,43
2073-12-20,Term 3 2073,3,2,0,50,0.8529,42.57,43
2073-12-21,Term 3 2073,3,3,0,50,0.8621,43.0,44
2073-12-22,Term 3 2073,3,4,0,50,0.8617,43.0,44
2073-12-25,Term 3 2073,4,0,0,50,0.8664,43.29,41
2073-12-26,Term 3 2073,4,1,0,50,0.8525,42.57,46
2073-12-27,Term 3 2073,4,2,0,50,0.8603,43.0,46
2073-12-28,Term 3 2073,4,3,0,50,0.8758,43.86,43
2073-12-29,Term 3 2073,4,4,0,50,0.8774,43.86,41
2074-01-01,Term 3 2073,5,0,0,50,0.8704,43.57,42
2074-01-02,Term 3 2073,5,1,0,50,0.8641,43.29,44
2074-01-03,Term 3 2073,5,2,0,50,0.8634,43.29,43
2074-01-04,Term 3 2073,5,3,0,50,0.8684,43.57,43
2074-01-05,Term 3 2073,5,4,0,50,0.8609,43.14,40
2074-01-08,Term 3 2073,6,0,0,50,0.8454,42.29,40
2074-01-09,Term 3 2073,6,1,0,50,0.8363,41.86,43
2074-01-10,Term 3 2073,6,2,0,50,0.8419,42.14,45
2074-01-11,Term 3 2073,6,3,0,50,0.8492,42.57,44
2074-01-12,Term 3 2073,6,4,0,50,0.8498,42.57,43
2074-01-15,Term 3 2073,7,0,0,50,0.8523,42.57,40
2074-01-16,Term 3 2073,7,1,0,50,0.8426,42.14,43
2074-01-17,Term 3 2073,7,2,0,50,0.8504,42.57,44
2074-01-18,Term 3 2073,7,3,0,50,0.8615,43.14,44
2074-01-19,Term 3 2073,7,4,0,50,0.8656,43.29,41
2074-01-22,Term 3 2073,8,0,0,50,0.8541,42.71,43
2074-01-23,Term 3 2073,8,1,0,50,0.8529,42.57,42
2074-01-24,Term 3 2073,8,2,0,50,0.8493,42.43,45
2074-01-25,Term 3 2073,8,3,0,50,0.8635,43.14,44
2074-01-26,Term 3 2073,8,4,0,50,0.8654,43.29,42
2074-01-29,Term 3 2073,9,0,0,50,0.8597,43.0,42
2074-01-30,Term 3 2073,9,1,0,50,0.8533,42.71,43
2074-01-31,Term 3 2073,9,2,0,50,0.8593,43.0,46
2074-02-01,Term 3 2073,9,3,0,50,0.8661,43.43,43
2074-02-02,Term 3 2073,9,4,0,50,0.8697,43.57,41
2074-02-05,Term 3 2073,10,0,0,50,0.8578,43.0,40
2074-02-06,Term 3 2073,10,1,0,50,0.8471,42.43,43
2074-02-07,Term 3 2073,10,2,0,50,0.8494,42.57,44
2074-02-08,Term 3 2073,10,3,0,50,0.8538,42.86,44
2074-02-09,Term 3 2073,10,4,0,50,0.8583,43.0,43
2074-02-12,Term 3 2073,11,0,0,50,0.8512,42.57,43
2074-02-13,Term 3 2073,11,1,0,50,0.8487,42.57,42
2074-02-14,Term 3 2073,11,2,0,50,0.8541,42.71,43
2074-02-15,Term 3 2073,11,3,0,50,0.8626,43.14,45
2074-02-16,Term 3 2073,11,4,0,50,0.8671,43.43,42
2074-02-19,Term 3 2073,12,0,1,50,0.8635,43.14,34
2074-02-20,Term 3 2073,12,1,1,50,0.8336,41.71,39
2074-02-21,Term 3 2073,12,2,1,50,0.8203,41.14,40
2074-02-22,Term 3 2073,12,3,1,50,0.812,40.71,40
2074-02-23,Term 3 2073,12,4,1,50,0.8042,40.43,37
2074-02-26,Term 3 2073,13,0,1,50,0.7861,39.57,35
2074-02-27,Term 3 2073,13,1,1,50,0.7579,38.14,38
2074-02-28,Term 3 2073,13,2,1,50,0.747,37.57,38
2074-03-01,Term 3 2073,13,3,1,50,0.7585,38.14,39
2074-03-02,Term 3 2073,13,4,1,50,0.7596,38.14,37
2074-03-19,Term 1 2074,1,0,0,50,0.7513,37.71,38
2074-03-20,Term 1 2074,1,1,0,50,0.7461,37.43,39
2074-03-21,Term 1 2074,1,2,0,50,0.7541,37.71,42
2074-03-22,Term 1 2074,1,3,0,50,0.775,38.71,40
2074-03-23,Term 1 2074,1,4,0,50,0.7789,39.0,40
2074-03-26,Term 1 2074,2,0,0,50,0.7843,39.29,40
2074-03-27,Term 1 2074,2,1,0,50,0.7875,39.43,44
2074-03-28,Term 1 2074,2,2,0,50,0.8087,40.43,43
2074-03-29,Term 1 2074,2,3,0,50,0.8244,41.14,43
2074-03-30,Term 1 2074,2,4,0,50,0.8335,41.71,43
2074-04-02,Term 1 2074,3,0,0,50,0.8352,41.86,40
2074-04-03,Term 1 2074,3,1,0,50,0.8363,41.86,46
2074-04-04,Term 1 2074,3,2,0,50,0.854,42.71,46
2074-04-05,Term 1 2074,3,3,0,50,0.8708,43.57,46
2074-04-06,Term 1 2074,3,4,0,50,0.8747,43.86,41
2074-04-09,Term 1 2074,4,0,0,50,0.8691,43.57,40
2074-04-10,Term 1 2074,4,1,0,50,0.8606,43.14,45
2074-04-11,Term 1 2074,4,2,0,50,0.8682,43.43,43
2074-04-12,Term 1 2074,4,3,0,50,0.875,43.86,44
2074-04-13,Term 1 2074,4,4,0,50,0.8692,43.57,43
2074-04-16,Term 1 2074,5,0,0,50,0.8602,43.14,42
2074-04-17,Term 1 2074,5,1,0,50,0.8491,42.57,43
2074-04-18,Term 1 2074,5,2,0,50,0.8533,42.86,44
2074-04-19,Term 1 2074,5,3,0,50,0.8648,43.43,45
2074-04-20,Term 1 2074,5,4,0,50,0.8652,43.43,41
2074-04-23,Term 1 2074,6,0,0,50,0.8618,43.14,43
2074-04-24,Term 1 2074,6,1,0,50,0.8602,43.0,44
2074-04-25,Term 1 2074,6,2,0,50,0.8626,43.14,44
2074-04-26,Term 1 2074,6,3,0,50,0.8683,43.43,45
2074-04-27,Term 1 2074,6,4,0,50,0.8741,43.71,42
2074-04-30,Term 1 2074,7,0,0,50,0.8689,43.43,41
2074-05-01,Term 1 2074,7,1,0,50,0.8566,42.86,43
2074-05-02,Term 1 2074,7,2,0,50,0.8624,43.14,43
2074-05-03,Term 1 2074,7,3,0,50,0.8625,43.14,44
2074-05-04,Term 1 2074,7,4,0,50,0.8623,43.14,43
2074-05-07,Term 1 2074,8,0,0,50,0.86,43.0,40
2074-05-08,Term 1 2074,8,1,0,50,0.8469,42.29,43
2074-05-09,Term 1 2074,8,2,0,50,0.85,42.43,43
2074-05-10,Term 1 2074,8,3,0,50,0.8549,42.71,43
2074-05-11,Term 1 2074,8,4,0,50,0.853,42.71,43
2074-05-14,Term 1 2074,9,0,0,50,0.8535,42.71,42
2074-05-15,Term 1 2074,9,1,0,50,0.8493,42.43,44
2074-05-16,Term 1 2074,9,2,0,50,0.8538,42.57,46
2074-05-17,Term 1 2074,9,3,0,50,0.8689,43.43,44
2074-05-18,Term 1 2074,9,4,0,50,0.8727,43.57,43
2074-05-21,Term 1 2074,10,0,0,50,0.8735,43.57,41
2074-05-22,Term 1 2074,10,1,0,50,0.8688,43.29,45
2074-05-23,Term 1 2074,10,2,0,50,0.8719,43.57,43
2074-05-24,Term 1 2074,10,3,0,50,0.874,43.71,43
2074-05-25,Term 1 2074,10,4,0,50,0.8685,43.57,40
2074-05-28,Term 1 2074,11,0,0,50,0.8538,42.71,42
2074-05-29,Term 1 2074,11,1,0,50,0.8478,42.43,43
2074-05-30,Term 1 2074,11,2,0,50,0.8482,42.43,45
2074-05-31,Term 1 2074,11,3,0,50,0.8602,43.0,45
2074-06-01,Term 1 2074,11,4,0,50,0.8617,43.0,42
2074-06-04,Term 1 2074,12,0,1,50,0.8607,42.86,34
2074-06-05,Term 1 2074,12,1,1,50,0.8354,41.57,37
2074-06-06,Term 1 2074,12,2,1,50,0.8252,41.14,38
2074-06-07,Term 1 2074,12,3,1,50,0.814,40.57,37
2074-06-08,Term 1 2074,12,4,1,50,0.7952,39.71,36
2074-06-11,Term 1 2074,13,0,1,50,0.7672,38.43,36
2074-06-12,Term 1 2074,13,1,1,50,0.74,37.14,37
2074-06-13,Term 1 2074,13,2,1,50,0.7235,36.43,38
2074-06-14,Term 1 2074,13,3,1,50,0.7351,37.0,39
2074-06-15,Term 1 2074,13,4,1,50,0.7406,37.29,36
2074-07-02,Term 2 2074,1,0,0,50,0.733,37.0,38
2074-07-03,Term 2 2074,1,1,0,50,0.7374,37.14,39
2074-07-04,Term 2 2074,1,2,0,50,0.7476,37.57,41
2074-07-05,Term 2 2074,1,3,0,50,0.763,38.29,40
2074-07-06,Term 2 2074,1,4,0,50,0.7731,38.71,37
2074-07-09,Term 2 2074,2,0,0,50,0.7699,38.57,41
2074-07-10,Term 2 2074,2,1,0,50,0.7765,38.86,45
2074-07-11,Term 2 2074,2,2,0,50,0.8039,40.14,43
2074-07-12,Term 2 2074,2,3,0,50,0.8171,40.86,44
2074-07-13,Term 2 2074,2,4,0,50,0.8301,41.57,42
2074-07-16,Term 2 2074,3,0,0,50,0.8326,41.71,43
2074-07-17,Term 2 2074,3,1,0,50,0.8404,42.14,43
2074-07-18,Term 2 2074,3,2,0,50,0.8572,43.0,46
2074-07-19,Term 2 2074,3,3,0,50,0.8704,43.71,43
2074-07-20,Term 2 2074,3,4,0,50,0.8651,43.43,44
2074-07-23,Term 2 2074,4,0,0,50,0.8678,43.57,42
2074-07-24,Term 2 2074,4,1,0,50,0.863,43.29,45
2074-07-25,Term 2 2074,4,2,0,50,0.8717,43.71,46
2074-07-26,Term 2 2074,4,3,0,50,0.879,44.14,45
2074-07-27,Term 2 2074,4,4,0,50,0.8852,44.43,43
2074-07-30,Term 2 2074,5,0,0,50,0.8778,44.0,40
2074-07-31,Term 2 2074,5,1,0,50,0.8681,43.57,42
2074-08-01,Term 2 2074,5,2,0,50,0.8632,43.29,45
2074-08-02,Term 2 2074,5,3,0,50,0.8732,43.71,42
2074-08-03,Term 2 2074,5,4,0,50,0.8654,43.29,43
2074-08-06,Term 2 2074,6,0,0,50,0.8594,42.86,41
2074-08-07,Term 2 2074,6,1,0,50,0.8482,42.29,46
2074-08-08,Term 2 2074,6,2,0,50,0.8552,42.71,43
2074-08-09,Term 2 2074,6,3,0,50,0.8636,43.14,43
2074-08-10,Term 2 2074,6,4,0,50,0.8653,43.29,41
2074-08-13,Term 2 2074,7,0,0,50,0.8521,42.71,43
2074-08-14,Term 2 2074,7,1,0,50,0.854,42.86,43
2074-08-15,Term 2 2074,7,2,0,50,0.8541,42.86,46
2074-08-16,Term 2 2074,7,3,0,50,0.868,43.57,44
2074-08-17,Term 2 2074,7,4,0,50,0.8644,43.29,43
2074-08-20,Term 2 2074,8,0,0,50,0.8659,43.29,41
2074-08-21,Term 2 2074,8,1,0,50,0.8624,43.0,45
2074-08-22,Term 2 2074,8,2,0,50,0.8738,43.57,43
2074-08-23,Term 2 2074,8,3,0,50,0.8746,43.57,42
2074-08-24,Term 2 2074,8,4,0,50,0.8716,43.43,42
2074-08-27,Term 2 2074,9,0,0,50,0.8619,42.86,43
2074-08-28,Term 2 2074,9,1,0,50,0.8584,42.71,43
2074-08-29,Term 2 2074,9,2,0,50,0.8564,42.71,44
2074-08-30,Term 2 2074,9,3,0,50,0.8629,43.14,44
2074-08-31,Term 2 2074,9,4,0,50,0.8609,43.0,42
2074-09-03,Term 2 2074,10,0,0,50,0.859,42.86,40
2074-09-04,Term 2 2074,10,1,0,50,0.8525,42.57,44
2074-09-05,Term 2 2074,10,2,0,50,0.8581,42.86,44
2074-09-06,Term 2 2074,10,3,0,50,0.8603,43.0,46
2074-09-07,Term 2 2074,10,4,0,50,0.8698,43.43,43
2074-09-10,Term 2 2074,11,0,0,50,0.8672,43.29,43
2074-09-11,Term 2 2074,11,1,0,50,0.8643,43.14,46
2074-09-12,Term 2 2074,11,2,0,50,0.8741,43.71,45
2074-09-13,Term 2 2074,11,3,0,50,0.887,44.43,43
2074-09-14,Term 2 2074,11,4,0,50,0.8824,44.29,42
2074-09-17,Term 2 2074,12,0,1,50,0.8764,44.0,37
2074-09-18,Term 2 2074,12,1,1,50,0.8495,42.71,37
2074-09-19,Term 2 2074,12,2,1,50,0.8317,41.86,38
2074-09-20,Term 2 2074,12,3,1,50,0.8158,41.14,38
2074-09-21,Term 2 2074,12,4,1,50,0.7918,40.0,35
2074-09-24,Term 2 2074,13,0,1,50,0.7633,38.57,34
2074-09-25,Term 2 2074,13,1,1,50,0.7376,37.29,39
2074-09-26,Term 2 2074,13,2,1,50,0.7289,36.86,39
2074-09-27,Term 2 2074,13,3,1,50,0.7367,37.14,40
2074-09-28,Term 2 2074,13,4,1,50,0.7458,37.57,36
2074-10-15,Term 3 2074,1,0,0,50,0.7425,37.29,36
2074-10-16,Term 3 2074,1,1,0,50,0.7388,37.0,42
2074-10-17,Term 3 2074,1,2,0,50,0.7585,38.0,42
2074-10-18,Term 3 2074,1,3,0,50,0.7822,39.14,42
2074-10-19,Term 3 2074,1,4,0,50,0.7909,39.57,38
2074-10-22,Term 3 2074,2,0,0,50,0.788,39.43,43
2074-10-23,Term 3 2074,2,1,0,50,0.7975,39.86,46
2074-10-24,Term 3 2074,2,2,0,50,0.8249,41.29,46
2074-10-25,Term 3 2074,2,3,0,50,0.8515,42.71,42
2074-10-26,Term 3 2074,2,4,0,50,0.8535,42.71,41
2074-10-29,Term 3 2074,3,0,0,50,0.8497,42.57,41
2074-10-30,Term 3 2074,3,1,0,50,0.8466,42.43,44
2074-10-31,Term 3 2074,3,2,0,50,0.8618,43.29,43
2074-11-01,Term 3 2074,3,3,0,50,0.8605,43.29,46
2074-11-02,Term 3 2074,3,4,0,50,0.8606,43.29,43
2074-11-05,Term 3 2074,4,0,0,50,0.8538,42.86,42
2074-11-06,Term 3 2074,4,1,0,50,0.8535,42.86,46
2074-11-07,Term 3 2074,4,2,0,50,0.8687,43.57,43
2074-11-08,Term 3 2074,4,3,0,50,0.876,43.86,45
2074-11-09,Term 3 2074,4,4,0,50,0.8797,44.0,44
2074-11-12,Term 3 2074,5,0,0,50,0.8831,44.14,40
2074-11-13,Term 3 2074,5,1,0,50,0.8655,43.29,44
2074-11-14,Term 3 2074,5,2,0,50,0.8691,43.43,45
2074-11-15,Term 3 2074,5,3,0,50,0.8777,43.86,42
2074-11-16,Term 3 2074,5,4,0,50,0.8669,43.29,44
2074-11-19,Term 3 2074,6,0,0,50,0.8677,43.43,41
2074-11-20,Term 3 2074,6,1,0,50,0.8572,42.86,43
2074-11-21,Term 3 2074,6,2,0,50,0.854,42.71,45
2074-11-22,Term 3 2074,6,3,0,50,0.87,43.43,43
2074-11-23,Term 3 2074,6,4,0,50,0.8653,43.29,41
2074-11-26,Term 3 2074,7,0,0,50,0.8536,42.71,42
2074-11-27,Term 3 2074,7,1,0,50,0.8522,42.71,46
2074-11-28,Term 3 2074,7,2,0,50,0.8582,43.0,44
2074-11-29,Term 3 2074,7,3,0,50,0.8662,43.43,46
2074-11-30,Term 3 2074,7,4,0,50,0.8746,43.86,40
2074-12-03,Term 3 2074,8,0,0,50,0.8598,43.14,40
2074-12-04,Term 3 2074,8,1,0,50,0.8532,42.71,43
2074-12-05,Term 3 2074,8,2,0,50,0.8592,43.0,44
2074-12-06,Term 3 2074,8,3,0,50,0.8655,43.29,44
2074-12-07,Term 3 2074,8,4,0,50,0.86,43.0,40
2074-12-10,Term 3 2074,9,0,0,50,0.8491,42.43,42
2074-12-11,Term 3 2074,9,1,0,50,0.8402,41.86,45
2074-12-12,Term 3 2074,9,2,0,50,0.854,42.57,44
2074-12-13,Term 3 2074,9,3,0,50,0.8637,43.14,42
2074-12-14,Term 3 2074,9,4,0,50,0.8611,43.0,42
2074-12-17,Term 3 2074,10,0,0,50,0.8565,42.71,40
2074-12-18,Term 3 2074,10,1,0,50,0.8459,42.14,46
2074-12-19,Term 3 2074,10,2,0,50,0.8624,43.0,44
2074-12-20,Term 3 2074,10,3,0,50,0.8681,43.29,45
2074-12-21,Term 3 2074,10,4,0,50,0.8678,43.29,40
2074-12-24,Term 3 2074,11,0,0,50,0.8571,42.71,41
2074-12-25,Term 3 2074,11,1,0,50,0.8534,42.57,46
2074-12-26,Term 3 2074,11,2,0,50,0.8631,43.14,44
2074-12-27,Term 3 2074,11,3,0,50,0.8731,43.71,42
2074-12-28,Term 3 2074,11,4,0,50,0.8623,43.14,43
2074-12-31,Term 3 2074,12,0,1,50,0.8572,43.0,36
2075-01-01,Term 3 2074,12,1,1,50,0.8325,41.71,37
2075-01-02,Term 3 2074,12,2,1,50,0.8247,41.29,39
2075-01-03,Term 3 2074,12,3,1,50,0.8195,41.0,39
2075-01-04,Term 3 2074,12,4,1,50,0.8018,40.0,37
2075-01-07,Term 3 2074,13,0,1,50,0.7835,39.0,35
2075-01-08,Term 3 2074,13,1,1,50,0.7635,38.0,37
2075-01-09,Term 3 2074,13,2,1,50,0.7483,37.14,40
2075-01-10,Term 3 2074,13,3,1,50,0.7582,37.71,39
2075-01-11,Term 3 2074,13,4,1,50,0.7626,38.0,36
2075-01-28,Term 1 2075,1,0,0,50,0.754,37.57,37
2075-01-29,Term 1 2075,1,1,0,50,0.7484,37.29,39
2075-01-30,Term 1 2075,1,2,0,50,0.7539,37.57,42
2075-01-31,Term 1 2075,1,3,0,50,0.7726,38.57,42
2075-02-01,Term 1 2075,1,4,0,50,0.7849,39.29,36
2075-02-04,Term 1 2075,2,0,0,50,0.7751,38.71,42
2075-02-05,Term 1 2075,2,1,0,50,0.7845,39.14,43
2075-02-06,Term 1 2075,2,2,0,50,0.8047,40.14,44
2075-02-07,Term 1 2075,2,3,0,50,0.8235,41.14,42
2075-02-08,Term 1 2075,2,4,0,50,0.8331,41.57,43
2075-02-11,Term 1 2075,3,0,0,50,0.8377,41.71,43
2075-02-12,Term 1 2075,3,1,0,50,0.8407,41.86,42
2075-02-13,Term 1 2075,3,2,0,50,0.8581,42.71,42
2075-02-14,Term 1 2075,3,3,0,50,0.8585,42.71,43
2075-02-15,Term 1 2075,3,4,0,50,0.8591,42.71,41
2075-02-18,Term 1 2075,4,0,0,50,0.8493,42.29,43
2075-02-19,Term 1 2075,4,1,0,50,0.85,42.43,45
2075-02-20,Term 1 2075,4,2,0,50,0.8554,42.71,45
2075-02-21,Term 1 2075,4,3,0,50,0.8632,43.0,42
2075-02-22,Term 1 2075,4,4,0,50,0.8621,43.0,40
2075-02-25,Term 1 2075,5,0,0,50,0.8557,42.71,43
2075-02-26,Term 1 2075,5,1,0,50,0.8535,42.71,45
2075-02-27,Term 1 2075,5,2,0,50,0.8674,43.29,44
2075-02-28,Term 1 2075,5,3,0,50,0.8724,43.43,43
2075-03-01,Term 1 2075,5,4,0,50,0.8653,43.14,43
2075-03-04,Term 1 2075,6,0,0,50,0.8569,42.86,43
2075-03-05,Term 1 2075,6,1,0,50,0.8596,43.0,44
2075-03-06,Term 1 2075,6,2,0,50,0.8704,43.57,45
2075-03-07,Term 1 2075,6,3,0,50,0.8783,43.86,45
2075-03-08,Term 1 2075,6,4,0,50,0.8773,43.86,40
2075-03-11,Term 1 2075,7,0,0,50,0.8658,43.29,40
2075-03-12,Term 1 2075,7,1,0,50,0.8583,42.86,45
2075-03-13,Term 1 2075,7,2,0,50,0.8649,43.14,43
2075-03-14,Term 1 2075,7,3,0,50,0.8643,43.14,45
2075-03-15,Term 1 2075,7,4,0,50,0.8676,43.29,40
2075-03-18,Term 1 2075,8,0,0,50,0.8528,42.57,40
2075-03-19,Term 1 2075,8,1,0,50,0.8377,41.86,46
2075-03-20,Term 1 2075,8,2,0,50,0.8531,42.71,42
2075-03-21,Term 1 2075,8,3,0,50,0.8589,43.0,45
2075-03-22,Term 1 2075,8,4,0,50,0.8599,43.0,41
2075-03-25,Term 1 2075,9,0,0,50,0.8545,42.71,40
2075-03-26,Term 1 2075,9,1,0,50,0.8394,42.0,42
2075-03-27,Term 1 2075,9,2,0,50,0.8451,42.29,43
2075-03-28,Term 1 2075,9,3,0,50,0.8549,42.71,44
2075-03-29,Term 1 2075,9,4,0,50,0.8501,42.43,42
2075-04-01,Term 1 2075,10,0,0,50,0.8498,42.43,40
2075-04-02,Term 1 2075,10,1,0,50,0.8358,41.71,46
2075-04-03,Term 1 2075,10,2,0,50,0.8502,42.43,44
2075-04-04,Term 1 2075,10,3,0,50,0.8637,43.0,43
2075-04-05,Term 1 2075,10,4,0,50,0.8649,43.14,41
2075-04-08,Term 1 2075,11,0,0,50,0.8588,42.86,42
2075-04-09,Term 1 2075,11,1,0,50,0.8533,42.57,45
2075-04-10,Term 1 2075,11,2,0,50,0.8635,43.0,42
2075-04-11,Term 1 2075,11,3,0,50,0.8691,43.29,43
2075-04-12,Term 1 2075,11,4,0,50,0.8599,42.86,40
2075-04-15,Term 1 2075,12,0,1,50,0.8473,42.29,34
2075-04-16,Term 1 2075,12,1,1,50,0.8229,41.0,37
2075-04-17,Term 1 2075,12,2,1,50,0.8105,40.43,37
2075-04-18,Term 1 2075,12,3,1,50,0.7944,39.71,38
2075-04-19,Term 1 2075,12,4,1,50,0.7736,38.71,38
2075-04-22,Term 1 2075,13,0,1,50,0.7611,38.14,36
2075-04-23,Term 1 2075,13,1,1,50,0.7427,37.14,39
2075-04-24,Term 1 2075,13,2,1,50,0.7393,37.0,36
2075-04-25,Term 1 2075,13,3,1,50,0.7453,37.29,37
2075-04-26,Term 1 2075,13,4,1,50,0.7451,37.29,35
2075-05-13,Term 2 2075,1,0,0,50,0.7415,37.0,39
2075-05-14,Term 2 2075,1,1,0,50,0.7452,37.14,39
2075-05-15,Term 2 2075,1,2,0,50,0.7473,37.29,41
2075-05-16,Term 2 2075,1,3,0,50,0.7595,38.0,40
2075-05-17,Term 2 2075,1,4,0,50,0.7639,38.14,38
2075-05-20,Term 2 2075,2,0,0,50,0.7699,38.43,42
2075-05-21,Term 2 2075,2,1,0,50,0.7836,39.14,43
2075-05-22,Term 2 2075,2,2,0,50,0.806,40.29,44
2075-05-23,Term 2 2075,2,3,0,50,0.8181,41.0,45
2075-05-24,Term 2 2075,2,4,0,50,0.8371,41.86,43
2075-05-27,Term 2 2075,3,0,0,50,0.844,42.14,42
2075-05-28,Term 2 2075,3,1,0,50,0.8475,42.43,45
2075-05-29,Term 2 2075,3,2,0,50,0.8653,43.43,46
2075-05-30,Term 2 2075,3,3,0,50,0.8777,44.0,43
2075-05-31,Term 2 2075,3,4,0,50,0.8773,44.0,43
2075-06-03,Term 2 2075,4,0,0,50,0.8754,43.86,40
2075-06-04,Term 2 2075,4,1,0,50,0.8595,43.14,42
2075-06-05,Term 2 2075,4,2,0,50,0.8576,43.0,43
2075-06-06,Term 2 2075,4,3,0,50,0.8626,43.14,45
2075-06-07,Term 2 2075,4,4,0,50,0.8635,43.14,42
2075-06-10,Term 2 2075,5,0,0,50,0.8538,42.57,43
2075-06-11,Term 2 2075,5,1,0,50,0.8531,42.57,42
2075-06-12,Term 2 2075,5,2,0,50,0.8511,42.43,45
2075-06-13,Term 2 2075,5,3,0,50,0.8662,43.14,45
2075-06-14,Term 2 2075,5,4,0,50,0.8737,43.57,40
2075-06-17,Term 2 2075,6,0,0,50,0.8642,43.14,42
2075-06-18,Term 2 2075,6,1,0,50,0.8572,42.71,42
2075-06-19,Term 2 2075,6,2,0,50,0.8568,42.71,44
2075-06-20,Term 2 2075,6,3,0,50,0.8614,42.86,46
2075-06-21,Term 2 2075,6,4,0,50,0.8709,43.43,41
2075-06-24,Term 2 2075,7,0,0,50,0.8606,42.86,42
2075-06-25,Term 2 2075,7,1,0,50,0.8531,42.43,45
2075-06-26,Term 2 2075,7,2,0,50,0.8664,43.14,42
2075-06-27,Term 2 2075,7,3,0,50,0.8658,43.14,43
2075-06-28,Term 2 2075,7,4,0,50,0.8678,43.29,43
2075-07-01,Term 2 2075,8,0,0,50,0.8649,43.14,41
2075-07-02,Term 2 2075,8,1,0,50,0.8525,42.43,45
2075-07-03,Term 2 2075,8,2,0,50,0.8625,43.0,44
2075-07-04,Term 2 2075,8,3,0,50,0.8674,43.29,44
2075-07-05,Term 2 2075,8,4,0,50,0.8653,43.14,43
2075-07-08,Term 2 2075,9,0,0,50,0.8676,43.29,41
2075-07-09,Term 2 2075,9,1,0,50,0.861,43.0,46
2075-07-10,Term 2 2075,9,2,0,50,0.8686,43.43,43
2075-07-11,Term 2 2075,9,3,0,50,0.8727,43.71,44
2075-07-12,Term 2 2075,9,4,0,50,0.871,43.57,40
2075-07-15,Term 2 2075,10,0,0,50,0.8602,43.0,41
2075-07-16,Term 2 2075,10,1,0,50,0.8514,42.57,44
2075-07-17,Term 2 2075,10,2,0,50,0.8537,42.71,44
2075-07-18,Term 2 2075,10,3,0,50,0.8625,43.14,46
2075-07-19,Term 2 2075,10,4,0,50,0.8617,43.14,43
2075-07-22,Term 2 2075,11,0,0,50,0.8635,43.14,43
2075-07-23,Term 2 2075,11,1,0,50,0.8607,43.0,44
2075-07-24,Term 2 2075,11,2,0,50,0.8713,43.57,46
2075-07-25,Term 2 2075,11,3,0,50,0.8846,44.29,44
2075-07-26,Term 2 2075,11,4,0,50,0.8845,44.29,41
2075-07-29,Term 2 2075,12,0,1,50,0.8751,43.86,37
2075-07-30,Term 2 2075,12,1,1,50,0.8489,42.57,38
2075-07-31,Term 2 2075,12,2,1,50,0.8326,41.86,36
2075-08-01,Term 2 2075,12,3,1,50,0.8117,40.86,37
2075-08-02,Term 2 2075,12,4,1,50,0.7909,39.86,35
2075-08-05,Term 2 2075,13,0,1,50,0.7614,38.29,37
2075-08-06,Term 2 2075,13,1,1,50,0.7432,37.29,39
2075-08-07,Term 2 2075,13,2,1,50,0.7374,37.0,38
2075-08-08,Term 2 2075,13,3,1,50,0.7406,37.14,36
2075-08-09,Term 2 2075,13,4,1,50,0.7359,36.86,37
2075-08-26,Term 3 2075,1,0,0,50,0.739,37.0,38
2075-08-27,Term 3 2075,1,1,0,50,0.7435,37.14,39
2075-08-28,Term 3 2075,1,2,0,50,0.7533,37.71,40
2075-08-29,Term 3 2075,1,3,0,50,0.7616,38.14,39
2075-08-30,Term 3 2075,1,4,0,50,0.7622,38.14,36
2075-09-02,Term 3 2075,2,0,0,50,0.7587,37.86,41
2075-09-03,Term 3 2075,2,1,0,50,0.773,38.57,43
2075-09-04,Term 3 2075,2,2,0,50,0.7885,39.43,43
2075-09-05,Term 3 2075,2,3,0,50,0.8034,40.14,42
2075-09-06,Term 3 2075,2,4,0,50,0.8131,40.57,42
2075-09-09,Term 3 2075,3,0,0,50,0.8165,40.86,41
2075-09-10,Term 3 2075,3,1,0,50,0.8222,41.14,46
2075-09-11,Term 3 2075,3,2,0,50,0.8492,42.57,44
2075-09-12,Term 3 2075,3,3,0,50,0.8581,43.0,43
2075-09-13,Term 3 2075,3,4,0,50,0.859,43.0,42
2075-09-16,Term 3 2075,4,0,0,50,0.855,42.86,42
2075-09-17,Term 3 2075,4,1,0,50,0.8559,42.86,44
2075-09-18,Term 3 2075,4,2,0,50,0.862,43.14,46
2075-09-19,Term 3 2075,4,3,0,50,0.8765,43.86,43
2075-09-20,Term 3 2075,4,4,0,50,0.8674,43.43,44
2075-09-23,Term 3 2075,5,0,0,50,0.8665,43.43,40
2075-09-24,Term 3 2075,5,1,0,50,0.8575,43.0,46
2075-09-25,Term 3 2075,5,2,0,50,0.8686,43.57,42
2075-09-26,Term 3 2075,5,3,0,50,0.8683,43.57,43
2075-09-27,Term 3 2075,5,4,0,50,0.867,43.43,42
2075-09-30,Term 3 2075,6,0,0,50,0.8559,42.86,41
2075-10-01,Term 3 2075,6,1,0,50,0.8502,42.57,43
2075-10-02,Term 3 2075,6,2,0,50,0.8476,42.43,46
2075-10-03,Term 3 2075,6,3,0,50,0.8648,43.29,45
2075-10-04,Term 3 2075,6,4,0,50,0.863,43.14,42
2075-10-07,Term 3 2075,7,0,0,50,0.8613,43.14,40
2075-10-08,Term 3 2075,7,1,0,50,0.8506,42.71,43
2075-10-09,Term 3 2075,7,2,0,50,0.8544,42.86,43
2075-10-10,Term 3 2075,7,3,0,50,0.86,43.14,45
2075-10-11,Term 3 2075,7,4,0,50,0.8645,43.43,43
2075-10-14,Term 3 2075,8,0,0,50,0.8559,43.0,41
2075-10-15,Term 3 2075,8,1,0,50,0.8444,42.43,42
2075-10-16,Term 3 2075,8,2,0,50,0.8468,42.43,43
2075-10-17,Term 3 2075,8,3,0,50,0.8553,42.86,43
2075-10-18,Term 3 2075,8,4,0,50,0.855,42.86,43
2075-10-21,Term 3 2075,9,0,0,50,0.8557,42.86,43
2075-10-22,Term 3 2075,9,1,0,50,0.8506,42.57,45
2075-10-23,Term 3 2075,9,2,0,50,0.8584,42.86,43
2075-10-24,Term 3 2075,9,3,0,50,0.8649,43.14,46
2075-10-25,Term 3 2075,9,4,0,50,0.8746,43.71,40
2075-10-28,Term 3 2075,10,0,0,50,0.8681,43.29,41
2075-10-29,Term 3 2075,10,1,0,50,0.8628,43.0,44
2075-10-30,Term 3 2075,10,2,0,50,0.865,43.14,43
2075-10-31,Term 3 2075,10,3,0,50,0.8653,43.14,43
2075-11-01,Term 3 2075,10,4,0,50,0.8592,42.86,41
2075-11-04,Term 3 2075,11,0,0,50,0.8519,42.57,43
2075-11-05,Term 3 2075,11,1,0,50,0.8436,42.14,43
2075-11-06,Term 3 2075,11,2,0,50,0.8522,42.57,46
2075-11-07,Term 3 2075,11,3,0,50,0.8647,43.29,46
2075-11-08,Term 3 2075,11,4,0,50,0.8711,43.57,43
2075-11-11,Term 3 2075,12,0,1,50,0.8719,43.57,36
2075-11-12,Term 3 2075,12,1,1,50,0.8503,42.57,38
2075-11-13,Term 3 2075,12,2,1,50,0.8428,42.14,37
2075-11-14,Term 3 2075,12,3,1,50,0.8266,41.29,37
2075-11-15,Term 3 2075,12,4,1,50,0.8081,40.43,35
2075-11-18,Term 3 2075,13,0,1,50,0.7762,38.86,35
2075-11-19,Term 3 2075,13,1,1,50,0.7445,37.29,39
2075-11-20,Term 3 2075,13,2,1,50,0.7313,36.71,40
2075-11-21,Term 3 2075,13,3,1,50,0.7432,37.29,37
2075-11-22,Term 3 2075,13,4,1,50,0.7392,37.14,36
2075-12-09,Term 1 2075,1,0,0,50,0.7365,37.0,36
2075-12-10,Term 1 2075,1,1,0,50,0.7356,36.86,41
2075-12-11,Term 1 2075,1,2,0,50,0.7549,37.71,40
2075-12-12,Term 1 2075,1,3,0,50,0.7697,38.43,40
2075-12-13,Term 1 2075,1,4,0,50,0.7735,38.57,36
2075-12-16,Term 1 2075,2,0,0,50,0.7627,38.0,42
2075-12-17,Term 1 2075,2,1,0,50,0.7759,38.71,42
2075-12-18,Term 1 2075,2,2,0,50,0.7931,39.57,45
2075-12-19,Term 1 2075,2,3,0,50,0.8175,40.86,44
2075-12-20,Term 1 2075,2,4,0,50,0.8267,41.29,40
2075-12-23,Term 1 2075,3,0,0,50,0.8277,41.29,41
2075-12-24,Term 1 2075,3,1,0,50,0.8323,41.43,44
2075-12-25,Term 1 2075,3,2,0,50,0.8561,42.57,46
2075-12-26,Term 1 2075,3,3,0,50,0.8675,43.14,46
2075-12-27,Term 1 2075,3,4,0,50,0.8774,43.71,41
2075-12-30,Term 1 2075,4,0,0,50,0.8662,43.14,41
2075-12-31,Term 1 2075,4,1,0,50,0.857,42.71,45
2076-01-01,Term 1 2075,4,2,0,50,0.8707,43.43,45
2076-01-02,Term 1 2075,4,3,0,50,0.8813,44.0,43
2076-01-03,Term 1 2075,4,4,0,50,0.8776,43.86,41
2076-01-06,Term 1 2075,5,0,0,50,0.8633,43.14,43
2076-01-07,Term 1 2075,5,1,0,50,0.8549,42.71,42
2076-01-08,Term 1 2075,5,2,0,50,0.8582,42.86,43
2076-01-09,Term 1 2075,5,3,0,50,0.863,43.14,45
2076-01-10,Term 1 2075,5,4,0,50,0.8614,43.14,41
2076-01-13,Term 1 2075,6,0,0,50,0.8504,42.57,43
2076-01-14,Term 1 2075,6,1,0,50,0.8495,42.57,44
2076-01-15,Term 1 2075,6,2,0,50,0.8591,43.0,43
2076-01-16,Term 1 2075,6,3,0,50,0.8582,43.0,43
2076-01-17,Term 1 2075,6,4,0,50,0.8607,43.14,41
2076-01-20,Term 1 2075,7,0,0,50,0.8558,42.86,43
2076-01-21,Term 1 2075,7,1,0,50,0.8527,42.57,44
2076-01-22,Term 1 2075,7,2,0,50,0.8616,43.0,44
2076-01-23,Term 1 2075,7,3,0,50,0.8654,43.14,45
2076-01-24,Term 1 2075,7,4,0,50,0.8693,43.29,43
2076-01-27,Term 1 2075,8,0,0,50,0.8693,43.29,43
2076-01-28,Term 1 2075,8,1,0,50,0.87,43.29,44
2076-01-29,Term 1 2075,8,2,0,50,0.8789,43.71,42
2076-01-30,Term 1 2075,8,3,0,50,0.8761,43.57,45
2076-01-31,Term 1 2075,8,4,0,50,0.8776,43.71,43
2076-02-03,Term 1 2075,9,0,0,50,0.8742,43.57,40
2076-02-04,Term 1 2075,9,1,0,50,0.8598,42.86,45
2076-02-05,Term 1 2075,9,2,0,50,0.8673,43.14,43
2076-02-06,Term 1 2075,9,3,0,50,0.8667,43.14,45
2076-02-07,Term 1 2075,9,4,0,50,0.8689,43.29,42
2076-02-10,Term 1 2075,10,0,0,50,0.8667,43.29,43
2076-02-11,Term 1 2075,10,1,0,50,0.8605,43.0,42
2076-02-12,Term 1 2075,10,2,0,50,0.8579,42.86,43
2076-02-13,Term 1 2075,10,3,0,50,0.8658,43.29,43
2076-02-14,Term 1 2075,10,4,0,50,0.8584,43.0,40
2076-02-17,Term 1 2075,11,0,0,50,0.8497,42.57,42
2076-02-18,Term 1 2075,11,1,0,50,0.841,42.14,45
2076-02-19,Term 1 2075,11,2,0,50,0.8506,42.57,42
2076-02-20,Term 1 2075,11,3,0,50,0.8492,42.43,44
2076-02-21,Term 1 2075,11,4,0,50,0.8544,42.71,44
2076-02-24,Term 1 2075,12,0,1,50,0.8561,42.86,34
2076-02-25,Term 1 2075,12,1,1,50,0.8319,41.57,39
2076-02-26,Term 1 2075,12,2,1,50,0.8273,41.43,38
2076-02-27,Term 1 2075,12,3,1,50,0.8162,40.86,38
2076-02-28,Term 1 2075,12,4,1,50,0.7972,39.86,37
2076-03-02,Term 1 2075,13,0,1,50,0.7821,39.14,34
2076-03-03,Term 1 2075,13,1,1,50,0.7537,37.71,37
2076-03-04,Term 1 2075,13,2,1,50,0.735,36.71,37
2076-03-05,Term 1 2075,13,3,1,50,0.7436,37.14,39
2076-03-06,Term 1 2075,13,4,1,50,0.7445,37.14,36
2076-03-23,Term 2 2076,1,0,0,50,0.7377,36.86,36
2076-03-24,Term 2 2076,1,1,0,50,0.7313,36.57,39
2076-03-25,Term 2 2076,1,2,0,50,0.7355,36.86,42
2076-03-26,Term 2 2076,1,3,0,50,0.7581,38.0,38
2076-03-27,Term 2 2076,1,4,0,50,0.7621,38.14,39
2076-03-30,Term 2 2076,2,0,0,50,0.7688,38.43,42
2076-03-31,Term 2 2076,2,1,0,50,0.7771,38.86,43
2076-04-01,Term 2 2076,2,2,0,50,0.799,39.86,43
2076-04-02,Term 2 2076,2,3,0,50,0.8193,40.86,45
2076-04-03,Term 2 2076,2,4,0,50,0.8375,41.71,42
2076-04-06,Term 2 2076,3,0,0,50,0.8385,41.71,42
2076-04-07,Term 2 2076,3,1,0,50,0.8486,42.29,45
2076-04-08,Term 2 2076,3,2,0,50,0.8632,43.14,44
2076-04-09,Term 2 2076,3,3,0,50,0.8686,43.43,43
2076-04-10,Term 2 2076,3,4,0,50,0.8681,43.43,43
2076-04-13,Term 2 2076,4,0,0,50,0.8683,43.43,40
2076-04-14,Term 2 2076,4,1,0,50,0.8533,42.71,43
2076-04-15,Term 2 2076,4,2,0,50,0.856,42.86,44
2076-04-16,Term 2 2076,4,3,0,50,0.8624,43.14,44
2076-04-17,Term 2 2076,4,4,0,50,0.8615,43.0,44
2076-04-20,Term 2 2076,5,0,0,50,0.8614,43.0,40
2076-04-21,Term 2 2076,5,1,0,50,0.8512,42.57,45
2076-04-22,Term 2 2076,5,2,0,50,0.8555,42.86,43
2076-04-23,Term 2 2076,5,3,0,50,0.8638,43.29,42
2076-04-24,Term 2 2076,5,4,0,50,0.8613,43.14,40
2076-04-27,Term 2 2076,6,0,0,50,0.8499,42.57,40
2076-04-28,Term 2 2076,6,1,0,50,0.838,42.0,44
2076-04-29,Term 2 2076,6,2,0,50,0.8395,42.0,46
2076-04-30,Term 2 2076,6,3,0,50,0.8568,42.86,43
2076-05-01,Term 2 2076,6,4,0,50,0.8513,42.57,43
2076-05-04,Term 2 2076,7,0,0,50,0.8527,42.57,43
2076-05-05,Term 2 2076,7,1,0,50,0.8559,42.71,43
2076-05-06,Term 2 2076,7,2,0,50,0.8647,43.14,44
2076-05-07,Term 2 2076,7,3,0,50,0.8749,43.71,45
2076-05-08,Term 2 2076,7,4,0,50,0.8775,43.86,42
2076-05-11,Term 2 2076,8,0,0,50,0.8667,43.29,42
2076-05-12,Term 2 2076,8,1,0,50,0.8631,43.14,44
2076-05-13,Term 2 2076,8,2,0,50,0.8661,43.29,45
2076-05-14,Term 2 2076,8,3,0,50,0.8695,43.57,44
2076-05-15,Term 2 2076,8,4,0,50,0.8702,43.71,41
2076-05-18,Term 2 2076,9,0,0,50,0.8615,43.29,43
2076-05-19,Term 2 2076,9,1,0,50,0.8552,43.0,45
2076-05-20,Term 2 2076,9,2,0,50,0.8646,43.43,44
2076-05-21,Term 2 2076,9,3,0,50,0.8706,43.71,42
2076-05-22,Term 2 2076,9,4,0,50,0.8659,43.43,44
2076-05-25,Term 2 2076,10,0,0,50,0.8633,43.29,41
2076-05-26,Term 2 2076,10,1,0,50,0.8546,42.86,43
2076-05-27,Term 2 2076,10,2,0,50,0.8613,43.14,45
2076-05-28,Term 2 2076,10,3,0,50,0.8664,43.43,44
2076-05-29,Term 2 2076,10,4,0,50,0.8635,43.29,40
2076-06-01,Term 2 2076,11,0,0,50,0.8532,42.71,43
2076-06-02,Term 2 2076,11,1,0,50,0.8544,42.86,43
2076-06-03,Term 2 2076,11,2,0,50,0.8523,42.71,42
2076-06-04,Term 2 2076,11,3,0,50,0.8569,42.86,43
2076-06-05,Term 2 2076,11,4,0,50,0.8567,42.86,41
2076-06-08,Term 2 2076,12,0,1,50,0.8462,42.29,34
2076-06-09,Term 2 2076,12,1,1,50,0.8173,40.86,39
2076-06-10,Term 2 2076,12,2,1,50,0.8152,40.71,38
2076-06-11,Term 2 2076,12,3,1,50,0.8013,40.0,37
2076-06-12,Term 2 2076,12,4,1,50,0.7853,39.14,37
2076-06-15,Term 2 2076,13,0,1,50,0.7706,38.43,36
2076-06-16,Term 2 2076,13,1,1,50,0.7515,37.43,36
2076-06-17,Term 2 2076,13,2,1,50,0.7376,36.71,39
2076-06-18,Term 2 2076,13,3,1,50,0.7517,37.43,38
2076-06-19,Term 2 2076,13,4,1,50,0.7474,37.29,37
2076-07-06,Term 3 2076,1,0,0,50,0.7437,37.14,38
2076-07-07,Term 3 2076,1,1,0,50,0.7465,37.29,40
2076-07-08,Term 3 2076,1,2,0,50,0.7556,37.71,38
2076-07-09,Term 3 2076,1,3,0,50,0.7612,38.0,40
2076-07-10,Term 3 2076,1,4,0,50,0.7735,38.57,37
2076-07-13,Term 3 2076,2,0,0,50,0.7671,38.29,42
2076-07-14,Term 3 2076,2,1,0,50,0.7782,38.86,42
2076-07-15,Term 3 2076,2,2,0,50,0.7934,39.57,45
2076-07-16,Term 3 2076,2,3,0,50,0.8121,40.57,44
2076-07-17,Term 3 2076,2,4,0,50,0.8238,41.14,41
2076-07-20,Term 3 2076,3,0,0,50,0.8333,41.57,43
2076-07-21,Term 3 2076,3,1,0,50,0.8411,42.0,43
2076-07-22,Term 3 2076,3,2,0,50,0.8577,42.86,43
2076-07-23,Term 3 2076,3,3,0,50,0.8607,43.0,44
2076-07-24,Term 3 2076,3,4,0,50,0.8667,43.29,44
2076-07-27,Term 3 2076,4,0,0,50,0.8634,43.14,42
2076-07-28,Term 3 2076,4,1,0,50,0.8581,42.86,43
2076-07-29,Term 3 2076,4,2,0,50,0.8629,43.14,44
2076-07-30,Term 3 2076,4,3,0,50,0.8661,43.29,44
2076-07-31,Term 3 2076,4,4,0,50,0.8701,43.43,41
2076-08-03,Term 3 2076,5,0,0,50,0.8638,43.14,40
2076-08-04,Term 3 2076,5,1,0,50,0.8528,42.57,44
2076-08-05,Term 3 2076,5,2,0,50,0.855,42.57,43
2076-08-06,Term 3 2076,5,3,0,50,0.8575,42.71,43
2076-08-07,Term 3 2076,5,4,0,50,0.858,42.71,41
2076-08-10,Term 3 2076,6,0,0,50,0.8489,42.29,40
2076-08-11,Term 3 2076,6,1,0,50,0.8373,41.71,43
2076-08-12,Term 3 2076,6,2,0,50,0.8444,42.0,42
2076-08-13,Term 3 2076,6,3,0,50,0.8496,42.29,44
2076-08-14,Term 3 2076,6,4,0,50,0.8495,42.29,43
2076-08-17,Term 3 2076,7,0,0,50,0.8474,42.29,42
2076-08-18,Term 3 2076,7,1,0,50,0.8424,42.14,44
2076-08-19,Term 3 2076,7,2,0,50,0.8498,42.57,43
2076-08-20,Term 3 2076,7,3,0,50,0.8577,43.0,42
2076-08-21,Term 3 2076,7,4,0,50,0.8549,42.86,43
2076-08-24,Term 3 2076,8,0,0,50,0.858,43.0,42
2076-08-25,Term 3 2076,8,1,0,50,0.8525,42.71,45
2076-08-26,Term 3 2076,8,2,0,50,0.8607,43.0,43
2076-08-27,Term 3 2076,8,3,0,50,0.8643,43.14,44
2076-08-28,Term 3 2076,8,4,0,50,0.8662,43.14,43
2076-08-31,Term 3 2076,9,0,0,50,0.8669,43.14,43
2076-09-01,Term 3 2076,9,1,0,50,0.8688,43.29,45
2076-09-02,Term 3 2076,9,2,0,50,0.873,43.57,46
2076-09-03,Term 3 2076,9,3,0,50,0.8818,44.14,45
2076-09-04,Term 3 2076,9,4,0,50,0.8812,44.14,41
2076-09-07,Term 3 2076,10,0,0,50,0.8773,43.86,40
2076-09-08,Term 3 2076,10,1,0,50,0.8643,43.29,45
2076-09-09,Term 3 2076,10,2,0,50,0.8686,43.57,44
2076-09-10,Term 3 2076,10,3,0,50,0.8727,43.71,46
2076-09-11,Term 3 2076,10,4,0,50,0.8751,43.86,41
2076-09-14,Term 3 2076,11,0,0,50,0.8621,43.14,42
2076-09-15,Term 3 2076,11,1,0,50,0.8515,42.71,43
2076-09-16,Term 3 2076,11,2,0,50,0.8566,43.0,43
2076-09-17,Term 3 2076,11,3,0,50,0.8656,43.43,43
2076-09-18,Term 3 2076,11,4,0,50,0.8605,43.14,41
2076-09-21,Term 3 2076,12,0,1,50,0.8522,42.71,35
2076-09-22,Term 3 2076,12,1,1,50,0.8235,41.14,39
2076-09-23,Term 3 2076,12,2,1,50,0.8174,40.86,39
2076-09-24,Term 3 2076,12,3,1,50,0.8098,40.43,38
2076-09-25,Term 3 2076,12,4,1,50,0.7943,39.71,36
2076-09-28,Term 3 2076,13,0,1,50,0.7735,38.71,37
2076-09-29,Term 3 2076,13,1,1,50,0.7557,37.86,40
2076-09-30,Term 3 2076,13,2,1,50,0.751,37.71,38
2076-10-01,Term 3 2076,13,3,1,50,0.7579,38.14,38
2076-10-02,Term 3 2076,13,4,1,50,0.7565,38.0,37
2076-10-19,Term 1 2076,1,0,0,50,0.7517,37.71,38
2076-10-20,Term 1 2076,1,1,0,50,0.7526,37.71,42
2076-10-21,Term 1 2076,1,2,0,50,0.7703,38.57,38
2076-10-22,Term 1 2076,1,3,0,50,0.7754,38.71,38
2076-10-23,Term 1 2076,1,4,0,50,0.7718,38.43,36
2076-10-26,Term 1 2076,2,0,0,50,0.7664,38.14,40
2076-10-27,Term 1 2076,2,1,0,50,0.7699,38.43,42
2076-10-28,Term 1 2076,2,2,0,50,0.7842,39.14,42
2076-10-29,Term 1 2076,2,3,0,50,0.7953,39.71,43
2076-10-30,Term 1 2076,2,4,0,50,0.7992,39.86,40
2076-11-02,Term 1 2076,3,0,0,50,0.804,40.14,41
2076-11-03,Term 1 2076,3,1,0,50,0.8121,40.57,45
2076-11-04,Term 1 2076,3,2,0,50,0.8376,41.86,46
2076-11-05,Term 1 2076,3,3,0,50,0.8554,42.71,42
2076-11-06,Term 1 2076,3,4,0,50,0.8559,42.71,41
2076-11-09,Term 1 2076,4,0,0,50,0.8543,42.57,42
2076-11-10,Term 1 2076,4,1,0,50,0.8514,42.43,46
2076-11-11,Term 1 2076,4,2,0,50,0.8682,43.29,45
2076-11-12,Term 1 2076,4,3,0,50,0.8787,43.86,43
2076-11-13,Term 1 2076,4,4,0,50,0.8747,43.57,41
2076-11-16,Term 1 2076,5,0,0,50,0.8612,42.86,42
2076-11-17,Term 1 2076,5,1,0,50,0.8604,42.86,43
2076-11-18,Term 1 2076,5,2,0,50,0.8653,43.14,42
2076-11-19,Term 1 2076,5,3,0,50,0.8654,43.14,42
2076-11-20,Term 1 2076,5,4,0,50,0.8557,42.57,41
2076-11-23,Term 1 2076,6,0,0,50,0.8431,42.0,41
2076-11-24,Term 1 2076,6,1,0,50,0.837,41.71,46
2076-11-25,Term 1 2076,6,2,0,50,0.8501,42.43,46
2076-11-26,Term 1 2076,6,3,0,50,0.8611,43.0,46
2076-11-27,Term 1 2076,6,4,0,50,0.8681,43.43,40
2076-11-30,Term 1 2076,7,0,0,50,0.8634,43.14,42
2076-12-01,Term 1 2076,7,1,0,50,0.8621,43.14,46
2076-12-02,Term 1 2076,7,2,0,50,0.8771,43.86,45
2076-12-03,Term 1 2076,7,3,0,50,0.8881,44.43,46
2076-12-04,Term 1 2076,7,4,0,50,0.8875,44.43,44
2076-12-07,Term 1 2076,8,0,0,50,0.8812,44.14,40
2076-12-08,Term 1 2076,8,1,0,50,0.8656,43.29,42
2076-12-09,Term 1 2076,8,2,0,50,0.8712,43.57,45
2076-12-10,Term 1 2076,8,3,0,50,0.8794,44.0,44
2076-12-11,Term 1 2076,8,4,0,50,0.8737,43.71,44
2076-12-14,Term 1 2076,9,0,0,50,0.869,43.57,42
2076-12-15,Term 1 2076,9,1,0,50,0.8598,43.0,43
2076-12-16,Term 1 2076,9,2,0,50,0.858,42.86,42
2076-12-17,Term 1 2076,9,3,0,50,0.8634,43.14,44
2076-12-18,Term 1 2076,9,4,0,50,0.8685,43.43,40
2076-12-21,Term 1 2076,10,0,0,50,0.8553,42.71,42
2076-12-22,Term 1 2076,10,1,0,50,0.8508,42.43,43
2076-12-23,Term 1 2076,10,2,0,50,0.8489,42.29,44
2076-12-24,Term 1 2076,10,3,0,50,0.8526,42.57,44
2076-12-25,Term 1 2076,10,4,0,50,0.8538,42.71,40
2076-12-28,Term 1 2076,11,0,0,50,0.8482,42.43,41
2076-12-29,Term 1 2076,11,1,0,50,0.8396,42.0,44
2076-12-30,Term 1 2076,11,2,0,50,0.8499,42.57,43
2076-12-31,Term 1 2076,11,3,0,50,0.8512,42.71,42
2077-01-01,Term 1 2076,11,4,0,50,0.8489,42.57,44
2077-01-04,Term 1 2076,12,0,1,50,0.8489,42.57,36
2077-01-05,Term 1 2076,12,1,1,50,0.8278,41.43,40
2077-01-06,Term 1 2076,12,2,1,50,0.8269,41.43,40
2077-01-07,Term 1 2076,12,3,1,50,0.8219,41.29,39
2077-01-08,Term 1 2076,12,4,1,50,0.8076,40.57,37
2077-01-11,Term 1 2076,13,0,1,50,0.7909,39.71,34
2077-01-12,Term 1 2076,13,1,1,50,0.7688,38.57,37
2077-01-13,Term 1 2076,13,2,1,50,0.7502,37.57,39
2077-01-14,Term 1 2076,13,3,1,50,0.7575,38.0,40
2077-01-15,Term 1 2076,13,4,1,50,0.7575,38.0,35
2077-02-01,Term 2 2077,1,0,0,50,0.744,37.29,38
2077-02-02,Term 2 2077,1,1,0,50,0.7423,37.14,41
2077-02-03,Term 2 2077,1,2,0,50,0.7548,37.71,42
2077-02-04,Term 2 2077,1,3,0,50,0.7767,38.86,38
2077-02-05,Term 2 2077,1,4,0,50,0.7799,39.0,38
2077-02-08,Term 2 2077,2,0,0,50,0.7786,38.86,43
2077-02-09,Term 2 2077,2,1,0,50,0.7874,39.29,44
2077-02-10,Term 2 2077,2,2,0,50,0.8145,40.57,45
2077-02-11,Term 2 2077,2,3,0,50,0.8332,41.57,45
2077-02-12,Term 2 2077,2,4,0,50,0.8445,42.14,43
2077-02-15,Term 2 2077,3,0,0,50,0.847,42.29,42
2077-02-16,Term 2 2077,3,1,0,50,0.8592,42.86,43
2077-02-17,Term 2 2077,3,2,0,50,0.8732,43.57,42
2077-02-18,Term 2 2077,3,3,0,50,0.8716,43.43,43
2077-02-19,Term 2 2077,3,4,0,50,0.8694,43.29,43
2077-02-22,Term 2 2077,4,0,0,50,0.865,43.0,42
2077-02-23,Term 2 2077,4,1,0,50,0.855,42.57,43
2077-02-24,Term 2 2077,4,2,0,50,0.8569,42.57,46
2077-02-25,Term 2 2077,4,3,0,50,0.8658,43.14,45
2077-02-26,Term 2 2077,4,4,0,50,0.8708,43.43,42
2077-03-01,Term 2 2077,5,0,0,50,0.8703,43.43,41
2077-03-02,Term 2 2077,5,1,0,50,0.8626,43.14,45
2077-03-03,Term 2 2077,5,2,0,50,0.8663,43.43,44
2077-03-04,Term 2 2077,5,3,0,50,0.8718,43.71,44
2077-03-05,Term 2 2077,5,4,0,50,0.8742,43.86,41
2077-03-08,Term 2 2077,6,0,0,50,0.8624,43.14,43
2077-03-09,Term 2 2077,6,1,0,50,0.8582,42.86,45
2077-03-10,Term 2 2077,6,2,0,50,0.8665,43.29,43
2077-03-11,Term 2 2077,6,3,0,50,0.8717,43.57,45
2077-03-12,Term 2 2077,6,4,0,50,0.8721,43.57,44
2077-03-15,Term 2 2077,7,0,0,50,0.8719,43.57,42
2077-03-16,Term 2 2077,7,1,0,50,0.8658,43.29,44
2077-03-17,Term 2 2077,7,2,0,50,0.8719,43.71,46
2077-03-18,Term 2 2077,7,3,0,50,0.8788,44.14,42
2077-03-19,Term 2 2077,7,4,0,50,0.871,43.71,41
2077-03-22,Term 2 2077,8,0,0,50,0.8665,43.43,40
2077-03-23,Term 2 2077,8,1,0,50,0.8533,42.71,46
2077-03-24,Term 2 2077,8,2,0,50,0.8594,43.0,45
2077-03-25,Term 2 2077,8,3,0,50,0.8662,43.43,44
2077-03-26,Term 2 2077,8,4,0,50,0.8667,43.43,42
2077-03-29,Term 2 2077,9,0,0,50,0.8561,42.86,42
2077-03-30,Term 2 2077,9,1,0,50,0.8558,42.86,46
2077-03-31,Term 2 2077,9,2,0,50,0.8688,43.57,43
2077-04-01,Term 2 2077,9,3,0,50,0.8783,44.0,46
2077-04-02,Term 2 2077,9,4,0,50,0.8782,44.0,44
2077-04-05,Term 2 2077,10,0,0,50,0.8763,43.86,40
2077-04-06,Term 2 2077,10,1,0,50,0.8657,43.29,43
2077-04-07,Term 2 2077,10,2,0,50,0.8692,43.43,45
2077-04-08,Term 2 2077,10,3,0,50,0.8758,43.86,45
2077-04-09,Term 2 2077,10,4,0,50,0.8741,43.71,43
2077-04-12,Term 2 2077,11,0,0,50,0.8742,43.71,42
2077-04-13,Term 2 2077,11,1,0,50,0.8631,43.14,46
2077-04-14,Term 2 2077,11,2,0,50,0.8688,43.43,45
2077-04-15,Term 2 2077,11,3,0,50,0.8833,44.14,45
2077-04-16,Term 2 2077,11,4,0,50,0.8888,44.43,42
2077-04-19,Term 2 2077,12,0,1,50,0.8804,44.0,37
2077-04-20,Term 2 2077,12,1,1,50,0.857,42.86,40
2077-04-21,Term 2 2077,12,2,1,50,0.8459,42.43,40
2077-04-22,Term 2 2077,12,3,1,50,0.8407,42.14,38
2077-04-23,Term 2 2077,12,4,1,50,0.8186,41.0,36
2077-04-26,Term 2 2077,13,0,1,50,0.7926,39.71,36
2077-04-27,Term 2 2077,13,1,1,50,0.7655,38.43,37
2077-04-28,Term 2 2077,13,2,1,50,0.7524,37.71,38
2077-04-29,Term 2 2077,13,3,1,50,0.7565,37.86,40
2077-04-30,Term 2 2077,13,4,1,50,0.7572,37.86,37
2077-05-17,Term 3 2077,1,0,0,50,0.7486,37.43,38
2077-05-18,Term 3 2077,1,1,0,50,0.7488,37.43,41
2077-05-19,Term 3 2077,1,2,0,50,0.7632,38.14,40
2077-05-20,Term 3 2077,1,3,0,50,0.7751,38.71,39
2077-05-21,Term 3 2077,1,4,0,50,0.7816,39.0,39
2077-05-24,Term 3 2077,2,0,0,50,0.7849,39.14,41
2077-05-25,Term 3 2077,2,1,0,50,0.7884,39.29,46
2077-05-26,Term 3 2077,2,2,0,50,0.8135,40.57,44
2077-05-27,Term 3 2077,2,3,0,50,0.8302,41.43,45
2077-05-28,Term 3 2077,2,4,0,50,0.842,42.0,41
2077-05-31,Term 3 2077,3,0,0,50,0.8447,42.14,41
2077-06-01,Term 3 2077,3,1,0,50,0.8492,42.43,44
2077-06-02,Term 3 2077,3,2,0,50,0.8615,43.14,45
2077-06-03,Term 3 2077,3,3,0,50,0.8729,43.71,42
2077-06-04,Term 3 2077,3,4,0,50,0.8634,43.14,43
2077-06-07,Term 3 2077,4,0,0,50,0.8591,43.0,41
2077-06-08,Term 3 2077,4,1,0,50,0.8478,42.43,45
2077-06-09,Term 3 2077,4,2,0,50,0.8605,43.0,46
2077-06-10,Term 3 2077,4,3,0,50,0.8739,43.71,43
2077-06-11,Term 3 2077,4,4,0,50,0.8714,43.57,40
2077-06-14,Term 3 2077,5,0,0,50,0.8571,42.86,43
2077-06-15,Term 3 2077,5,1,0,50,0.8578,43.0,44
2077-06-16,Term 3 2077,5,2,0,50,0.8619,43.14,42
2077-06-17,Term 3 2077,5,3,0,50,0.8651,43.29,43
2077-06-18,Term 3 2077,5,4,0,50,0.8572,43.0,40
2077-06-21,Term 3 2077,6,0,0,50,0.8421,42.14,43
2077-06-22,Term 3 2077,6,1,0,50,0.8437,42.14,43
2077-06-23,Term 3 2077,6,2,0,50,0.8522,42.57,44
2077-06-24,Term 3 2077,6,3,0,50,0.8549,42.71,45
2077-06-25,Term 3 2077,6,4,0,50,0.8585,42.86,42
2077-06-28,Term 3 2077,7,0,0,50,0.8578,42.86,40
2077-06-29,Term 3 2077,7,1,0,50,0.8501,42.43,45
2077-06-30,Term 3 2077,7,2,0,50,0.8643,43.14,42
2077-07-01,Term 3 2077,7,3,0,50,0.8609,43.0,42
2077-07-02,Term 3 2077,7,4,0,50,0.8585,42.86,40
2077-07-05,Term 3 2077,8,0,0,50,0.8495,42.29,40
2077-07-06,Term 3 2077,8,1,0,50,0.835,41.57,45
2077-07-07,Term 3 2077,8,2,0,50,0.8434,42.0,42
2077-07-08,Term 3 2077,8,3,0,50,0.8503,42.29,43
2077-07-09,Term 3 2077,8,4,0,50,0.8439,42.0,44
2077-07-12,Term 3 2077,9,0,0,50,0.8488,42.29,41
2077-07-13,Term 3 2077,9,1,0,50,0.8461,42.14,43
2077-07-14,Term 3 2077,9,2,0,50,0.8545,42.57,44
2077-07-15,Term 3 2077,9,3,0,50,0.8641,43.14,45
2077-07-16,Term 3 2077,9,4,0,50,0.8632,43.14,41
2077-07-19,Term 3 2077,10,0,0,50,0.8601,43.0,41
2077-07-20,Term 3 2077,10,1,0,50,0.8545,42.71,43
2077-07-21,Term 3 2077,10,2,0,50,0.8517,42.57,44
2077-07-22,Term 3 2077,10,3,0,50,0.8589,43.0,44
2077-07-23,Term 3 2077,10,4,0,50,0.8616,43.14,42
2077-07-26,Term 3 2077,11,0,0,50,0.8568,42.86,42
2077-07-27,Term 3 2077,11,1,0,50,0.8487,42.43,42
2077-07-28,Term 3 2077,11,2,0,50,0.8514,42.57,44
2077-07-29,Term 3 2077,11,3,0,50,0.8598,43.0,42
2077-07-30,Term 3 2077,11,4,0,50,0.8577,42.86,41
2077-08-02,Term 3 2077,12,0,1,50,0.8508,42.43,34
2077-08-03,Term 3 2077,12,1,1,50,0.8201,41.0,39
2077-08-04,Term 3 2077,12,2,1,50,0.8112,40.57,39
2077-08-05,Term 3 2077,12,3,1,50,0.804,40.14,38
2077-08-06,Term 3 2077,12,4,1,50,0.7908,39.57,36
2077-08-09,Term 3 2077,13,0,1,50,0.7685,38.43,34
2077-08-10,Term 3 2077,13,1,1,50,0.745,37.29,39
2077-08-11,Term 3 2077,13,2,1,50,0.7377,37.0,38
2077-08-12,Term 3 2077,13,3,1,50,0.7516,37.57,37
2077-08-13,Term 3 2077,13,4,1,50,0.7476,37.29,38
2077-08-30,Term 1 2077,1,0,0,50,0.7432,37.14,37
2077-08-31,Term 1 2077,1,1,0,50,0.7429,37.0,38
2077-09-01,Term 1 2077,1,2,0,50,0.7485,37.29,38
2077-09-02,Term 1 2077,1,3,0,50,0.7607,37.86,40
2077-09-03,Term 1 2077,1,4,0,50,0.7641,38.0,40
2077-09-06,Term 1 2077,2,0,0,50,0.7674,38.29,41
2077-09-07,Term 1 2077,2,1,0,50,0.7788,38.86,44
2077-09-08,Term 1 2077,2,2,0,50,0.7968,39.71,42
2077-09-09,Term 1 2077,2,3,0,50,0.8107,40.43,45
2077-09-10,Term 1 2077,2,4,0,50,0.8301,41.43,43
2077-09-13,Term 1 2077,3,0,0,50,0.8435,42.14,43
2077-09-14,Term 1 2077,3,1,0,50,0.8528,42.57,44
2077-09-15,Term 1 2077,3,2,0,50,0.8648,43.14,45
2077-09-16,Term 1 2077,3,3,0,50,0.875,43.71,43
2077-09-17,Term 1 2077,3,4,0,50,0.8716,43.57,44
2077-09-20,Term 1 2077,4,0,0,50,0.8762,43.86,40
2077-09-21,Term 1 2077,4,1,0,50,0.8611,43.14,43
2077-09-22,Term 1 2077,4,2,0,50,0.8622,43.14,45
2077-09-23,Term 1 2077,4,3,0,50,0.8677,43.43,45
2077-09-24,Term 1 2077,4,4,0,50,0.8723,43.57,41
2077-09-27,Term 1 2077,5,0,0,50,0.8605,43.0,41
2077-09-28,Term 1 2077,5,1,0,50,0.8553,42.71,42
2077-09-29,Term 1 2077,5,2,0,50,0.8499,42.43,43
2077-09-30,Term 1 2077,5,3,0,50,0.8581,42.86,45
2077-10-01,Term 1 2077,5,4,0,50,0.8644,43.14,43
2077-10-04,Term 1 2077,6,0,0,50,0.8587,42.86,43
2077-10-05,Term 1 2077,6,1,0,50,0.8525,42.57,44
2077-10-06,Term 1 2077,6,2,0,50,0.8608,43.0,44
2077-10-07,Term 1 2077,6,3,0,50,0.869,43.43,44
2077-10-08,Term 1 2077,6,4,0,50,0.8742,43.71,43
2077-10-11,Term 1 2077,7,0,0,50,0.875,43.71,41
2077-10-12,Term 1 2077,7,1,0,50,0.8624,43.14,46
2077-10-13,Term 1 2077,7,2,0,50,0.8698,43.57,45
2077-10-14,Term 1 2077,7,3,0,50,0.8737,43.86,42
2077-10-15,Term 1 2077,7,4,0,50,0.8692,43.57,42
2077-10-18,Term 1 2077,8,0,0,50,0.8644,43.29,42
2077-10-19,Term 1 2077,8,1,0,50,0.86,43.0,44
2077-10-20,Term 1 2077,8,2,0,50,0.8633,43.14,46
2077-10-21,Term 1 2077,8,3,0,50,0.8764,43.86,43
2077-10-22,Term 1 2077,8,4,0,50,0.8691,43.43,41
2077-10-25,Term 1 2077,9,0,0,50,0.8578,42.86,41
2077-10-26,Term 1 2077,9,1,0,50,0.8534,42.71,43
2077-10-27,Term 1 2077,9,2,0,50,0.8562,42.86,42
2077-10-28,Term 1 2077,9,3,0,50,0.8566,42.86,43
2077-10-29,Term 1 2077,9,4,0,50,0.8528,42.71,43
2077-11-01,Term 1 2077,10,0,0,50,0.8463,42.29,40
2077-11-02,Term 1 2077,10,1,0,50,0.8381,41.86,44
2077-11-03,Term 1 2077,10,2,0,50,0.8475,42.29,42
2077-11-04,Term 1 2077,10,3,0,50,0.8514,42.43,45
2077-11-05,Term 1 2077,10,4,0,50,0.8565,42.71,43
2077-11-08,Term 1 2077,11,0,0,50,0.8588,42.86,43
2077-11-09,Term 1 2077,11,1,0,50,0.8602,42.86,45
2077-11-10,Term 1 2077,11,2,0,50,0.8652,43.14,42
2077-11-11,Term 1 2077,11,3,0,50,0.8705,43.43,43
2077-11-12,Term 1 2077,11,4,0,50,0.8671,43.29,41
2077-11-15,Term 1 2077,12,0,1,50,0.8652,43.14,36
2077-11-16,Term 1 2077,12,1,1,50,0.8398,41.86,39
2077-11-17,Term 1 2077,12,2,1,50,0.8288,41.29,37
2077-11-18,Term 1 2077,12,3,1,50,0.8111,40.43,38
2077-11-19,Term 1 2077,12,4,1,50,0.7902,39.43,37
2077-11-22,Term 1 2077,13,0,1,50,0.7749,38.71,37
2077-11-23,Term 1 2077,13,1,1,50,0.7589,37.86,36
2077-11-24,Term 1 2077,13,2,1,50,0.7447,37.14,37
2077-11-25,Term 1 2077,13,3,1,50,0.7457,37.29,39
2077-11-26,Term 1 2077,13,4,1,50,0.7445,37.29,38
2077-12-13,Term 2 2077,1,0,0,50,0.747,37.43,38
2077-12-14,Term 2 2077,1,1,0,50,0.7469,37.43,40
2077-12-15,Term 2 2077,1,2,0,50,0.7553,37.86,39
2077-12-16,Term 2 2077,1,3,0,50,0.7619,38.14,41
2077-12-17,Term 2 2077,1,4,0,50,0.7745,38.86,36
2077-12-20,Term 2 2077,2,0,0,50,0.7731,38.71,42
2077-12-21,Term 2 2077,2,1,0,50,0.7806,39.14,45
2077-12-22,Term 2 2077,2,2,0,50,0.8006,40.14,45
2077-12-23,Term 2 2077,2,3,0,50,0.82,41.14,42
2077-12-24,Term 2 2077,2,4,0,50,0.8277,41.43,42
2077-12-27,Term 2 2077,3,0,0,50,0.8346,41.86,41
2077-12-28,Term 2 2077,3,1,0,50,0.8341,41.86,44
2077-12-29,Term 2 2077,3,2,0,50,0.8574,43.0,44
2077-12-30,Term 2 2077,3,3,0,50,0.8633,43.29,42
2077-12-31,Term 2 2077,3,4,0,50,0.8562,42.86,41
2078-01-03,Term 2 2077,4,0,0,50,0.8462,42.29,43
2078-01-04,Term 2 2077,4,1,0,50,0.8487,42.43,43
2078-01-05,Term 2 2077,4,2,0,50,0.8531,42.57,44
2078-01-06,Term 2 2077,4,3,0,50,0.8616,43.0,46
2078-01-07,Term 2 2077,4,4,0,50,0.8657,43.29,44
2078-01-10,Term 2 2077,5,0,0,50,0.8655,43.29,43
2078-01-11,Term 2 2077,5,1,0,50,0.8677,43.43,42
2078-01-12,Term 2 2077,5,2,0,50,0.8718,43.57,43
2078-01-13,Term 2 2077,5,3,0,50,0.8699,43.57,44
2078-01-14,Term 2 2077,5,4,0,50,0.8723,43.71,43
2078-01-17,Term 2 2077,6,0,0,50,0.8696,43.57,41
2078-01-18,Term 2 2077,6,1,0,50,0.8571,42.86,46
2078-01-19,Term 2 2077,6,2,0,50,0.8638,43.14,43
2078-01-20,Term 2 2077,6,3,0,50,0.8653,43.14,43
2078-01-21,Term 2 2077,6,4,0,50,0.8669,43.29,40
2078-01-24,Term 2 2077,7,0,0,50,0.8601,42.86,43
2078-01-25,Term 2 2077,7,1,0,50,0.8554,42.71,43
2078-01-26,Term 2 2077,7,2,0,50,0.8557,42.71,44
2078-01-27,Term 2 2077,7,3,0,50,0.8624,43.14,44
2078-01-28,Term 2 2077,7,4,0,50,0.8574,42.86,41
2078-01-31,Term 2 2077,8,0,0,50,0.8501,42.57,40
2078-02-01,Term 2 2077,8,1,0,50,0.8417,42.14,43
2078-02-02,Term 2 2077,8,2,0,50,0.8481,42.57,45
2078-02-03,Term 2 2077,8,3,0,50,0.8543,42.86,42
2078-02-04,Term 2 2077,8,4,0,50,0.8523,42.71,40
2078-02-07,Term 2 2077,9,0,0,50,0.8425,42.14,43
2078-02-08,Term 2 2077,9,1,0,50,0.838,42.0,42
2078-02-09,Term 2 2077,9,2,0,50,0.8423,42.14,45
2078-02-10,Term 2 2077,9,3,0,50,0.8554,42.86,44
2078-02-11,Term 2 2077,9,4,0,50,0.8606,43.0,40
2078-02-14,Term 2 2077,10,0,0,50,0.8469,42.29,43
2078-02-15,Term 2 2077,10,1,0,50,0.8497,42.43,43
2078-02-16,Term 2 2077,10,2,0,50,0.8563,42.86,46
2078-02-17,Term 2 2077,10,3,0,50,0.865,43.29,45
2078-02-18,Term 2 2077,10,4,0,50,0.8735,43.71,43
2078-02-21,Term 2 2077,11,0,0,50,0.8694,43.43,40
2078-02-22,Term 2 2077,11,1,0,50,0.8577,42.86,44
2078-02-23,Term 2 2077,11,2,0,50,0.8687,43.43,44
2078-02-24,Term 2 2077,11,3,0,50,0.8713,43.57,42
2078-02-25,Term 2 2077,11,4,0,50,0.8708,43.43,42
2078-02-28,Term 2 2077,12,0,1,50,0.859,42.86,36
2078-03-01,Term 2 2077,12,1,1,50,0.8322,41.57,38
2078-03-02,Term 2 2077,12,2,1,50,0.8178,40.86,39
2078-03-03,Term 2 2077,12,3,1,50,0.8148,40.71,37
2078-03-04,Term 2 2077,12,4,1,50,0.7939,39.71,35
2078-03-07,Term 2 2077,13,0,1,50,0.767,38.43,36
2078-03-08,Term 2 2077,13,1,1,50,0.7474,37.57,39
2078-03-09,Term 2 2077,13,2,1,50,0.7414,37.14,36
2078-03-10,Term 2 2077,13,3,1,50,0.7421,37.14,38
2078-03-11,Term 2 2077,13,4,1,50,0.7418,37.14,38
2078-03-28,Term 3 2078,1,0,0,50,0.7382,37.0,38
2078-03-29,Term 3 2078,1,1,0,50,0.7415,37.14,39
2078-03-30,Term 3 2078,1,2,0,50,0.7543,37.71,41
2078-03-31,Term 3 2078,1,3,0,50,0.77,38.43,41
2078-04-01,Term 3 2078,1,4,0,50,0.7754,38.71,37
2078-04-04,Term 3 2078,2,0,0,50,0.7788,38.86,40
2078-04-05,Term 3 2078,2,1,0,50,0.7855,39.14,43
2078-04-06,Term 3 2078,2,2,0,50,0.8001,39.86,42
2078-04-07,Term 3 2078,2,3,0,50,0.8129,40.43,44
2078-04-08,Term 3 2078,2,4,0,50,0.8264,41.14,43
2078-04-11,Term 3 2078,3,0,0,50,0.8334,41.43,43
2078-04-12,Term 3 2078,3,1,0,50,0.8371,41.71,42
2078-04-13,Term 3 2078,3,2,0,50,0.8504,42.43,45
2078-04-14,Term 3 2078,3,3,0,50,0.8626,43.14,46
2078-04-15,Term 3 2078,3,4,0,50,0.8703,43.57,42
2078-04-18,Term 3 2078,4,0,0,50,0.8683,43.57,42
2078-04-19,Term 3 2078,4,1,0,50,0.8632,43.29,45
2078-04-20,Term 3 2078,4,2,0,50,0.8689,43.57,45
2078-04-21,Term 3 2078,4,3,0,50,0.8756,43.86,43
2078-04-22,Term 3 2078,4,4,0,50,0.8768,44.0,42
2078-04-25,Term 3 2078,5,0,0,50,0.8704,43.57,43
2078-04-26,Term 3 2078,5,1,0,50,0.8617,43.14,46
2078-04-27,Term 3 2078,5,2,0,50,0.8731,43.71,45
2078-04-28,Term 3 2078,5,3,0,50,0.8807,44.14,45
2078-04-29,Term 3 2078,5,4,0,50,0.8794,44.14,41
2078-05-02,Term 3 2078,6,0,0,50,0.8669,43.57,42
2078-05-03,Term 3 2078,6,1,0,50,0.8652,43.43,43
2078-05-04,Term 3 2078,6,2,0,50,0.8671,43.57,45
2078-05-05,Term 3 2078,6,3,0,50,0.8741,43.86,44
2078-05-06,Term 3 2078,6,4,0,50,0.8689,43.57,40
2078-05-09,Term 3 2078,7,0,0,50,0.8561,42.86,40
2078-05-10,Term 3 2078,7,1,0,50,0.8411,42.14,42
2078-05-11,Term 3 2078,7,2,0,50,0.846,42.29,46
2078-05-12,Term 3 2078,7,3,0,50,0.8565,42.86,43
2078-05-13,Term 3 2078,7,4,0,50,0.8548,42.86,43
2078-05-16,Term 3 2078,8,0,0,50,0.8476,42.57,41
2078-05-17,Term 3 2078,8,1,0,50,0.8398,42.14,44
2078-05-18,Term 3 2078,8,2,0,50,0.8496,42.71,44
2078-05-19,Term 3 2078,8,3,0,50,0.8613,43.29,45
2078-05-20,Term 3 2078,8,4,0,50,0.8696,43.71,44
2078-05-23,Term 3 2078,9,0,0,50,0.8642,43.43,41
2078-05-24,Term 3 2078,9,1,0,50,0.8588,43.14,44
2078-05-25,Term 3 2078,9,2,0,50,0.8633,43.29,43
2078-05-26,Term 3 2078,9,3,0,50,0.87,43.57,43
2078-05-27,Term 3 2078,9,4,0,50,0.869,43.43,44
2078-05-30,Term 3 2078,10,0,0,50,0.8688,43.43,42
2078-05-31,Term 3 2078,10,1,0,50,0.8583,43.0,44
2078-06-01,Term 3 2078,10,2,0,50,0.858,43.0,45
2078-06-02,Term 3 2078,10,3,0,50,0.8716,43.57,45
2078-06-03,Term 3 2078,10,4,0,50,0.8733,43.71,43
2078-06-06,Term 3 2078,11,0,0,50,0.8718,43.71,43
2078-06-07,Term 3 2078,11,1,0,50,0.8717,43.71,44
2078-06-08,Term 3 2078,11,2,0,50,0.8735,43.71,45
2078-06-09,Term 3 2078,11,3,0,50,0.8824,44.14,44
2078-06-10,Term 3 2078,11,4,0,50,0.8845,44.14,42
2078-06-13,Term 3 2078,12,0,1,50,0.8742,43.71,34
2078-06-14,Term 3 2078,12,1,1,50,0.8431,42.14,38
2078-06-15,Term 3 2078,12,2,1,50,0.8293,41.43,37
2078-06-16,Term 3 2078,12,3,1,50,0.8127,40.57,38
2078-06-17,Term 3 2078,12,4,1,50,0.7945,39.71,37
2078-06-20,Term 3 2078,13,0,1,50,0.7713,38.57,35
2078-06-21,Term 3 2078,13,1,1,50,0.7433,37.29,37
2078-06-22,Term 3 2078,13,2,1,50,0.7296,36.57,37
2078-06-23,Term 3 2078,13,3,1,50,0.7388,37.0,37
2078-06-24,Term 3 2078,13,4,1,50,0.7365,36.86,36
2078-07-11,Term 1 2078,1,0,0,50,0.7328,36.71,37
2078-07-12,Term 1 2078,1,1,0,50,0.729,36.57,42
2078-07-13,Term 1 2078,1,2,0,50,0.7436,37.29,42
2078-07-14,Term 1 2078,1,3,0,50,0.7639,38.29,40
2078-07-15,Term 1 2078,1,4,0,50,0.773,38.71,37
2078-07-18,Term 1 2078,2,0,0,50,0.7739,38.71,41
2078-07-19,Term 1 2078,2,1,0,50,0.7841,39.29,45
2078-07-20,Term 1 2078,2,2,0,50,0.8106,40.57,44
2078-07-21,Term 1 2078,2,3,0,50,0.8315,41.57,44
2078-07-22,Term 1 2078,2,4,0,50,0.8372,41.86,41
2078-07-25,Term 1 2078,3,0,0,50,0.8356,41.71,41
2078-07-26,Term 1 2078,3,1,0,50,0.8383,41.86,45
2078-07-27,Term 1 2078,3,2,0,50,0.8589,43.0,45
2078-07-28,Term 1 2078,3,3,0,50,0.8714,43.57,46
2078-07-29,Term 1 2078,3,4,0,50,0.8721,43.71,41
2078-08-01,Term 1 2078,4,0,0,50,0.8621,43.29,43
2078-08-02,Term 1 2078,4,1,0,50,0.859,43.14,43
2078-08-03,Term 1 2078,4,2,0,50,0.8651,43.43,45
2078-08-04,Term 1 2078,4,3,0,50,0.8752,44.0,43
2078-08-05,Term 1 2078,4,4,0,50,0.8718,43.71,42
2078-08-08,Term 1 2078,5,0,0,50,0.8635,43.29,41
2078-08-09,Term 1 2078,5,1,0,50,0.8499,42.57,45
2078-08-10,Term 1 2078,5,2,0,50,0.8631,43.14,44
2078-08-11,Term 1 2078,5,3,0,50,0.8681,43.29,43
2078-08-12,Term 1 2078,5,4,0,50,0.8667,43.29,43
2078-08-15,Term 1 2078,6,0,0,50,0.8615,43.0,43
2078-08-16,Term 1 2078,6,1,0,50,0.8602,43.0,45
2078-08-17,Term 1 2078,6,2,0,50,0.867,43.43,43
2078-08-18,Term 1 2078,6,3,0,50,0.8728,43.71,45
2078-08-19,Term 1 2078,6,4,0,50,0.8728,43.71,43
2078-08-22,Term 1 2078,7,0,0,50,0.8699,43.57,40
2078-08-23,Term 1 2078,7,1,0,50,0.8628,43.14,45
2078-08-24,Term 1 2078,7,2,0,50,0.8677,43.43,44
2078-08-25,Term 1 2078,7,3,0,50,0.8705,43.57,43
2078-08-26,Term 1 2078,7,4,0,50,0.866,43.29,42
2078-08-29,Term 1 2078,8,0,0,50,0.8635,43.14,41
2078-08-30,Term 1 2078,8,1,0,50,0.8504,42.57,44
2078-08-31,Term 1 2078,8,2,0,50,0.8531,42.71,44
2078-09-01,Term 1 2078,8,3,0,50,0.8643,43.29,43
2078-09-02,Term 1 2078,8,4,0,50,0.8586,43.0,42
2078-09-05,Term 1 2078,9,0,0,50,0.8541,42.71,41
2078-09-06,Term 1 2078,9,1,0,50,0.847,42.43,46
2078-09-07,Term 1 2078,9,2,0,50,0.8583,43.0,45
2078-09-08,Term 1 2078,9,3,0,50,0.8716,43.57,46
2078-09-09,Term 1 2078,9,4,0,50,0.8763,43.86,40
2078-09-12,Term 1 2078,10,0,0,50,0.8645,43.29,40
2078-09-13,Term 1 2078,10,1,0,50,0.8579,42.86,46
2078-09-14,Term 1 2078,10,2,0,50,0.8673,43.43,46
2078-09-15,Term 1 2078,10,3,0,50,0.8822,44.14,44
2078-09-16,Term 1 2078,10,4,0,50,0.8763,43.86,44
2078-09-19,Term 1 2078,11,0,0,50,0.8727,43.71,42
2078-09-20,Term 1 2078,11,1,0,50,0.861,43.14,43
2078-09-21,Term 1 2078,11,2,0,50,0.8698,43.57,44
2078-09-22,Term 1 2078,11,3,0,50,0.8813,44.14,43
2078-09-23,Term 1 2078,11,4,0,50,0.8729,43.71,40
2078-09-26,Term 1 2078,12,0,1,50,0.8571,42.86,35
2078-09-27,Term 1 2078,12,1,1,50,0.8325,41.57,40
2078-09-28,Term 1 2078,12,2,1,50,0.821,41.0,38
2078-09-29,Term 1 2078,12,3,1,50,0.8111,40.43,38
2078-09-30,Term 1 2078,12,4,1,50,0.7963,39.71,36
2078-10-03,Term 1 2078,13,0,1,50,0.7713,38.57,34
2078-10-04,Term 1 2078,13,1,1,50,0.7462,37.29,37
2078-10-05,Term 1 2078,13,2,1,50,0.7362,36.86,37
2078-10-06,Term 1 2078,13,3,1,50,0.7426,37.14,39
2078-10-07,Term 1 2078,13,4,1,50,0.7405,37.0,34
2078-10-24,Term 2 2078,1,0,0,50,0.7287,36.43,39
2078-10-25,Term 2 2078,1,1,0,50,0.7315,36.57,39
2078-10-26,Term 2 2078,1,2,0,50,0.7416,37.0,40
2078-10-27,Term 2 2078,1,3,0,50,0.7594,37.86,39
2078-10-28,Term 2 2078,1,4,0,50,0.7661,38.14,39
2078-10-31,Term 2 2078,2,0,0,50,0.7709,38.43,43
2078-11-01,Term 2 2078,2,1,0,50,0.7824,39.0,45
2078-11-02,Term 2 2078,2,2,0,50,0.8124,40.57,43
2078-11-03,Term 2 2078,2,3,0,50,0.8237,41.14,46
2078-11-04,Term 2 2078,2,4,0,50,0.8421,42.14,42
2078-11-07,Term 2 2078,3,0,0,50,0.848,42.43,40
2078-11-08,Term 2 2078,3,1,0,50,0.8494,42.57,43
2078-11-09,Term 2 2078,3,2,0,50,0.8614,43.14,44
2078-11-10,Term 2 2078,3,3,0,50,0.8651,43.29,43
2078-11-11,Term 2 2078,3,4,0,50,0.8604,43.0,42
2078-11-14,Term 2 2078,4,0,0,50,0.8573,42.86,40
2078-11-15,Term 2 2078,4,1,0,50,0.8426,42.0,44
2078-11-16,Term 2 2078,4,2,0,50,0.8489,42.29,44
2078-11-17,Term 2 2078,4,3,0,50,0.8624,42.86,43
2078-11-18,Term 2 2078,4,4,0,50,0.8616,42.86,42
2078-11-21,Term 2 2078,5,0,0,50,0.8551,42.57,43
2078-11-22,Term 2 2078,5,1,0,50,0.8544,42.57,43
2078-11-23,Term 2 2078,5,2,0,50,0.8569,42.71,44
2078-11-24,Term 2 2078,5,3,0,50,0.8678,43.29,43
2078-11-25,Term 2 2078,5,4,0,50,0.8643,43.14,41
2078-11-28,Term 2 2078,6,0,0,50,0.8546,42.71,43
2078-11-29,Term 2 2078,6,1,0,50,0.8536,42.71,45
2078-11-30,Term 2 2078,6,2,0,50,0.8624,43.14,43
2078-12-01,Term 2 2078,6,3,0,50,0.8623,43.14,44
2078-12-02,Term 2 2078,6,4,0,50,0.8676,43.29,44
2078-12-05,Term 2 2078,7,0,0,50,0.8665,43.29,40
2078-12-06,Term 2 2078,7,1,0,50,0.8568,42.86,45
2078-12-07,Term 2 2078,7,2,0,50,0.8684,43.43,46
2078-12-08,Term 2 2078,7,3,0,50,0.8775,43.86,43
2078-12-09,Term 2 2078,7,4,0,50,0.8712,43.57,42
2078-12-12,Term 2 2078,8,0,0,50,0.8687,43.43,40
2078-12-13,Term 2 2078,8,1,0,50,0.8556,42.86,45
2078-12-14,Term 2 2078,8,2,0,50,0.8601,43.0,43
2078-12-15,Term 2 2078,8,3,0,50,0.8687,43.43,44
2078-12-16,Term 2 2078,8,4,0,50,0.8655,43.29,41
2078-12-19,Term 2 2078,9,0,0,50,0.8505,42.57,40
2078-12-20,Term 2 2078,9,1,0,50,0.8423,42.14,43
2078-12-21,Term 2 2078,9,2,0,50,0.8449,42.29,42
2078-12-22,Term 2 2078,9,3,0,50,0.8522,42.57,43
2078-12-23,Term 2 2078,9,4,0,50,0.8453,42.29,41
2078-12-26,Term 2 2078,10,0,0,50,0.8406,42.0,42
2078-12-27,Term 2 2078,10,1,0,50,0.8348,41.71,44
2078-12-28,Term 2 2078,10,2,0,50,0.8455,42.14,44
2078-12-29,Term 2 2078,10,3,0,50,0.855,42.71,43
2078-12-30,Term 2 2078,10,4,0,50,0.855,42.71,40
2079-01-02,Term 2 2078,11,0,0,50,0.8492,42.43,40
2079-01-03,Term 2 2078,11,1,0,50,0.8402,42.0,45
2079-01-04,Term 2 2078,11,2,0,50,0.8506,42.57,44
2079-01-05,Term 2 2078,11,3,0,50,0.8561,42.86,45
2079-01-06,Term 2 2078,11,4,0,50,0.8577,43.0,42
2079-01-09,Term 2 2078,12,0,1,50,0.852,42.71,36
2079-01-10,Term 2 2078,12,1,1,50,0.8323,41.71,38
2079-01-11,Term 2 2078,12,2,1,50,0.8241,41.43,38
2079-01-12,Term 2 2078,12,3,1,50,0.8193,41.14,37
2079-01-13,Term 2 2078,12,4,1,50,0.7971,40.0,38
2079-01-16,Term 2 2078,13,0,1,50,0.7793,39.14,35
2079-01-17,Term 2 2078,13,1,1,50,0.7522,37.71,39
2079-01-18,Term 2 2078,13,2,1,50,0.7454,37.29,38
2079-01-19,Term 2 2078,13,3,1,50,0.7515,37.57,37
2079-01-20,Term 2 2078,13,4,1,50,0.7508,37.43,36
2079-02-06,Term 3 2079,1,0,0,50,0.7446,37.14,38
2079-02-07,Term 3 2079,1,1,0,50,0.7471,37.29,41
2079-02-08,Term 3 2079,1,2,0,50,0.7581,37.71,40
2079-02-09,Term 3 2079,1,3,0,50,0.7722,38.43,39
2079-02-10,Term 3 2079,1,4,0,50,0.7732,38.43,39
2079-02-13,Term 3 2079,2,0,0,50,0.7752,38.57,42
2079-02-14,Term 3 2079,2,1,0,50,0.7884,39.29,45
2079-02-15,Term 3 2079,2,2,0,50,0.8136,40.57,44
2079-02-16,Term 3 2079,2,3,0,50,0.8294,41.43,45
2079-02-17,Term 3 2079,2,4,0,50,0.8403,42.0,41
2079-02-20,Term 3 2079,3,0,0,50,0.8414,42.14,41
2079-02-21,Term 3 2079,3,1,0,50,0.845,42.43,44
2079-02-22,Term 3 2079,3,2,0,50,0.8588,43.14,43
2079-02-23,Term 3 2079,3,3,0,50,0.8619,43.29,43
2079-02-24,Term 3 2079,3,4,0,50,0.8572,43.0,41
2079-02-27,Term 3 2079,4,0,0,50,0.8498,42.57,42
2079-02-28,Term 3 2079,4,1,0,50,0.8405,42.14,44
2079-03-01,Term 3 2079,4,2,0,50,0.8493,42.57,42
2079-03-02,Term 3 2079,4,3,0,50,0.8531,42.71,46
2079-03-03,Term 3 2079,4,4,0,50,0.8591,43.0,41
2079-03-06,Term 3 2079,5,0,0,50,0.8534,42.71,42
2079-03-07,Term 3 2079,5,1,0,50,0.8509,42.57,44
2079-03-08,Term 3 2079,5,2,0,50,0.8591,43.0,45
2079-03-09,Term 3 2079,5,3,0,50,0.8685,43.43,44
2079-03-10,Term 3 2079,5,4,0,50,0.8676,43.43,41
2079-03-13,Term 3 2079,6,0,0,50,0.8656,43.29,41
2079-03-14,Term 3 2079,6,1,0,50,0.8521,42.57,44
2079-03-15,Term 3 2079,6,2,0,50,0.8606,43.0,45
2079-03-16,Term 3 2079,6,3,0,50,0.8681,43.43,46
2079-03-17,Term 3 2079,6,4,0,50,0.8733,43.71,40
2079-03-20,Term 3 2079,7,0,0,50,0.8595,43.0,41
2079-03-21,Term 3 2079,7,1,0,50,0.8508,42.57,43
2079-03-22,Term 3 2079,7,2,0,50,0.8552,42.86,43
2079-03-23,Term 3 2079,7,3,0,50,0.8622,43.14,46
2079-03-24,Term 3 2079,7,4,0,50,0.8679,43.43,42
2079-03-27,Term 3 2079,8,0,0,50,0.8594,43.0,40
2079-03-28,Term 3 2079,8,1,0,50,0.8438,42.14,45
2079-03-29,Term 3 2079,8,2,0,50,0.8583,42.86,45
2079-03-30,Term 3 2079,8,3,0,50,0.8699,43.43,44
2079-03-31,Term 3 2079,8,4,0,50,0.8741,43.57,43
2079-04-03,Term 3 2079,9,0,0,50,0.8735,43.57,43
2079-04-04,Term 3 2079,9,1,0,50,0.8646,43.14,46
2079-04-05,Term 3 2079,9,2,0,50,0.876,43.71,43
2079-04-06,Term 3 2079,9,3,0,50,0.8854,44.14,45
2079-04-07,Term 3 2079,9,4,0,50,0.8843,44.14,40
2079-04-10,Term 3 2079,10,0,0,50,0.8723,43.43,43
2079-04-11,Term 3 2079,10,1,0,50,0.8688,43.29,42
2079-04-12,Term 3 2079,10,2,0,50,0.8663,43.14,45
2079-04-13,Term 3 2079,10,3,0,50,0.8717,43.43,42
2079-04-14,Term 3 2079,10,4,0,50,0.8611,42.86,40
2079-04-17,Term 3 2079,11,0,0,50,0.8521,42.43,43
2079-04-18,Term 3 2079,11,1,0,50,0.8469,42.14,44
2079-04-19,Term 3 2079,11,2,0,50,0.8568,42.71,43
2079-04-20,Term 3 2079,11,3,0,50,0.8568,42.71,45
2079-04-21,Term 3 2079,11,4,0,50,0.8656,43.14,41
2079-04-24,Term 3 2079,12,0,1,50,0.8551,42.57,37
2079-04-25,Term 3 2079,12,1,1,50,0.8407,41.86,37
2079-04-26,Term 3 2079,12,2,1,50,0.831,41.43,37
2079-04-27,Term 3 2079,12,3,1,50,0.8139,40.57,38
2079-04-28,Term 3 2079,12,4,1,50,0.7975,39.71,35
2079-05-01,Term 3 2079,13,0,1,50,0.7739,38.57,34
2079-05-02,Term 3 2079,13,1,1,50,0.7409,37.0,36
2079-05-03,Term 3 2079,13,2,1,50,0.7269,36.29,39
2079-05-04,Term 3 2079,13,3,1,50,0.731,36.57,39
2079-05-05,Term 3 2079,13,4,1,50,0.7374,36.86,38
2079-05-22,Term 1 2079,1,0,0,50,0.739,37.0,39
2079-05-23,Term 1 2079,1,1,0,50,0.7424,37.14,39
2079-05-24,Term 1 2079,1,2,0,50,0.7532,37.71,40
2079-05-25,Term 1 2079,1,3,0,50,0.7713,38.57,42
2079-05-26,Term 1 2079,1,4,0,50,0.7871,39.43,40
2079-05-29,Term 1 2079,2,0,0,50,0.7899,39.57,40
2079-05-30,Term 1 2079,2,1,0,50,0.7936,39.71,45
2079-05-31,Term 1 2079,2,2,0,50,0.8148,40.71,43
2079-06-01,Term 1 2079,2,3,0,50,0.8249,41.29,45
2079-06-02,Term 1 2079,2,4,0,50,0.8424,42.14,40
2079-06-05,Term 1 2079,3,0,0,50,0.8426,42.14,40
2079-06-06,Term 1 2079,3,1,0,50,0.8373,41.86,45
2079-06-07,Term 1 2079,3,2,0,50,0.8536,42.57,43
2079-06-08,Term 1 2079,3,3,0,50,0.8601,43.0,42
2079-06-09,Term 1 2079,3,4,0,50,0.8522,42.57,42
2079-06-12,Term 1 2079,4,0,0,50,0.8496,42.43,43
2079-06-13,Term 1 2079,4,1,0,50,0.843,42.14,45
2079-06-14,Term 1 2079,4,2,0,50,0.8562,42.86,43
2079-06-15,Term 1 2079,4,3,0,50,0.8639,43.29,46
2079-06-16,Term 1 2079,4,4,0,50,0.8653,43.43,41
2079-06-19,Term 1 2079,5,0,0,50,0.8603,43.14,40
2079-06-20,Term 1 2079,5,1,0,50,0.8519,42.86,45
2079-06-21,Term 1 2079,5,2,0,50,0.8621,43.29,45
2079-06-22,Term 1 2079,5,3,0,50,0.8693,43.57,44
2079-06-23,Term 1 2079,5,4,0,50,0.8669,43.43,40
2079-06-26,Term 1 2079,6,0,0,50,0.8596,43.0,42
2079-06-27,Term 1 2079,6,1,0,50,0.8476,42.43,42
2079-06-28,Term 1 2079,6,2,0,50,0.8512,42.57,43
2079-06-29,Term 1 2079,6,3,0,50,0.8597,43.0,42
2079-06-30,Term 1 2079,6,4,0,50,0.8505,42.57,41
2079-07-03,Term 1 2079,7,0,0,50,0.8378,42.0,40
2079-07-04,Term 1 2079,7,1,0,50,0.8263,41.43,45
2079-07-05,Term 1 2079,7,2,0,50,0.8417,42.14,45
2079-07-06,Term 1 2079,7,3,0,50,0.8526,42.57,44
2079-07-07,Term 1 2079,7,4,0,50,0.8585,42.86,41
2079-07-10,Term 1 2079,8,0,0,50,0.8544,42.57,40
2079-07-11,Term 1 2079,8,1,0,50,0.8495,42.29,43
2079-07-12,Term 1 2079,8,2,0,50,0.8554,42.57,42
2079-07-13,Term 1 2079,8,3,0,50,0.8623,42.86,43
2079-07-14,Term 1 2079,8,4,0,50,0.8553,42.57,43
2079-07-17,Term 1 2079,9,0,0,50,0.8474,42.29,43
2079-07-18,Term 1 2079,9,1,0,50,0.8423,42.14,42
2079-07-19,Term 1 2079,9,2,0,50,0.8456,42.29,44
2079-07-20,Term 1 2079,9,3,0,50,0.8543,42.86,42
2079-07-21,Term 1 2079,9,4,0,50,0.8523,42.71,42
2079-07-24,Term 1 2079,10,0,0,50,0.8506,42.71,43
2079-07-25,Term 1 2079,10,1,0,50,0.8497,42.71,45
2079-07-26,Term 1 2079,10,2,0,50,0.8559,43.0,44
2079-07-27,Term 1 2079,10,3,0,50,0.8589,43.14,44
2079-07-28,Term 1 2079,10,4,0,50,0.8643,43.43,42
2079-07-31,Term 1 2079,11,0,0,50,0.8589,43.14,42
2079-08-01,Term 1 2079,11,1,0,50,0.8577,43.14,46
2079-08-02,Term 1 2079,11,2,0,50,0.8692,43.71,46
2079-08-03,Term 1 2079,11,3,0,50,0.878,44.14,43
2079-08-04,Term 1 2079,11,4,0,50,0.8743,43.86,42
2079-08-07,Term 1 2079,12,0,1,50,0.871,43.57,36
2079-08-08,Term 1 2079,12,1,1,50,0.8487,42.43,39
2079-08-09,Term 1 2079,12,2,1,50,0.8412,42.0,39
2079-08-10,Term 1 2079,12,3,1,50,0.8338,41.57,38
2079-08-11,Term 1 2079,12,4,1,50,0.8117,40.43,36
2079-08-14,Term 1 2079,13,0,1,50,0.7827,39.0,36
2079-08-15,Term 1 2079,13,1,1,50,0.7601,38.0,38
2079-08-16,Term 1 2079,13,2,1,50,0.7475,37.43,39
2079-08-17,Term 1 2079,13,3,1,50,0.7556,37.86,37
2079-08-18,Term 1 2079,13,4,1,50,0.7494,37.57,36
2079-09-04,Term 2 2079,1,0,0,50,0.742,37.14,37
2079-09-05,Term 2 2079,1,1,0,50,0.7388,37.0,39
2079-09-06,Term 2 2079,1,2,0,50,0.7489,37.43,40
2079-09-07,Term 2 2079,1,3,0,50,0.763,38.0,40
2079-09-08,Term 2 2079,1,4,0,50,0.7677,38.29,38
2079-09-11,Term 2 2079,2,0,0,50,0.7628,38.14,41
2079-09-12,Term 2 2079,2,1,0,50,0.7747,38.71,43
2079-09-13,Term 2 2079,2,2,0,50,0.7943,39.71,43
2079-09-14,Term 2 2079,2,3,0,50,0.8109,40.57,42
2079-09-15,Term 2 2079,2,4,0,50,0.8191,41.0,42
2079-09-18,Term 2 2079,3,0,0,50,0.8229,41.29,42
2079-09-19,Term 2 2079,3,1,0,50,0.8298,41.57,43
2079-09-20,Term 2 2079,3,2,0,50,0.8443,42.29,45
2079-09-21,Term 2 2079,3,3,0,50,0.857,42.86,45
2079-09-22,Term 2 2079,3,4,0,50,0.8625,43.14,43
2079-09-25,Term 2 2079,4,0,0,50,0.863,43.14,42
2079-09-26,Term 2 2079,4,1,0,50,0.8631,43.14,43
2079-09-27,Term 2 2079,4,2,0,50,0.8673,43.29,43
2079-09-28,Term 2 2079,4,3,0,50,0.87,43.43,42
2079-09-29,Term 2 2079,4,4,0,50,0.8685,43.29,41
2079-10-02,Term 2 2079,5,0,0,50,0.8555,42.71,41
2079-10-03,Term 2 2079,5,1,0,50,0.8443,42.14,44
2079-10-04,Term 2 2079,5,2,0,50,0.847,42.29,44
2079-10-05,Term 2 2079,5,3,0,50,0.8521,42.57,44
2079-10-06,Term 2 2079,5,4,0,50,0.8539,42.71,44
2079-10-09,Term 2 2079,6,0,0,50,0.8555,42.86,41
2079-10-10,Term 2 2079,6,1,0,50,0.8535,42.71,44
2079-10-11,Term 2 2079,6,2,0,50,0.8614,43.14,42
2079-10-12,Term 2 2079,6,3,0,50,0.8641,43.29,46
2079-10-13,Term 2 2079,6,4,0,50,0.8693,43.57,44
2079-10-16,Term 2 2079,7,0,0,50,0.8686,43.57,43
2079-10-17,Term 2 2079,7,1,0,50,0.8666,43.43,43
2079-10-18,Term 2 2079,7,2,0,50,0.8656,43.29,42
2079-10-19,Term 2 2079,7,3,0,50,0.8681,43.43,44
2079-10-20,Term 2 2079,7,4,0,50,0.8686,43.43,42
2079-10-23,Term 2 2079,8,0,0,50,0.8668,43.43,42
2079-10-24,Term 2 2079,8,1,0,50,0.8563,42.86,44
2079-10-25,Term 2 2079,8,2,0,50,0.8567,42.86,44
2079-10-26,Term 2 2079,8,3,0,50,0.8601,43.0,43
2079-10-27,Term 2 2079,8,4,0,50,0.8608,43.0,42
2079-10-30,Term 2 2079,9,0,0,50,0.8603,43.0,41
2079-10-31,Term 2 2079,9,1,0,50,0.8533,42.57,46
2079-11-01,Term 2 2079,9,2,0,50,0.8653,43.14,45
2079-11-02,Term 2 2079,9,3,0,50,0.8749,43.57,44
2079-11-03,Term 2 2079,9,4,0,50,0.8754,43.57,41
2079-11-06,Term 2 2079,10,0,0,50,0.8669,43.14,40
2079-11-07,Term 2 2079,10,1,0,50,0.8579,42.71,46
2079-11-08,Term 2 2079,10,2,0,50,0.8683,43.29,43
2079-11-09,Term 2 2079,10,3,0,50,0.8719,43.57,46
2079-11-10,Term 2 2079,10,4,0,50,0.8726,43.57,41
2079-11-13,Term 2 2079,11,0,0,50,0.8586,43.0,42
2079-11-14,Term 2 2079,11,1,0,50,0.8541,42.71,43
2079-11-15,Term 2 2079,11,2,0,50,0.8589,43.0,42
2079-11-16,Term 2 2079,11,3,0,50,0.8641,43.29,43
2079-11-17,Term 2 2079,11,4,0,50,0.8561,42.86,42
2079-11-20,Term 2 2079,12,0,1,50,0.8544,42.71,34
2079-11-21,Term 2 2079,12,1,1,50,0.819,41.0,38
2079-11-22,Term 2 2079,12,2,1,50,0.8106,40.57,39
2079-11-23,Term 2 2079,12,3,1,50,0.8016,40.14,38
2079-11-24,Term 2 2079,12,4,1,50,0.7866,39.43,36
2079-11-27,Term 2 2079,13,0,1,50,0.7705,38.57,35
2079-11-28,Term 2 2079,13,1,1,50,0.747,37.43,36
2079-11-29,Term 2 2079,13,2,1,50,0.7302,36.57,38
2079-11-30,Term 2 2079,13,3,1,50,0.743,37.14,36
2079-12-01,Term 2 2079,13,4,1,50,0.7398,36.86,36
2079-12-18,Term 3 2079,1,0,0,50,0.73,36.43,37
2079-12-19,Term 3 2079,1,1,0,50,0.7289,36.29,41
2079-12-20,Term 3 2079,1,2,0,50,0.7419,37.0,38
2079-12-21,Term 3 2079,1,3,0,50,0.7519,37.43,41
2079-12-22,Term 3 2079,1,4,0,50,0.766,38.14,39
2079-12-25,Term 3 2079,2,0,0,50,0.7684,38.29,42
2079-12-26,Term 3 2079,2,1,0,50,0.7834,39.14,42
2079-12-27,Term 3 2079,2,2,0,50,0.802,40.0,46
2079-12-28,Term 3 2079,2,3,0,50,0.8261,41.29,46
2079-12-29,Term 3 2079,2,4,0,50,0.8395,42.0,42
2080-01-01,Term 3 2079,3,0,0,50,0.8491,42.57,42
2080-01-02,Term 3 2079,3,1,0,50,0.852,42.71,44
2080-01-03,Term 3 2079,3,2,0,50,0.8659,43.43,45
2080-01-04,Term 3 2079,3,3,0,50,0.8748,43.86,43
2080-01-05,Term 3 2079,3,4,0,50,0.8771,44.0,41
2080-01-08,Term 3 2079,4,0,0,50,0.8619,43.29,43
2080-01-09,Term 3 2079,4,1,0,50,0.8546,42.86,42
2080-01-10,Term 3 2079,4,2,0,50,0.857,42.86,44
2080-01-11,Term 3 2079,4,3,0,50,0.861,43.14,44
2080-01-12,Term 3 2079,4,4,0,50,0.8605,43.14,40
2080-01-15,Term 3 2079,5,0,0,50,0.847,42.43,41
2080-01-16,Term 3 2079,5,1,0,50,0.8403,42.14,46
2080-01-17,Term 3 2079,5,2,0,50,0.8553,42.86,43
2080-01-18,Term 3 2079,5,3,0,50,0.8542,42.86,44
2080-01-19,Term 3 2079,5,4,0,50,0.8596,43.14,42
2080-01-22,Term 3 2079,6,0,0,50,0.8543,42.86,43
2080-01-23,Term 3 2079,6,1,0,50,0.8521,42.71,43
2080-01-24,Term 3 2079,6,2,0,50,0.859,43.14,44
2080-01-25,Term 3 2079,6,3,0,50,0.869,43.57,43
2080-01-26,Term 3 2079,6,4,0,50,0.861,43.14,44
2080-01-29,Term 3 2079,7,0,0,50,0.8635,43.29,40
2080-01-30,Term 3 2079,7,1,0,50,0.8499,42.71,42
2080-01-31,Term 3 2079,7,2,0,50,0.8516,42.71,45
2080-02-01,Term 3 2079,7,3,0,50,0.8591,43.0,43
2080-02-02,Term 3 2079,7,4,0,50,0.8604,43.0,42
2080-02-05,Term 3 2079,8,0,0,50,0.8539,42.71,40
2080-02-06,Term 3 2079,8,1,0,50,0.8446,42.29,44
2080-02-07,Term 3 2079,8,2,0,50,0.8452,42.29,46
2080-02-08,Term 3 2079,8,3,0,50,0.8636,43.14,46
2080-02-09,Term 3 2079,8,4,0,50,0.8734,43.71,42
2080-02-12,Term 3 2079,9,0,0,50,0.8635,43.29,40
2080-02-13,Term 3 2079,9,1,0,50,0.8543,42.86,44
2080-02-14,Term 3 2079,9,2,0,50,0.8597,43.14,46
2080-02-15,Term 3 2079,9,3,0,50,0.8764,44.0,44
2080-02-16,Term 3 2079,9,4,0,50,0.8781,44.0,44
2080-02-19,Term 3 2079,10,0,0,50,0.8723,43.71,43
2080-02-20,Term 3 2079,10,1,0,50,0.8643,43.29,46
2080-02-21,Term 3 2079,10,2,0,50,0.8753,43.86,43
2080-02-22,Term 3 2079,10,3,0,50,0.8845,44.29,44
2080-02-23,Term 3 2079,10,4,0,50,0.8856,44.29,44
2080-02-26,Term 3 2079,11,0,0,50,0.8798,44.0,43
2080-02-27,Term 3 2079,11,1,0,50,0.8749,43.86,43
2080-02-28,Term 3 2079,11,2,0,50,0.8732,43.71,45
2080-02-29,Term 3 2079,11,3,0,50,0.8782,44.0,44
2080-03-01,Term 3 2079,11,4,0,50,0.8733,43.71,43
2080-03-04,Term 3 2079,12,0,1,50,0.8723,43.71,37
2080-03-05,Term 3 2079,12,1,1,50,0.8512,42.71,38
2080-03-06,Term 3 2079,12,2,1,50,0.8363,41.86,39
2080-03-07,Term 3 2079,12,3,1,50,0.8248,41.29,39
2080-03-08,Term 3 2079,12,4,1,50,0.8131,40.71,37
2080-03-11,Term 3 2079,13,0,1,50,0.7916,39.57,34
2080-03-12,Term 3 2079,13,1,1,50,0.7641,38.14,39
2080-03-13,Term 3 2079,13,2,1,50,0.7543,37.57,38
2080-03-14,Term 3 2079,13,3,1,50,0.7569,37.71,37
2080-03-15,Term 3 2079,13,4,1,50,0.7532,37.57,38
2080-04-01,Term 1 2080,1,0,0,50,0.7505,37.43,37
2080-04-02,Term 1 2080,1,1,0,50,0.7433,37.14,42
2080-04-03,Term 1 2080,1,2,0,50,0.7569,37.86,42
2080-04-04,Term 1 2080,1,3,0,50,0.7783,39.0,38
2080-04-05,Term 1 2080,1,4,0,50,0.7753,38.86,38
2080-04-08,Term 1 2080,2,0,0,50,0.7771,38.86,43
2080-04-09,Term 1 2080,2,1,0,50,0.7931,39.71,43
2080-04-10,Term 1 2080,2,2,0,50,0.8082,40.43,45
2080-04-11,Term 1 2080,2,3,0,50,0.8327,41.57,44
2080-04-12,Term 1 2080,2,4,0,50,0.8394,41.86,43
2080-04-15,Term 1 2080,3,0,0,50,0.8434,42.0,40
2080-04-16,Term 1 2080,3,1,0,50,0.8496,42.29,46
2080-04-17,Term 1 2080,3,2,0,50,0.8709,43.43,44
2080-04-18,Term 1 2080,3,3,0,50,0.8742,43.57,43
2080-04-19,Term 1 2080,3,4,0,50,0.873,43.57,40
2080-04-22,Term 1 2080,4,0,0,50,0.859,42.86,42
2080-04-23,Term 1 2080,4,1,0,50,0.8518,42.57,43
2080-04-24,Term 1 2080,4,2,0,50,0.852,42.57,45
2080-04-25,Term 1 2080,4,3,0,50,0.8651,43.29,44
2080-04-26,Term 1 2080,4,4,0,50,0.8589,43.0,41
2080-04-29,Term 1 2080,5,0,0,50,0.8517,42.57,40
2080-04-30,Term 1 2080,5,1,0,50,0.8437,42.14,43
2080-05-01,Term 1 2080,5,2,0,50,0.8502,42.57,44
2080-05-02,Term 1 2080,5,3,0,50,0.8566,42.86,46
2080-05-03,Term 1 2080,5,4,0,50,0.8631,43.29,40
2080-05-06,Term 1 2080,6,0,0,50,0.8497,42.57,41
2080-05-07,Term 1 2080,6,1,0,50,0.8413,42.14,46
2080-05-08,Term 1 2080,6,2,0,50,0.8534,42.86,44
2080-05-09,Term 1 2080,6,3,0,50,0.8646,43.43,45
2080-05-10,Term 1 2080,6,4,0,50,0.872,43.71,41
2080-05-13,Term 1 2080,7,0,0,50,0.8626,43.29,41
2080-05-14,Term 1 2080,7,1,0,50,0.8502,42.57,42
2080-05-15,Term 1 2080,7,2,0,50,0.8555,42.86,46
2080-05-16,Term 1 2080,7,3,0,50,0.8698,43.57,42
2080-05-17,Term 1 2080,7,4,0,50,0.861,43.0,41
2080-05-20,Term 1 2080,8,0,0,50,0.853,42.57,43
2080-05-21,Term 1 2080,8,1,0,50,0.8466,42.29,44
2080-05-22,Term 1 2080,8,2,0,50,0.8562,42.71,46
2080-05-23,Term 1 2080,8,3,0,50,0.8689,43.43,44
2080-05-24,Term 1 2080,8,4,0,50,0.8753,43.71,42
2080-05-27,Term 1 2080,9,0,0,50,0.8635,43.14,43
2080-05-28,Term 1 2080,9,1,0,50,0.8647,43.29,43
2080-05-29,Term 1 2080,9,2,0,50,0.871,43.57,44
2080-05-30,Term 1 2080,9,3,0,50,0.875,43.71,43
2080-05-31,Term 1 2080,9,4,0,50,0.8713,43.57,41
2080-06-03,Term 1 2080,10,0,0,50,0.8564,42.86,41
2080-06-04,Term 1 2080,10,1,0,50,0.8463,42.43,44
2080-06-05,Term 1 2080,10,2,0,50,0.8517,42.71,42
2080-06-06,Term 1 2080,10,3,0,50,0.8501,42.57,42
2080-06-07,Term 1 2080,10,4,0,50,0.8477,42.43,43
2080-06-10,Term 1 2080,11,0,0,50,0.8442,42.29,40
2080-06-11,Term 1 2080,11,1,0,50,0.8352,41.86,44
2080-06-12,Term 1 2080,11,2,0,50,0.8453,42.29,44
2080-06-13,Term 1 2080,11,3,0,50,0.8543,42.71,42
2080-06-14,Term 1 2080,11,4,0,50,0.8511,42.43,44
2080-06-17,Term 1 2080,12,0,1,50,0.8555,42.71,37
2080-06-18,Term 1 2080,12,1,1,50,0.8395,42.0,39
2080-06-19,Term 1 2080,12,2,1,50,0.8264,41.43,40
2080-06-20,Term 1 2080,12,3,1,50,0.8276,41.43,36
2080-06-21,Term 1 2080,12,4,1,50,0.8043,40.29,35
2080-06-24,Term 1 2080,13,0,1,50,0.7779,39.0,34
2080-06-25,Term 1 2080,13,1,1,50,0.7541,37.86,40
2080-06-26,Term 1 2080,13,2,1,50,0.7428,37.29,37
2080-06-27,Term 1 2080,13,3,1,50,0.7449,37.29,39
2080-06-28,Term 1 2080,13,4,1,50,0.7453,37.29,37
2080-07-15,Term 2 2080,1,0,0,50,0.7377,36.86,37
2080-07-16,Term 2 2080,1,1,0,50,0.7404,37.0,40
2080-07-17,Term 2 2080,1,2,0,50,0.7563,37.71,38
2080-07-18,Term 2 2080,1,3,0,50,0.7681,38.29,42
2080-07-19,Term 2 2080,1,4,0,50,0.7728,38.57,37
2080-07-22,Term 2 2080,2,0,0,50,0.7723,38.57,40
2080-07-23,Term 2 2080,2,1,0,50,0.7749,38.71,44
2080-07-24,Term 2 2080,2,2,0,50,0.795,39.71,46
2080-07-25,Term 2 2080,2,3,0,50,0.8208,41.0,44
2080-07-26,Term 2 2080,2,4,0,50,0.8327,41.57,43
2080-07-29,Term 2 2080,3,0,0,50,0.8473,42.29,40
2080-07-30,Term 2 2080,3,1,0,50,0.8436,42.0,43
2080-07-31,Term 2 2080,3,2,0,50,0.8589,42.86,44
2080-08-01,Term 2 2080,3,3,0,50,0.8701,43.43,46
2080-08-02,Term 2 2080,3,4,0,50,0.8748,43.71,40
2080-08-05,Term 2 2080,4,0,0,50,0.859,42.86,42
2080-08-06,Term 2 2080,4,1,0,50,0.8517,42.57,44
2080-08-07,Term 2 2080,4,2,0,50,0.855,42.71,44
2080-08-08,Term 2 2080,4,3,0,50,0.866,43.29,45
2080-08-09,Term 2 2080,4,4,0,50,0.8735,43.57,41
2080-08-12,Term 2 2080,5,0,0,50,0.8666,43.14,40
2080-08-13,Term 2 2080,5,1,0,50,0.8488,42.29,44
2080-08-14,Term 2 2080,5,2,0,50,0.8603,42.86,43
2080-08-15,Term 2 2080,5,3,0,50,0.8636,43.0,45
2080-08-16,Term 2 2080,5,4,0,50,0.8639,43.14,43
2080-08-19,Term 2 2080,6,0,0,50,0.8602,43.0,40
2080-08-20,Term 2 2080,6,1,0,50,0.8446,42.29,44
2080-08-21,Term 2 2080,6,2,0,50,0.854,42.71,45
2080-08-22,Term 2 2080,6,3,0,50,0.8683,43.43,42
2080-08-23,Term 2 2080,6,4,0,50,0.8617,43.14,43
2080-08-26,Term 2 2080,7,0,0,50,0.8628,43.14,42
2080-08-27,Term 2 2080,7,1,0,50,0.8559,42.71,45
2080-08-28,Term 2 2080,7,2,0,50,0.8616,43.0,45
2080-08-29,Term 2 2080,7,3,0,50,0.8769,43.71,43
2080-08-30,Term 2 2080,7,4,0,50,0.874,43.57,42
2080-09-02,Term 2 2080,8,0,0,50,0.8663,43.14,41
2080-09-03,Term 2 2080,8,1,0,50,0.8621,43.0,45
2080-09-04,Term 2 2080,8,2,0,50,0.8661,43.29,44
2080-09-05,Term 2 2080,8,3,0,50,0.8703,43.57,45
2080-09-06,Term 2 2080,8,4,0,50,0.8716,43.57,41
2080-09-09,Term 2 2080,9,0,0,50,0.8593,43.0,43
2080-09-10,Term 2 2080,9,1,0,50,0.8593,43.0,43
2080-09-11,Term 2 2080,9,2,0,50,0.8627,43.14,43
2080-09-12,Term 2 2080,9,3,0,50,0.8702,43.43,43
2080-09-13,Term 2 2080,9,4,0,50,0.8649,43.14,41
2080-09-16,Term 2 2080,10,0,0,50,0.8563,42.71,40
2080-09-17,Term 2 2080,10,1,0,50,0.8417,42.0,42
2080-09-18,Term 2 2080,10,2,0,50,0.8457,42.14,44
2080-09-19,Term 2 2080,10,3,0,50,0.8483,42.29,42
2080-09-20,Term 2 2080,10,4,0,50,0.8461,42.14,40
2080-09-23,Term 2 2080,11,0,0,50,0.8379,41.71,41
2080-09-24,Term 2 2080,11,1,0,50,0.8331,41.43,43
2080-09-25,Term 2 2080,11,2,0,50,0.8388,41.71,42
2080-09-26,Term 2 2080,11,3,0,50,0.845,42.0,45
2080-09-27,Term 2 2080,11,4,0,50,0.8529,42.43,43
2080-09-30,Term 2 2080,12,0,1,50,0.8483,42.29,36
2080-10-01,Term 2 2080,12,1,1,50,0.8293,41.43,39
2080-10-02,Term 2 2080,12,2,1,50,0.8249,41.29,38
2080-10-03,Term 2 2080,12,3,1,50,0.8147,40.86,36
2080-10-04,Term 2 2080,12,4,1,50,0.7973,39.86,37
2080-10-07,Term 2 2080,13,0,1,50,0.7809,39.14,37
2080-10-08,Term 2 2080,13,1,1,50,0.7586,38.0,38
2080-10-09,Term 2 2080,13,2,1,50,0.7456,37.29,38
2080-10-10,Term 2 2080,13,3,1,50,0.7529,37.57,40
2080-10-11,Term 2 2080,13,4,1,50,0.7554,37.71,35
2080-10-28,Term 3 2080,1,0,0,50,0.7471,37.29,37
2080-10-29,Term 3 2080,1,1,0,50,0.7497,37.43,38
2080-10-30,Term 3 2080,1,2,0,50,0.7541,37.57,39
2080-10-31,Term 3 2080,1,3,0,50,0.758,37.86,39
2080-11-01,Term 3 2080,1,4,0,50,0.7596,38.0,36
2080-11-04,Term 3 2080,2,0,0,50,0.7536,37.71,40
2080-11-05,Term 3 2080,2,1,0,50,0.7533,37.71,45
2080-11-06,Term 3 2080,2,2,0,50,0.7835,39.14,43
2080-11-07,Term 3 2080,2,3,0,50,0.7995,40.0,43
2080-11-08,Term 3 2080,2,4,0,50,0.8127,40.71,42
2080-11-11,Term 3 2080,3,0,0,50,0.8223,41.14,42
2080-11-12,Term 3 2080,3,1,0,50,0.8319,41.57,44
2080-11-13,Term 3 2080,3,2,0,50,0.8529,42.71,45
2080-11-14,Term 3 2080,3,3,0,50,0.8678,43.43,43
2080-11-15,Term 3 2080,3,4,0,50,0.8617,43.14,41
2080-11-18,Term 3 2080,4,0,0,50,0.8546,42.86,41
2080-11-19,Term 3 2080,4,1,0,50,0.8491,42.57,46
2080-11-20,Term 3 2080,4,2,0,50,0.8602,43.14,44
2080-11-21,Term 3 2080,4,3,0,50,0.8646,43.43,43
2080-11-22,Term 3 2080,4,4,0,50,0.8637,43.29,44
2080-11-25,Term 3 2080,5,0,0,50,0.8603,43.14,42
2080-11-26,Term 3 2080,5,1,0,50,0.8559,43.0,45
2080-11-27,Term 3 2080,5,2,0,50,0.8681,43.57,42
2080-11-28,Term 3 2080,5,3,0,50,0.8716,43.71,45
2080-11-29,Term 3 2080,5,4,0,50,0.8695,43.57,44
2080-12-02,Term 3 2080,6,0,0,50,0.8699,43.57,41
2080-12-03,Term 3 2080,6,1,0,50,0.8639,43.29,44
2080-12-04,Term 3 2080,6,2,0,50,0.8647,43.29,46
2080-12-05,Term 3 2080,6,3,0,50,0.8767,43.86,43
2080-12-06,Term 3 2080,6,4,0,50,0.8704,43.57,44
2080-12-09,Term 3 2080,7,0,0,50,0.8747,43.86,40
2080-12-10,Term 3 2080,7,1,0,50,0.8614,43.14,44
2080-12-11,Term 3 2080,7,2,0,50,0.8631,43.14,46
2080-12-12,Term 3 2080,7,3,0,50,0.8764,43.86,46
2080-12-13,Term 3 2080,7,4,0,50,0.8812,44.14,43
2080-12-16,Term 3 2080,8,0,0,50,0.8724,43.71,41
2080-12-17,Term 3 2080,8,1,0,50,0.8684,43.43,45
2080-12-18,Term 3 2080,8,2,0,50,0.8728,43.57,45
2080-12-19,Term 3 2080,8,3,0,50,0.8844,44.29,45
2080-12-20,Term 3 2080,8,4,0,50,0.8856,44.43,43
2080-12-23,Term 3 2080,9,0,0,50,0.8781,44.0,41
2080-12-24,Term 3 2080,9,1,0,50,0.8649,43.29,42
2080-12-25,Term 3 2080,9,2,0,50,0.8624,43.14,44
2080-12-26,Term 3 2080,9,3,0,50,0.8702,43.57,45
2080-12-27,Term 3 2080,9,4,0,50,0.8708,43.57,42
2080-12-30,Term 3 2080,10,0,0,50,0.8636,43.14,40
2080-12-31,Term 3 2080,10,1,0,50,0.8508,42.43,43
2081-01-01,Term 3 2080,10,2,0,50,0.8512,42.43,45
2081-01-02,Term 3 2080,10,3,0,50,0.8616,43.0,45
2081-01-03,Term 3 2080,10,4,0,50,0.87,43.43,42
2081-01-06,Term 3 2080,11,0,0,50,0.8645,43.14,42
2081-01-07,Term 3 2080,11,1,0,50,0.854,42.71,46
2081-01-08,Term 3 2080,11,2,0,50,0.8642,43.29,46
2081-01-09,Term 3 2080,11,3,0,50,0.8803,44.14,44
2081-01-10,Term 3 2080,11,4,0,50,0.8835,44.29,42
2081-01-13,Term 3 2080,12,0,1,50,0.8772,43.86,35
2081-01-14,Term 3 2080,12,1,1,50,0.8495,42.43,40
2081-01-15,Term 3 2080,12,2,1,50,0.8431,42.14,39
2081-01-16,Term 3 2080,12,3,1,50,0.8362,41.71,38
2081-01-17,Term 3 2080,12,4,1,50,0.8141,40.57,37
2081-01-20,Term 3 2080,13,0,1,50,0.7881,39.29,36
2081-01-21,Term 3 2080,13,1,1,50,0.7631,38.14,38
2081-01-22,Term 3 2080,13,2,1,50,0.7508,37.57,39
2081-01-23,Term 3 2080,13,3,1,50,0.7616,38.14,36
2081-01-24,Term 3 2080,13,4,1,50,0.7513,37.57,35
2081-02-10,Term 1 2081,1,0,0,50,0.7402,37.0,37
2081-02-11,Term 1 2081,1,1,0,50,0.7382,36.86,41
2081-02-12,Term 1 2081,1,2,0,50,0.7486,37.43,41
2081-02-13,Term 1 2081,1,3,0,50,0.7643,38.14,40
2081-02-14,Term 1 2081,1,4,0,50,0.7693,38.43,40
2081-02-17,Term 1 2081,2,0,0,50,0.7707,38.57,43
2081-02-18,Term 1 2081,2,1,0,50,0.7908,39.57,46
2081-02-19,Term 1 2081,2,2,0,50,0.8203,41.14,44
2081-02-20,Term 1 2081,2,3,0,50,0.8411,42.14,43
2081-02-21,Term 1 2081,2,4,0,50,0.848,42.43,41
2081-02-24,Term 1 2081,3,0,0,50,0.8483,42.43,42
2081-02-25,Term 1 2081,3,1,0,50,0.8539,42.71,44
2081-02-26,Term 1 2081,3,2,0,50,0.8661,43.29,43
2081-02-27,Term 1 2081,3,3,0,50,0.8661,43.29,45
2081-02-28,Term 1 2081,3,4,0,50,0.8631,43.14,40
2081-03-03,Term 1 2081,4,0,0,50,0.8509,42.57,40
2081-03-04,Term 1 2081,4,1,0,50,0.8437,42.14,46
2081-03-05,Term 1 2081,4,2,0,50,0.8562,42.86,43
2081-03-06,Term 1 2081,4,3,0,50,0.8595,43.0,43
2081-03-07,Term 1 2081,4,4,0,50,0.8574,42.86,42
2081-03-10,Term 1 2081,5,0,0,50,0.8543,42.71,40
2081-03-11,Term 1 2081,5,1,0,50,0.8402,42.0,46
2081-03-12,Term 1 2081,5,2,0,50,0.8563,42.86,44
2081-03-13,Term 1 2081,5,3,0,50,0.866,43.43,44
2081-03-14,Term 1 2081,5,4,0,50,0.8602,43.14,42
2081-03-17,Term 1 2081,6,0,0,50,0.8565,43.0,43
2081-03-18,Term 1 2081,6,1,0,50,0.8572,43.0,45
2081-03-19,Term 1 2081,6,2,0,50,0.8661,43.43,43
2081-03-20,Term 1 2081,6,3,0,50,0.8759,43.86,45
2081-03-21,Term 1 2081,6,4,0,50,0.8743,43.71,42
2081-03-24,Term 1 2081,7,0,0,50,0.8697,43.43,41
2081-03-25,Term 1 2081,7,1,0,50,0.8628,43.0,44
2081-03-26,Term 1 2081,7,2,0,50,0.8693,43.29,46
2081-03-27,Term 1 2081,7,3,0,50,0.8764,43.71,45
2081-03-28,Term 1 2081,7,4,0,50,0.8763,43.71,43
2081-03-31,Term 1 2081,8,0,0,50,0.8748,43.71,41
2081-04-01,Term 1 2081,8,1,0,50,0.8618,43.14,44
2081-04-02,Term 1 2081,8,2,0,50,0.8681,43.43,42
2081-04-03,Term 1 2081,8,3,0,50,0.8711,43.57,46
2081-04-04,Term 1 2081,8,4,0,50,0.8767,43.86,41
2081-04-07,Term 1 2081,9,0,0,50,0.8625,43.14,42
2081-04-08,Term 1 2081,9,1,0,50,0.8538,42.71,43
2081-04-09,Term 1 2081,9,2,0,50,0.8555,42.71,42
2081-04-10,Term 1 2081,9,3,0,50,0.8605,42.86,43
2081-04-11,Term 1 2081,9,4,0,50,0.8563,42.71,44
2081-04-14,Term 1 2081,10,0,0,50,0.8613,43.0,42
2081-04-15,Term 1 2081,10,1,0,50,0.8493,42.43,43
2081-04-16,Term 1 2081,10,2,0,50,0.8563,42.71,44
2081-04-17,Term 1 2081,10,3,0,50,0.8621,43.0,43
2081-04-18,Term 1 2081,10,4,0,50,0.8611,43.0,43
2081-04-21,Term 1 2081,11,0,0,50,0.8619,43.14,40
2081-04-22,Term 1 2081,11,1,0,50,0.853,42.71,45
2081-04-23,Term 1 2081,11,2,0,50,0.8548,42.86,46
2081-04-24,Term 1 2081,11,3,0,50,0.8664,43.43,42
2081-04-25,Term 1 2081,11,4,0,50,0.8628,43.29,41
2081-04-28,Term 1 2081,12,0,1,50,0.8524,42.86,36
2081-04-29,Term 1 2081,12,1,1,50,0.8344,41.86,37
2081-04-30,Term 1 2081,12,2,1,50,0.8181,41.0,39
2081-05-01,Term 1 2081,12,3,1,50,0.8147,40.86,39
2081-05-02,Term 1 2081,12,4,1,50,0.7978,40.0,36
2081-05-05,Term 1 2081,13,0,1,50,0.7689,38.57,37
2081-05-06,Term 1 2081,13,1,1,50,0.7547,37.86,37
2081-05-07,Term 1 2081,13,2,1,50,0.7441,37.29,37
2081-05-08,Term 1 2081,13,3,1,50,0.7446,37.43,36
2081-05-09,Term 1 2081,13,4,1,50,0.7427,37.29,38
2081-05-26,Term 2 2081,1,0,0,50,0.7402,37.14,37
2081-05-27,Term 2 2081,1,1,0,50,0.7346,36.86,40
2081-05-28,Term 2 2081,1,2,0,50,0.7475,37.43,40
2081-05-29,Term 2 2081,1,3,0,50,0.7563,37.86,38
2081-05-30,Term 2 2081,1,4,0,50,0.7604,38.0,40
2081-06-02,Term 2 2081,2,0,0,50,0.7698,38.43,43
2081-06-03,Term 2 2081,2,1,0,50,0.7887,39.43,45
2081-06-04,Term 2 2081,2,2,0,50,0.8106,40.43,42
2081-06-05,Term 2 2081,2,3,0,50,0.8257,41.14,43
2081-06-06,Term 2 2081,2,4,0,50,0.8337,41.57,43
2081-06-09,Term 2 2081,3,0,0,50,0.842,42.0,43
2081-06-10,Term 2 2081,3,1,0,50,0.8546,42.71,46
2081-06-11,Term 2 2081,3,2,0,50,0.8713,43.57,46
2081-06-12,Term 2 2081,3,3,0,50,0.8795,44.0,42
2081-06-13,Term 2 2081,3,4,0,50,0.871,43.57,42
2081-06-16,Term 2 2081,4,0,0,50,0.8704,43.57,40
2081-06-17,Term 2 2081,4,1,0,50,0.8619,43.14,45
2081-06-18,Term 2 2081,4,2,0,50,0.8675,43.43,45
2081-06-19,Term 2 2081,4,3,0,50,0.8745,43.71,44
2081-06-20,Term 2 2081,4,4,0,50,0.869,43.43,40
2081-06-23,Term 2 2081,5,0,0,50,0.8537,42.57,42
2081-06-24,Term 2 2081,5,1,0,50,0.8528,42.57,43
2081-06-25,Term 2 2081,5,2,0,50,0.8566,42.71,42
2081-06-26,Term 2 2081,5,3,0,50,0.8633,43.0,45
2081-06-27,Term 2 2081,5,4,0,50,0.8636,43.0,41
2081-06-30,Term 2 2081,6,0,0,50,0.853,42.43,41
2081-07-01,Term 2 2081,6,1,0,50,0.8449,42.0,43
2081-07-02,Term 2 2081,6,2,0,50,0.8514,42.43,46
2081-07-03,Term 2 2081,6,3,0,50,0.8617,43.0,45
2081-07-04,Term 2 2081,6,4,0,50,0.8668,43.29,44
2081-07-07,Term 2 2081,7,0,0,50,0.8706,43.57,42
2081-07-08,Term 2 2081,7,1,0,50,0.8615,43.14,46
2081-07-09,Term 2 2081,7,2,0,50,0.8743,43.86,45
2081-07-10,Term 2 2081,7,3,0,50,0.8857,44.43,46
2081-07-11,Term 2 2081,7,4,0,50,0.8949,44.86,41
2081-07-14,Term 2 2081,8,0,0,50,0.8803,44.14,41
2081-07-15,Term 2 2081,8,1,0,50,0.8687,43.57,44
2081-07-16,Term 2 2081,8,2,0,50,0.87,43.57,45
2081-07-17,Term 2 2081,8,3,0,50,0.878,44.0,43
2081-07-18,Term 2 2081,8,4,0,50,0.8691,43.57,44
2081-07-21,Term 2 2081,9,0,0,50,0.8659,43.43,43
2081-07-22,Term 2 2081,9,1,0,50,0.8561,43.0,43
2081-07-23,Term 2 2081,9,2,0,50,0.864,43.29,43
2081-07-24,Term 2 2081,9,3,0,50,0.8711,43.57,44
2081-07-25,Term 2 2081,9,4,0,50,0.8696,43.57,43
2081-07-28,Term 2 2081,10,0,0,50,0.8646,43.29,40
2081-07-29,Term 2 2081,10,1,0,50,0.8564,42.86,44
2081-07-30,Term 2 2081,10,2,0,50,0.8567,42.86,45
2081-07-31,Term 2 2081,10,3,0,50,0.8644,43.14,43
2081-08-01,Term 2 2081,10,4,0,50,0.8629,43.14,41
2081-08-04,Term 2 2081,11,0,0,50,0.8554,42.86,42
2081-08-05,Term 2 2081,11,1,0,50,0.8511,42.57,45
2081-08-06,Term 2 2081,11,2,0,50,0.857,42.86,45
2081-08-07,Term 2 2081,11,3,0,50,0.8715,43.57,42
2081-08-08,Term 2 2081,11,4,0,50,0.8665,43.29,44
2081-08-11,Term 2 2081,12,0,1,50,0.8628,43.14,34
2081-08-12,Term 2 2081,12,1,1,50,0.8387,41.86,39
2081-08-13,Term 2 2081,12,2,1,50,0.8326,41.57,40
2081-08-14,Term 2 2081,12,3,1,50,0.8257,41.29,38
2081-08-15,Term 2 2081,12,4,1,50,0.8054,40.29,37
2081-08-18,Term 2 2081,13,0,1,50,0.7828,39.14,35
2081-08-19,Term 2 2081,13,1,1,50,0.7622,38.14,39
2081-08-20,Term 2 2081,13,2,1,50,0.7468,37.43,37
2081-08-21,Term 2 2081,13,3,1,50,0.7536,37.86,36
2081-08-22,Term 2 2081,13,4,1,50,0.7466,37.43,36
2081-09-08,Term 3 2081,1,0,0,50,0.7356,36.86,36
2081-09-09,Term 3 2081,1,1,0,50,0.7286,36.57,39
2081-09-10,Term 3 2081,1,2,0,50,0.7352,36.86,42
2081-09-11,Term 3 2081,1,3,0,50,0.7549,37.86,42
2081-09-12,Term 3 2081,1,4,0,50,0.764,38.29,39
2081-09-15,Term 3 2081,2,0,0,50,0.7691,38.57,41
2081-09-16,Term 3 2081,2,1,0,50,0.7834,39.29,45
2081-09-17,Term 3 2081,2,2,0,50,0.8106,40.57,46
2081-09-18,Term 3 2081,2,3,0,50,0.8403,42.0,45
2081-09-19,Term 3 2081,2,4,0,50,0.8575,42.86,40
2081-09-22,Term 3 2081,3,0,0,50,0.8529,42.57,43
2081-09-23,Term 3 2081,3,1,0,50,0.8561,42.71,44
2081-09-24,Term 3 2081,3,2,0,50,0.8727,43.43,44
2081-09-25,Term 3 2081,3,3,0,50,0.8815,43.86,42
2081-09-26,Term 3 2081,3,4,0,50,0.8732,43.43,41
2081-09-29,Term 3 2081,4,0,0,50,0.858,42.71,41
2081-09-30,Term 3 2081,4,1,0,50,0.8466,42.14,46
2081-10-01,Term 3 2081,4,2,0,50,0.8628,43.0,45
2081-10-02,Term 3 2081,4,3,0,50,0.8686,43.29,43
2081-10-03,Term 3 2081,4,4,0,50,0.8657,43.14,42
2081-10-06,Term 3 2081,5,0,0,50,0.8607,42.86,40
2081-10-07,Term 3 2081,5,1,0,50,0.8526,42.57,45
2081-10-08,Term 3 2081,5,2,0,50,0.8663,43.14,43
2081-10-09,Term 3 2081,5,3,0,50,0.8714,43.43,43
2081-10-10,Term 3 2081,5,4,0,50,0.8636,43.0,43
2081-10-13,Term 3 2081,6,0,0,50,0.859,42.71,41
2081-10-14,Term 3 2081,6,1,0,50,0.8513,42.43,45
2081-10-15,Term 3 2081,6,2,0,50,0.8597,42.86,42
2081-10-16,Term 3 2081,6,3,0,50,0.8671,43.14,43
2081-10-17,Term 3 2081,6,4,0,50,0.861,42.86,44
2081-10-20,Term 3 2081,7,0,0,50,0.8626,43.0,40
2081-10-21,Term 3 2081,7,1,0,50,0.8535,42.57,43
2081-10-22,Term 3 2081,7,2,0,50,0.8528,42.57,44
2081-10-23,Term 3 2081,7,3,0,50,0.8609,43.0,43
2081-10-24,Term 3 2081,7,4,0,50,0.8528,42.71,41
2081-10-27,Term 3 2081,8,0,0,50,0.8504,42.57,41
2081-10-28,Term 3 2081,8,1,0,50,0.8445,42.29,42
2081-10-29,Term 3 2081,8,2,0,50,0.8401,42.0,44
2081-10-30,Term 3 2081,8,3,0,50,0.8517,42.57,42
2081-10-31,Term 3 2081,8,4,0,50,0.8496,42.43,41
2081-11-03,Term 3 2081,9,0,0,50,0.8431,42.0,41
2081-11-04,Term 3 2081,9,1,0,50,0.8376,41.71,42
2081-11-05,Term 3 2081,9,2,0,50,0.8397,41.86,46
2081-11-06,Term 3 2081,9,3,0,50,0.8534,42.57,43
2081-11-07,Term 3 2081,9,4,0,50,0.8562,42.71,43
2081-11-10,Term 3 2081,10,0,0,50,0.8526,42.57,43
2081-11-11,Term 3 2081,10,1,0,50,0.8545,42.71,46
2081-11-12,Term 3 2081,10,2,0,50,0.8674,43.43,44
2081-11-13,Term 3 2081,10,3,0,50,0.878,43.86,45
2081-11-14,Term 3 2081,10,4,0,50,0.8874,44.29,41
2081-11-17,Term 3 2081,11,0,0,50,0.8746,43.57,40
2081-11-18,Term 3 2081,11,1,0,50,0.8648,43.14,43
2081-11-19,Term 3 2081,11,2,0,50,0.8654,43.14,43
2081-11-20,Term 3 2081,11,3,0,50,0.8665,43.14,46
2081-11-21,Term 3 2081,11,4,0,50,0.866,43.14,41
2081-11-24,Term 3 2081,12,0,1,50,0.8555,42.71,34
2081-11-25,Term 3 2081,12,1,1,50,0.8239,41.14,39
2081-11-26,Term 3 2081,12,2,1,50,0.8174,40.86,37
2081-11-27,Term 3 2081,12,3,1,50,0.809,40.43,37
2081-11-28,Term 3 2081,12,4,1,50,0.792,39.57,37
2081-12-01,Term 3 2081,13,0,1,50,0.7749,38.71,36
2081-12-02,Term 3 2081,13,1,1,50,0.7468,37.29,38
2081-12-03,Term 3 2081,13,2,1,50,0.7395,36.86,39
2081-12-04,Term 3 2081,13,3,1,50,0.754,37.57,39
2081-12-05,Term 3 2081,13,4,1,50,0.7541,37.57,36
2081-12-22,Term 1 2081,1,0,0,50,0.752,37.43,38
2081-12-23,Term 1 2081,1,1,0,50,0.754,37.57,41
2081-12-24,Term 1 2081,1,2,0,50,0.7637,38.14,39
2081-12-25,Term 1 2081,1,3,0,50,0.7737,38.57,40
2081-12-26,Term 1 2081,1,4,0,50,0.7796,38.86,37
2081-12-29,Term 1 2081,2,0,0,50,0.7731,38.57,43
2081-12-30,Term 1 2081,2,1,0,50,0.7841,39.14,45
2081-12-31,Term 1 2081,2,2,0,50,0.8093,40.43,42
2082-01-01,Term 1 2081,2,3,0,50,0.8217,41.0,46
2082-01-02,Term 1 2081,2,4,0,50,0.8358,41.71,42
2082-01-05,Term 1 2081,3,0,0,50,0.8429,42.14,42
2082-01-06,Term 1 2081,3,1,0,50,0.8484,42.43,43
2082-01-07,Term 1 2081,3,2,0,50,0.8652,43.29,42
2082-01-08,Term 1 2081,3,3,0,50,0.8627,43.14,42
2082-01-09,Term 1 2081,3,4,0,50,0.8549,42.71,44
2082-01-12,Term 1 2081,4,0,0,50,0.8595,43.0,42
2082-01-13,Term 1 2081,4,1,0,50,0.8486,42.43,42
2082-01-14,Term 1 2081,4,2,0,50,0.8508,42.43,44
2082-01-15,Term 1 2081,4,3,0,50,0.8558,42.71,44
2082-01-16,Term 1 2081,4,4,0,50,0.8581,42.86,41
2082-01-19,Term 1 2081,5,0,0,50,0.8559,42.71,42
2082-01-20,Term 1 2081,5,1,0,50,0.8542,42.71,43
2082-01-21,Term 1 2081,5,2,0,50,0.8521,42.57,44
2082-01-22,Term 1 2081,5,3,0,50,0.8593,42.86,44
2082-01-23,Term 1 2081,5,4,0,50,0.8645,43.14,43
2082-01-26,Term 1 2081,6,0,0,50,0.8624,43.0,40
2082-01-27,Term 1 2081,6,1,0,50,0.8508,42.43,43
2082-01-28,Term 1 2081,6,2,0,50,0.8543,42.71,45
2082-01-29,Term 1 2081,6,3,0,50,0.8627,43.14,44
2082-01-30,Term 1 2081,6,4,0,50,0.8662,43.29,43
2082-02-02,Term 1 2081,7,0,0,50,0.8636,43.14,42
2082-02-03,Term 1 2081,7,1,0,50,0.8573,42.86,42
2082-02-04,Term 1 2081,7,2,0,50,0.8541,42.71,43
2082-02-05,Term 1 2081,7,3,0,50,0.8628,43.14,45
2082-02-06,Term 1 2081,7,4,0,50,0.869,43.43,41
2082-02-09,Term 1 2081,8,0,0,50,0.8578,42.86,43
2082-02-10,Term 1 2081,8,1,0,50,0.8551,42.71,45
2082-02-11,Term 1 2081,8,2,0,50,0.8607,43.0,44
2082-02-12,Term 1 2081,8,3,0,50,0.8665,43.29,46
2082-02-13,Term 1 2081,8,4,0,50,0.8776,43.86,40
2082-02-16,Term 1 2081,9,0,0,50,0.8695,43.43,42
2082-02-17,Term 1 2081,9,1,0,50,0.8602,43.0,43
2082-02-18,Term 1 2081,9,2,0,50,0.8671,43.29,45
2082-02-19,Term 1 2081,9,3,0,50,0.8724,43.57,45
2082-02-20,Term 1 2081,9,4,0,50,0.8714,43.57,41
2082-02-23,Term 1 2081,10,0,0,50,0.862,43.14,42
2082-02-24,Term 1 2081,10,1,0,50,0.8498,42.57,42
2082-02-25,Term 1 2081,10,2,0,50,0.8561,42.86,43
2082-02-26,Term 1 2081,10,3,0,50,0.8597,43.0,45
2082-02-27,Term 1 2081,10,4,0,50,0.8642,43.29,41
2082-03-02,Term 1 2081,11,0,0,50,0.8516,42.71,42
2082-03-03,Term 1 2081,11,1,0,50,0.8416,42.29,43
2082-03-04,Term 1 2081,11,2,0,50,0.8491,42.57,44
2082-03-05,Term 1 2081,11,3,0,50,0.8546,42.86,44
2082-03-06,Term 1 2081,11,4,0,50,0.8607,43.14,44
2082-03-09,Term 1 2081,12,0,1,50,0.863,43.29,35
2082-03-10,Term 1 2081,12,1,1,50,0.8344,41.86,37
2082-03-11,Term 1 2081,12,2,1,50,0.8236,41.29,39
2082-03-12,Term 1 2081,12,3,1,50,0.8174,40.86,36
2082-03-13,Term 1 2081,12,4,1,50,0.7977,39.86,36
2082-03-16,Term 1 2081,13,0,1,50,0.775,38.71,36
2082-03-17,Term 1 2081,13,1,1,50,0.7514,37.57,38
2082-03-18,Term 1 2081,13,2,1,50,0.7352,36.71,40
2082-03-19,Term 1 2081,13,3,1,50,0.7503,37.43,38
2082-03-20,Term 1 2081,13,4,1,50,0.7521,37.57,35
2082-04-06,Term 2 2082,1,0,0,50,0.7387,37.0,37
2082-04-07,Term 2 2082,1,1,0,50,0.7388,37.14,39
2082-04-08,Term 2 2082,1,2,0,50,0.7469,37.57,39
2082-04-09,Term 2 2082,1,3,0,50,0.7544,38.0,41
2082-04-10,Term 2 2082,1,4,0,50,0.7618,38.43,36
2082-04-13,Term 2 2082,2,0,0,50,0.752,37.86,42
2082-04-14,Term 2 2082,2,1,0,50,0.765,38.43,43
2082-04-15,Term 2 2082,2,2,0,50,0.7872,39.57,42
2082-04-16,Term 2 2082,2,3,0,50,0.8033,40.29,46
2082-04-17,Term 2 2082,2,4,0,50,0.8247,41.29,43
2082-04-20,Term 2 2082,3,0,0,50,0.8368,41.86,42
2082-04-21,Term 2 2082,3,1,0,50,0.8422,42.0,45
2082-04-22,Term 2 2082,3,2,0,50,0.8657,43.29,43
2082-04-23,Term 2 2082,3,3,0,50,0.8667,43.43,43
2082-04-24,Term 2 2082,3,4,0,50,0.8677,43.43,44
2082-04-27,Term 2 2082,4,0,0,50,0.8725,43.71,42
2082-04-28,Term 2 2082,4,1,0,50,0.8605,43.14,45
2082-04-29,Term 2 2082,4,2,0,50,0.8652,43.43,45
2082-04-30,Term 2 2082,4,3,0,50,0.8722,43.86,45
2082-05-01,Term 2 2082,4,4,0,50,0.8738,43.86,40
2082-05-04,Term 2 2082,5,0,0,50,0.8668,43.43,40
2082-05-05,Term 2 2082,5,1,0,50,0.8583,43.0,43
2082-05-06,Term 2 2082,5,2,0,50,0.8554,42.86,43
2082-05-07,Term 2 2082,5,3,0,50,0.8577,43.0,45
2082-05-08,Term 2 2082,5,4,0,50,0.8585,43.0,43
2082-05-11,Term 2 2082,6,0,0,50,0.8536,42.71,43
2082-05-12,Term 2 2082,6,1,0,50,0.8469,42.43,43
2082-05-13,Term 2 2082,6,2,0,50,0.8561,42.86,44
2082-05-14,Term 2 2082,6,3,0,50,0.8667,43.43,45
2082-05-15,Term 2 2082,6,4,0,50,0.8719,43.71,43
2082-05-18,Term 2 2082,7,0,0,50,0.8723,43.71,41
2082-05-19,Term 2 2082,7,1,0,50,0.862,43.14,43
2082-05-20,Term 2 2082,7,2,0,50,0.861,43.14,45
2082-05-21,Term 2 2082,7,3,0,50,0.8655,43.43,43
2082-05-22,Term 2 2082,7,4,0,50,0.8641,43.43,41
2082-05-25,Term 2 2082,8,0,0,50,0.8578,43.0,43
2082-05-26,Term 2 2082,8,1,0,50,0.853,42.71,45
2082-05-27,Term 2 2082,8,2,0,50,0.8608,43.0,45
2082-05-28,Term 2 2082,8,3,0,50,0.8704,43.57,44
2082-05-29,Term 2 2082,8,4,0,50,0.8737,43.71,44
2082-06-01,Term 2 2082,9,0,0,50,0.8716,43.57,41
2082-06-02,Term 2 2082,9,1,0,50,0.8671,43.29,43
2082-06-03,Term 2 2082,9,2,0,50,0.8716,43.57,44
2082-06-04,Term 2 2082,9,3,0,50,0.8738,43.71,43
2082-06-05,Term 2 2082,9,4,0,50,0.8658,43.43,43
2082-06-08,Term 2 2082,10,0,0,50,0.8615,43.14,43
2082-06-09,Term 2 2082,10,1,0,50,0.8582,43.0,45
2082-06-10,Term 2 2082,10,2,0,50,0.8617,43.14,44
2082-06-11,Term 2 2082,10,3,0,50,0.8698,43.57,43
2082-06-12,Term 2 2082,10,4,0,50,0.8692,43.57,40
2082-06-15,Term 2 2082,11,0,0,50,0.8598,43.0,41
2082-06-16,Term 2 2082,11,1,0,50,0.8542,42.71,43
2082-06-17,Term 2 2082,11,2,0,50,0.8542,42.71,43
2082-06-18,Term 2 2082,11,3,0,50,0.8538,42.71,45
2082-06-19,Term 2 2082,11,4,0,50,0.8541,42.71,42
2082-06-22,Term 2 2082,12,0,1,50,0.8478,42.43,37
2082-06-23,Term 2 2082,12,1,1,50,0.8299,41.57,36
2082-06-24,Term 2 2082,12,2,1,50,0.8179,41.0,38
2082-06-25,Term 2 2082,12,3,1,50,0.8098,40.57,37
2082-06-26,Term 2 2082,12,4,1,50,0.7929,39.71,35
2082-06-29,Term 2 2082,13,0,1,50,0.7706,38.57,34
2082-06-30,Term 2 2082,13,1,1,50,0.7398,37.0,39
2082-07-01,Term 2 2082,13,2,1,50,0.7329,36.57,39
2082-07-02,Term 2 2082,13,3,1,50,0.7409,36.86,40
2082-07-03,Term 2 2082,13,4,1,50,0.7512,37.43,35
2082-07-20,Term 3 2082,1,0,0,50,0.7433,37.0,37
2082-07-21,Term 3 2082,1,1,0,50,0.7439,37.0,40
2082-07-22,Term 3 2082,1,2,0,50,0.7578,37.71,39
2082-07-23,Term 3 2082,1,3,0,50,0.7699,38.43,41
2082-07-24,Term 3 2082,1,4,0,50,0.7747,38.71,39
2082-07-27,Term 3 2082,2,0,0,50,0.7724,38.71,41
2082-07-28,Term 3 2082,2,1,0,50,0.7758,38.86,46
2082-07-29,Term 3 2082,2,2,0,50,0.8069,40.43,44
2082-07-30,Term 3 2082,2,3,0,50,0.8262,41.43,45
2082-07-31,Term 3 2082,2,4,0,50,0.84,42.14,41
2082-08-03,Term 3 2082,3,0,0,50,0.8458,42.43,41
2082-08-04,Term 3 2082,3,1,0,50,0.8443,42.43,43
2082-08-05,Term 3 2082,3,2,0,50,0.8583,43.0,43
2082-08-06,Term 3 2082,3,3,0,50,0.8639,43.29,42
2082-08-07,Term 3 2082,3,4,0,50,0.8538,42.71,43
2082-08-10,Term 3 2082,4,0,0,50,0.8516,42.57,42
2082-08-11,Term 3 2082,4,1,0,50,0.843,42.14,43
2082-08-12,Term 3 2082,4,2,0,50,0.8506,42.43,44
2082-08-13,Term 3 2082,4,3,0,50,0.8593,42.86,42
2082-08-14,Term 3 2082,4,4,0,50,0.8558,42.71,44
2082-08-17,Term 3 2082,5,0,0,50,0.8581,42.86,40
2082-08-18,Term 3 2082,5,1,0,50,0.8511,42.57,46
2082-08-19,Term 3 2082,5,2,0,50,0.8572,43.0,43
2082-08-20,Term 3 2082,5,3,0,50,0.8613,43.14,43
2082-08-21,Term 3 2082,5,4,0,50,0.8606,43.14,44
2082-08-24,Term 3 2082,6,0,0,50,0.8612,43.14,43
2082-08-25,Term 3 2082,6,1,0,50,0.864,43.29,45
2082-08-26,Term 3 2082,6,2,0,50,0.8685,43.43,44
2082-08-27,Term 3 2082,6,3,0,50,0.881,44.0,46
2082-08-28,Term 3 2082,6,4,0,50,0.8813,44.0,44
2082-08-31,Term 3 2082,7,0,0,50,0.8833,44.14,42
2082-09-01,Term 3 2082,7,1,0,50,0.8805,44.0,46
2082-09-02,Term 3 2082,7,2,0,50,0.8864,44.29,42
2082-09-03,Term 3 2082,7,3,0,50,0.883,44.14,46
2082-09-04,Term 3 2082,7,4,0,50,0.8842,44.29,41
2082-09-07,Term 3 2082,8,0,0,50,0.8756,43.86,42
2082-09-08,Term 3 2082,8,1,0,50,0.8658,43.29,44
2082-09-09,Term 3 2082,8,2,0,50,0.8673,43.29,44
2082-09-10,Term 3 2082,8,3,0,50,0.8738,43.57,42
2082-09-11,Term 3 2082,8,4,0,50,0.8626,43.0,41
2082-09-14,Term 3 2082,9,0,0,50,0.8591,42.86,40
2082-09-15,Term 3 2082,9,1,0,50,0.8422,42.0,43
2082-09-16,Term 3 2082,9,2,0,50,0.8477,42.29,45
2082-09-17,Term 3 2082,9,3,0,50,0.8557,42.71,43
2082-09-18,Term 3 2082,9,4,0,50,0.8522,42.57,43
2082-09-21,Term 3 2082,10,0,0,50,0.8492,42.43,42
2082-09-22,Term 3 2082,10,1,0,50,0.8487,42.43,45
2082-09-23,Term 3 2082,10,2,0,50,0.8594,43.0,45
2082-09-24,Term 3 2082,10,3,0,50,0.873,43.71,46
2082-09-25,Term 3 2082,10,4,0,50,0.8805,44.14,42
2082-09-28,Term 3 2082,11,0,0,50,0.8725,43.71,41
2082-09-29,Term 3 2082,11,1,0,50,0.8666,43.43,44
2082-09-30,Term 3 2082,11,2,0,50,0.8674,43.57,44
2082-10-01,Term 3 2082,11,3,0,50,0.875,43.86,46
2082-10-02,Term 3 2082,11,4,0,50,0.878,44.0,41
2082-10-05,Term 3 2082,12,0,1,50,0.8683,43.43,37
2082-10-06,Term 3 2082,12,1,1,50,0.8429,42.14,37
2082-10-07,Term 3 2082,12,2,1,50,0.8291,41.43,39
2082-10-08,Term 3 2082,12,3,1,50,0.8236,41.14,38
2082-10-09,Term 3 2082,12,4,1,50,0.8082,40.29,36
2082-10-12,Term 3 2082,13,0,1,50,0.7839,39.14,35
2082-10-13,Term 3 2082,13,1,1,50,0.7544,37.57,38
2082-10-14,Term 3 2082,13,2,1,50,0.7456,37.14,39
2082-10-15,Term 3 2082,13,3,1,50,0.7509,37.43,36
2082-10-16,Term 3 2082,13,4,1,50,0.748,37.29,38
2082-11-02,Term 1 2082,1,0,0,50,0.7438,37.14,36
2082-11-03,Term 1 2082,1,1,0,50,0.739,36.86,41
2082-11-04,Term 1 2082,1,2,0,50,0.7546,37.57,39
2082-11-05,Term 1 2082,1,3,0,50,0.7649,38.14,40
2082-11-06,Term 1 2082,1,4,0,50,0.7689,38.43,40
2082-11-09,Term 1 2082,2,0,0,50,0.7724,38.57,40
2082-11-10,Term 1 2082,2,1,0,50,0.7821,39.14,45
2082-11-11,Term 1 2082,2,2,0,50,0.8025,40.14,46
2082-11-12,Term 1 2082,2,3,0,50,0.8295,41.57,44
2082-11-13,Term 1 2082,2,4,0,50,0.8361,42.0,41
2082-11-16,Term 1 2082,3,0,0,50,0.841,42.29,42
2082-11-17,Term 1 2082,3,1,0,50,0.849,42.57,43
2082-11-18,Term 1 2082,3,2,0,50,0.8573,43.0,42
2082-11-19,Term 1 2082,3,3,0,50,0.8647,43.29,43
2082-11-20,Term 1 2082,3,4,0,50,0.8599,43.0,44
2082-11-23,Term 1 2082,4,0,0,50,0.8535,42.71,41
2082-11-24,Term 1 2082,4,1,0,50,0.846,42.29,46
2082-11-25,Term 1 2082,4,2,0,50,0.8615,43.0,45
2082-11-26,Term 1 2082,4,3,0,50,0.8675,43.43,46
2082-11-27,Term 1 2082,4,4,0,50,0.8752,43.86,44
2082-11-30,Term 1 2082,5,0,0,50,0.8786,44.14,40
2082-12-01,Term 1 2082,5,1,0,50,0.8696,43.71,46
2082-12-02,Term 1 2082,5,2,0,50,0.8753,44.0,44
2082-12-03,Term 1 2082,5,3,0,50,0.8848,44.43,42
2082-12-04,Term 1 2082,5,4,0,50,0.8745,43.86,41
2082-12-07,Term 1 2082,6,0,0,50,0.8643,43.29,42
2082-12-08,Term 1 2082,6,1,0,50,0.8539,42.71,45
2082-12-09,Term 1 2082,6,2,0,50,0.8579,42.86,46
2082-12-10,Term 1 2082,6,3,0,50,0.8747,43.71,43
2082-12-11,Term 1 2082,6,4,0,50,0.8669,43.29,42
2082-12-14,Term 1 2082,7,0,0,50,0.8597,43.0,41
2082-12-15,Term 1 2082,7,1,0,50,0.8546,42.86,43
2082-12-16,Term 1 2082,7,2,0,50,0.8594,43.14,45
2082-12-17,Term 1 2082,7,3,0,50,0.8683,43.57,45
2082-12-18,Term 1 2082,7,4,0,50,0.8681,43.57,44
2082-12-21,Term 1 2082,8,0,0,50,0.8623,43.29,41
2082-12-22,Term 1 2082,8,1,0,50,0.858,43.0,46
2082-12-23,Term 1 2082,8,2,0,50,0.8696,43.57,45
2082-12-24,Term 1 2082,8,3,0,50,0.8827,44.14,46
2082-12-25,Term 1 2082,8,4,0,50,0.8909,44.57,40
2082-12-28,Term 1 2082,9,0,0,50,0.8777,43.86,42
2082-12-29,Term 1 2082,9,1,0,50,0.868,43.43,43
2082-12-30,Term 1 2082,9,2,0,50,0.8657,43.29,44
2082-12-31,Term 1 2082,9,3,0,50,0.8738,43.71,42
2083-01-01,Term 1 2082,9,4,0,50,0.8625,43.14,43
2083-01-04,Term 1 2082,10,0,0,50,0.8556,42.86,43
2083-01-05,Term 1 2082,10,1,0,50,0.849,42.43,45
2083-01-06,Term 1 2082,10,2,0,50,0.8622,43.14,44
2083-01-07,Term 1 2082,10,3,0,50,0.87,43.43,43
2083-01-08,Term 1 2082,10,4,0,50,0.8692,43.43,43
2083-01-11,Term 1 2082,11,0,0,50,0.8654,43.29,43
2083-01-12,Term 1 2082,11,1,0,50,0.8694,43.43,44
2083-01-13,Term 1 2082,11,2,0,50,0.8737,43.57,45
2083-01-14,Term 1 2082,11,3,0,50,0.8778,43.86,43
2083-01-15,Term 1 2082,11,4,0,50,0.8714,43.57,43
2083-01-18,Term 1 2082,12,0,1,50,0.8687,43.43,34
2083-01-19,Term 1 2082,12,1,1,50,0.8452,42.14,36
2083-01-20,Term 1 2082,12,2,1,50,0.8259,41.14,37
2083-01-21,Term 1 2082,12,3,1,50,0.8067,40.29,39
2083-01-22,Term 1 2082,12,4,1,50,0.7925,39.57,35
2083-01-25,Term 1 2082,13,0,1,50,0.7643,38.14,35
2083-01-26,Term 1 2082,13,1,1,50,0.7412,37.0,36
2083-01-27,Term 1 2082,13,2,1,50,0.721,36.0,38
2083-01-28,Term 1 2082,13,3,1,50,0.7306,36.57,38
2083-01-29,Term 1 2082,13,4,1,50,0.7372,36.86,34
2083-02-15,Term 2 2083,1,0,0,50,0.7298,36.43,38
2083-02-16,Term 2 2083,1,1,0,50,0.7272,36.29,41
2083-02-17,Term 2 2083,1,2,0,50,0.7446,37.14,39
2083-02-18,Term 2 2083,1,3,0,50,0.7583,37.71,41
2083-02-19,Term 2 2083,1,4,0,50,0.772,38.43,39
2083-02-22,Term 2 2083,2,0,0,50,0.7755,38.57,43
2083-02-23,Term 2 2083,2,1,0,50,0.788,39.29,44
2083-02-24,Term 2 2083,2,2,0,50,0.8154,40.71,45
2083-02-25,Term 2 2083,2,3,0,50,0.8336,41.71,45
2083-02-26,Term 2 2083,2,4,0,50,0.8462,42.29,41
2083-03-01,Term 2 2083,3,0,0,50,0.8496,42.57,41
2083-03-02,Term 2 2083,3,1,0,50,0.8495,42.57,43
2083-03-03,Term 2 2083,3,2,0,50,0.8599,43.14,42
2083-03-04,Term 2 2083,3,3,0,50,0.8579,43.0,43
2083-03-05,Term 2 2083,3,4,0,50,0.855,42.86,43
2083-03-08,Term 2 2083,4,0,0,50,0.8511,42.57,41
2083-03-09,Term 2 2083,4,1,0,50,0.8392,42.0,42
2083-03-10,Term 2 2083,4,2,0,50,0.8441,42.14,43
2083-03-11,Term 2 2083,4,3,0,50,0.8487,42.43,42
2083-03-12,Term 2 2083,4,4,0,50,0.8476,42.29,42
2083-03-15,Term 2 2083,5,0,0,50,0.8462,42.29,41
2083-03-16,Term 2 2083,5,1,0,50,0.842,42.0,45
2083-03-17,Term 2 2083,5,2,0,50,0.8461,42.29,43
2083-03-18,Term 2 2083,5,3,0,50,0.8504,42.57,45
2083-03-19,Term 2 2083,5,4,0,50,0.8576,43.0,43
2083-03-22,Term 2 2083,6,0,0,50,0.8582,43.0,43
2083-03-23,Term 2 2083,6,1,0,50,0.8603,43.14,44
2083-03-24,Term 2 2083,6,2,0,50,0.8674,43.43,46
2083-03-25,Term 2 2083,6,3,0,50,0.8798,44.14,44
2083-03-26,Term 2 2083,6,4,0,50,0.8786,44.0,44
2083-03-29,Term 2 2083,7,0,0,50,0.882,44.14,42
2083-03-30,Term 2 2083,7,1,0,50,0.8734,43.71,43
2083-03-31,Term 2 2083,7,2,0,50,0.8747,43.71,44
2083-04-01,Term 2 2083,7,3,0,50,0.8769,43.86,45
2083-04-02,Term 2 2083,7,4,0,50,0.8803,44.0,42
2083-04-05,Term 2 2083,8,0,0,50,0.8711,43.43,42
2083-04-06,Term 2 2083,8,1,0,50,0.8647,43.14,43
2083-04-07,Term 2 2083,8,2,0,50,0.8619,43.0,44
2083-04-08,Term 2 2083,8,3,0,50,0.8675,43.29,43
2083-04-09,Term 2 2083,8,4,0,50,0.8657,43.29,43
2083-04-12,Term 2 2083,9,0,0,50,0.8643,43.14,41
2083-04-13,Term 2 2083,9,1,0,50,0.8528,42.57,43
2083-04-14,Term 2 2083,9,2,0,50,0.8554,42.71,44
2083-04-15,Term 2 2083,9,3,0,50,0.8619,43.0,46
2083-04-16,Term 2 2083,9,4,0,50,0.87,43.43,43
2083-04-19,Term 2 2083,10,0,0,50,0.8683,43.29,43
2083-04-20,Term 2 2083,10,1,0,50,0.8687,43.29,43
2083-04-21,Term 2 2083,10,2,0,50,0.8671,43.29,43
2083-04-22,Term 2 2083,10,3,0,50,0.8726,43.57,45
2083-04-23,Term 2 2083,10,4,0,50,0.8778,43.86,42
2083-04-26,Term 2 2083,11,0,0,50,0.8704,43.57,40
2083-04-27,Term 2 2083,11,1,0,50,0.8538,42.71,44
2083-04-28,Term 2 2083,11,2,0,50,0.857,42.86,45
2083-04-29,Term 2 2083,11,3,0,50,0.8637,43.14,43
2083-04-30,Term 2 2083,11,4,0,50,0.8629,43.14,40
2083-05-03,Term 2 2083,12,0,1,50,0.8544,42.71,36
2083-05-04,Term 2 2083,12,1,1,50,0.8297,41.43,38
2083-05-05,Term 2 2083,12,2,1,50,0.8191,40.86,39
2083-05-06,Term 2 2083,12,3,1,50,0.8178,40.71,38
2083-05-07,Term 2 2083,12,4,1,50,0.8005,39.86,36
2083-05-10,Term 2 2083,13,0,1,50,0.773,38.57,36
2083-05-11,Term 2 2083,13,1,1,50,0.7547,37.57,39
2083-05-12,Term 2 2083,13,2,1,50,0.7508,37.43,39
2083-05-13,Term 2 2083,13,3,1,50,0.7589,37.86,36
2083-05-14,Term 2 2083,13,4,1,50,0.7534,37.57,35
2083-05-31,Term 3 2083,1,0,0,50,0.7399,37.0,39
2083-06-01,Term 3 2083,1,1,0,50,0.7421,37.14,41
2083-06-02,Term 3 2083,1,2,0,50,0.7581,37.86,39
2083-06-03,Term 3 2083,1,3,0,50,0.7663,38.29,38
2083-06-04,Term 3 2083,1,4,0,50,0.7645,38.14,39
2083-06-07,Term 3 2083,2,0,0,50,0.7649,38.14,42
2083-06-08,Term 3 2083,2,1,0,50,0.7806,39.0,42
2083-06-09,Term 3 2083,2,2,0,50,0.8022,40.0,44
2083-06-10,Term 3 2083,2,3,0,50,0.8169,40.71,42
2083-06-11,Term 3 2083,2,4,0,50,0.8202,40.86,42
2083-06-14,Term 3 2083,3,0,0,50,0.8291,41.29,40
2083-06-15,Term 3 2083,3,1,0,50,0.8339,41.57,43
2083-06-16,Term 3 2083,3,2,0,50,0.8442,42.14,44
2083-06-17,Term 3 2083,3,3,0,50,0.8514,42.43,45
2083-06-18,Term 3 2083,3,4,0,50,0.86,42.86,40
2083-06-21,Term 3 2083,4,0,0,50,0.8487,42.29,41
2083-06-22,Term 3 2083,4,1,0,50,0.8462,42.14,45
2083-06-23,Term 3 2083,4,2,0,50,0.8555,42.57,43
2083-06-24,Term 3 2083,4,3,0,50,0.8631,43.0,45
2083-06-25,Term 3 2083,4,4,0,50,0.8692,43.29,43
2083-06-28,Term 3 2083,5,0,0,50,0.8652,43.14,40
2083-06-29,Term 3 2083,5,1,0,50,0.8496,42.43,43
2083-06-30,Term 3 2083,5,2,0,50,0.8565,42.86,44
2083-07-01,Term 3 2083,5,3,0,50,0.8631,43.29,44
2083-07-02,Term 3 2083,5,4,0,50,0.8584,43.14,43
2083-07-05,Term 3 2083,6,0,0,50,0.8583,43.14,40
2083-07-06,Term 3 2083,6,1,0,50,0.843,42.43,45
2083-07-07,Term 3 2083,6,2,0,50,0.8494,42.71,44
2083-07-08,Term 3 2083,6,3,0,50,0.8608,43.29,45
2083-07-09,Term 3 2083,6,4,0,50,0.8669,43.57,44
2083-07-12,Term 3 2083,7,0,0,50,0.8675,43.57,41
2083-07-13,Term 3 2083,7,1,0,50,0.8594,43.14,42
2083-07-14,Term 3 2083,7,2,0,50,0.8582,43.0,42
2083-07-15,Term 3 2083,7,3,0,50,0.8646,43.29,42
2083-07-16,Term 3 2083,7,4,0,50,0.8562,42.86,43
2083-07-19,Term 3 2083,8,0,0,50,0.8528,42.71,40
2083-07-20,Term 3 2083,8,1,0,50,0.8382,42.0,45
2083-07-21,Term 3 2083,8,2,0,50,0.8418,42.14,42
2083-07-22,Term 3 2083,8,3,0,50,0.8454,42.29,43
2083-07-23,Term 3 2083,8,4,0,50,0.8487,42.43,43
2083-07-26,Term 3 2083,9,0,0,50,0.8516,42.57,43
2083-07-27,Term 3 2083,9,1,0,50,0.8533,42.71,44
2083-07-28,Term 3 2083,9,2,0,50,0.8581,42.86,42
2083-07-29,Term 3 2083,9,3,0,50,0.866,43.14,43
2083-07-30,Term 3 2083,9,4,0,50,0.8589,42.86,44
2083-08-02,Term 3 2083,10,0,0,50,0.8637,43.14,40
2083-08-03,Term 3 2083,10,1,0,50,0.854,42.71,45
2083-08-04,Term 3 2083,10,2,0,50,0.86,43.0,44
2083-08-05,Term 3 2083,10,3,0,50,0.8641,43.14,43
2083-08-06,Term 3 2083,10,4,0,50,0.8616,43.0,43
2083-08-09,Term 3 2083,11,0,0,50,0.864,43.14,42
2083-08-10,Term 3 2083,11,1,0,50,0.8632,43.0,44
2083-08-11,Term 3 2083,11,2,0,50,0.865,43.0,45
2083-08-12,Term 3 2083,11,3,0,50,0.8792,43.71,46
2083-08-13,Term 3 2083,11,4,0,50,0.8815,43.86,41
2083-08-16,Term 3 2083,12,0,1,50,0.8732,43.43,36
2083-08-17,Term 3 2083,12,1,1,50,0.8524,42.43,39
2083-08-18,Term 3 2083,12,2,1,50,0.841,41.86,38
2083-08-19,Term 3 2083,12,3,1,50,0.8282,41.29,37
2083-08-20,Term 3 2083,12,4,1,50,0.8075,40.29,35
2083-08-23,Term 3 2083,13,0,1,50,0.7798,38.86,34
2083-08-24,Term 3 2083,13,1,1,50,0.746,37.14,38
2083-08-25,Term 3 2083,13,2,1,50,0.7372,36.71,37
2083-08-26,Term 3 2083,13,3,1,50,0.7384,36.86,39
2083-08-27,Term 3 2083,13,4,1,50,0.7369,36.86,36
2083-09-13,Term 1 2083,1,0,0,50,0.7316,36.57,37
2083-09-14,Term 1 2083,1,1,0,50,0.7302,36.57,40
2083-09-15,Term 1 2083,1,2,0,50,0.7442,37.29,41
2083-09-16,Term 1 2083,1,3,0,50,0.7641,38.29,39
2083-09-17,Term 1 2083,1,4,0,50,0.7652,38.43,39
2083-09-20,Term 1 2083,2,0,0,50,0.773,38.71,41
2083-09-21,Term 1 2083,2,1,0,50,0.7786,39.0,44
2083-09-22,Term 1 2083,2,2,0,50,0.8024,40.14,42
2083-09-23,Term 1 2083,2,3,0,50,0.8182,40.86,44
2083-09-24,Term 1 2083,2,4,0,50,0.828,41.43,40
2083-09-27,Term 1 2083,3,0,0,50,0.8254,41.29,41
2083-09-28,Term 1 2083,3,1,0,50,0.8329,41.57,42
2083-09-29,Term 1 2083,3,2,0,50,0.841,42.0,44
2083-09-30,Term 1 2083,3,3,0,50,0.8516,42.43,42
2083-10-01,Term 1 2083,3,4,0,50,0.8446,42.14,41
2083-10-04,Term 1 2083,4,0,0,50,0.8414,42.0,40
2083-10-05,Term 1 2083,4,1,0,50,0.8327,41.43,43
2083-10-06,Term 1 2083,4,2,0,50,0.8419,41.86,43
2083-10-07,Term 1 2083,4,3,0,50,0.8479,42.14,43
2083-10-08,Term 1 2083,4,4,0,50,0.8518,42.29,42
2083-10-11,Term 1 2083,5,0,0,50,0.8451,42.0,42
2083-10-12,Term 1 2083,5,1,0,50,0.844,42.0,44
2083-10-13,Term 1 2083,5,2,0,50,0.8514,42.43,44
2083-10-14,Term 1 2083,5,3,0,50,0.8621,43.0,43
2083-10-15,Term 1 2083,5,4,0,50,0.8609,43.0,41
2083-10-18,Term 1 2083,6,0,0,50,0.853,42.71,41
2083-10-19,Term 1 2083,6,1,0,50,0.8448,42.43,43
2083-10-20,Term 1 2083,6,2,0,50,0.8472,42.57,43
2083-10-21,Term 1 2083,6,3,0,50,0.852,42.71,45
2083-10-22,Term 1 2083,6,4,0,50,0.8549,42.86,41
2083-10-25,Term 1 2083,7,0,0,50,0.8469,42.43,43
2083-10-26,Term 1 2083,7,1,0,50,0.8465,42.43,45
2083-10-27,Term 1 2083,7,2,0,50,0.8595,43.0,44
2083-10-28,Term 1 2083,7,3,0,50,0.8678,43.43,42
2083-10-29,Term 1 2083,7,4,0,50,0.8657,43.29,43
2083-11-01,Term 1 2083,8,0,0,50,0.8644,43.29,42
2083-11-02,Term 1 2083,8,1,0,50,0.8569,42.86,42
2083-11-03,Term 1 2083,8,2,0,50,0.859,43.0,43
2083-11-04,Term 1 2083,8,3,0,50,0.8591,43.0,44
2083-11-05,Term 1 2083,8,4,0,50,0.8549,42.86,43
2083-11-08,Term 1 2083,9,0,0,50,0.8546,42.71,42
2083-11-09,Term 1 2083,9,1,0,50,0.8534,42.71,44
2083-11-10,Term 1 2083,9,2,0,50,0.858,42.86,45
2083-11-11,Term 1 2083,9,3,0,50,0.867,43.29,42
2083-11-12,Term 1 2083,9,4,0,50,0.8666,43.29,42
2083-11-15,Term 1 2083,10,0,0,50,0.8657,43.14,42
2083-11-16,Term 1 2083,10,1,0,50,0.8611,42.86,46
2083-11-17,Term 1 2083,10,2,0,50,0.8678,43.29,46
2083-11-18,Term 1 2083,10,3,0,50,0.8791,43.86,43
2083-11-19,Term 1 2083,10,4,0,50,0.8742,43.71,40
2083-11-22,Term 1 2083,11,0,0,50,0.8602,43.0,41
2083-11-23,Term 1 2083,11,1,0,50,0.8559,42.86,42
2083-11-24,Term 1 2083,11,2,0,50,0.855,42.86,42
2083-11-25,Term 1 2083,11,3,0,50,0.8563,42.86,44
2083-11-26,Term 1 2083,11,4,0,50,0.85,42.57,43
2083-11-29,Term 1 2083,12,0,1,50,0.8433,42.14,34
2083-11-30,Term 1 2083,12,1,1,50,0.8183,40.86,38
2083-12-01,Term 1 2083,12,2,1,50,0.8125,40.57,38
2083-12-02,Term 1 2083,12,3,1,50,0.8055,40.14,36
2083-12-03,Term 1 2083,12,4,1,50,0.7879,39.29,37
2083-12-06,Term 1 2083,13,0,1,50,0.7707,38.57,35
2083-12-07,Term 1 2083,13,1,1,50,0.7449,37.29,39
2083-12-08,Term 1 2083,13,2,1,50,0.7338,36.71,37
2083-12-09,Term 1 2083,13,3,1,50,0.7415,37.14,40
2083-12-10,Term 1 2083,13,4,1,50,0.746,37.43,36
2083-12-27,Term 2 2083,1,0,0,50,0.74,37.14,39
2083-12-28,Term 2 2083,1,1,0,50,0.7491,37.57,40
2083-12-29,Term 2 2083,1,2,0,50,0.7593,38.0,40
2083-12-30,Term 2 2083,1,3,0,50,0.7735,38.71,41
2083-12-31,Term 2 2083,1,4,0,50,0.7782,39.0,38
2084-01-03,Term 2 2083,2,0,0,50,0.7822,39.14,40
2084-01-04,Term 2 2083,2,1,0,50,0.7821,39.14,43
2084-01-05,Term 2 2083,2,2,0,50,0.8023,40.14,43
2084-01-06,Term 2 2083,2,3,0,50,0.812,40.71,42
2084-01-07,Term 2 2083,2,4,0,50,0.8182,41.0,43
2084-01-10,Term 2 2083,3,0,0,50,0.8276,41.43,42
2084-01-11,Term 2 2083,3,1,0,50,0.8302,41.57,43
2084-01-12,Term 2 2083,3,2,0,50,0.8447,42.29,43
2084-01-13,Term 2 2083,3,3,0,50,0.8531,42.71,44
2084-01-14,Term 2 2083,3,4,0,50,0.8565,42.86,43
2084-01-17,Term 2 2083,4,0,0,50,0.8567,42.86,42
2084-01-18,Term 2 2083,4,1,0,50,0.8572,42.86,44
2084-01-19,Term 2 2083,4,2,0,50,0.8596,43.0,43
2084-01-20,Term 2 2083,4,3,0,50,0.8615,43.14,43
2084-01-21,Term 2 2083,4,4,0,50,0.8609,43.14,42
2084-01-24,Term 2 2083,5,0,0,50,0.858,43.0,42
2084-01-25,Term 2 2083,5,1,0,50,0.8525,42.71,43
2084-01-26,Term 2 2083,5,2,0,50,0.8548,42.71,45
2084-01-27,Term 2 2083,5,3,0,50,0.8619,43.14,44
2084-01-28,Term 2 2083,5,4,0,50,0.8633,43.14,41
2084-01-31,Term 2 2083,6,0,0,50,0.8582,42.86,41
2084-02-01,Term 2 2083,6,1,0,50,0.8518,42.57,45
2084-02-02,Term 2 2083,6,2,0,50,0.8616,43.0,42
2084-02-03,Term 2 2083,6,3,0,50,0.8615,43.0,45
2084-02-04,Term 2 2083,6,4,0,50,0.8673,43.29,43
2084-02-07,Term 2 2083,7,0,0,50,0.8627,43.0,41
2084-02-08,Term 2 2083,7,1,0,50,0.8528,42.57,46
2084-02-09,Term 2 2083,7,2,0,50,0.8673,43.29,44
2084-02-10,Term 2 2083,7,3,0,50,0.8754,43.71,43
2084-02-11,Term 2 2083,7,4,0,50,0.8705,43.43,43
2084-02-14,Term 2 2083,8,0,0,50,0.8725,43.57,43
2084-02-15,Term 2 2083,8,1,0,50,0.864,43.29,45
2084-02-16,Term 2 2083,8,2,0,50,0.8702,43.57,42
2084-02-17,Term 2 2083,8,3,0,50,0.8745,43.71,44
2084-02-18,Term 2 2083,8,4,0,50,0.8679,43.43,41
2084-02-21,Term 2 2083,9,0,0,50,0.8603,43.0,42
2084-02-22,Term 2 2083,9,1,0,50,0.8569,42.86,43
2084-02-23,Term 2 2083,9,2,0,50,0.8579,42.86,45
2084-02-24,Term 2 2083,9,3,0,50,0.8642,43.14,43
2084-02-25,Term 2 2083,9,4,0,50,0.8576,42.86,44
2084-02-28,Term 2 2083,10,0,0,50,0.8624,43.14,43
2084-02-29,Term 2 2083,10,1,0,50,0.8611,43.0,42
2084-03-01,Term 2 2083,10,2,0,50,0.8644,43.14,42
2084-03-02,Term 2 2083,10,3,0,50,0.8648,43.14,44
2084-03-03,Term 2 2083,10,4,0,50,0.8652,43.29,42
2084-03-06,Term 2 2083,11,0,0,50,0.8564,42.86,41
2084-03-07,Term 2 2083,11,1,0,50,0.8491,42.57,43
2084-03-08,Term 2 2083,11,2,0,50,0.8472,42.43,44
2084-03-09,Term 2 2083,11,3,0,50,0.8505,42.57,45
2084-03-10,Term 2 2083,11,4,0,50,0.8595,43.0,42
2084-03-13,Term 2 2083,12,0,1,50,0.8586,43.0,37
2084-03-14,Term 2 2083,12,1,1,50,0.8405,42.0,39
2084-03-15,Term 2 2083,12,2,1,50,0.8332,41.57,39
2084-03-16,Term 2 2083,12,3,1,50,0.8284,41.29,37
2084-03-17,Term 2 2083,12,4,1,50,0.8121,40.43,36
2084-03-20,Term 2 2083,13,0,1,50,0.789,39.29,36
2084-03-21,Term 2 2083,13,1,1,50,0.7612,38.0,37
2084-03-22,Term 2 2083,13,2,1,50,0.746,37.29,40
2084-03-23,Term 2 2083,13,3,1,50,0.7539,37.71,37
2084-03-24,Term 2 2083,13,4,1,50,0.7489,37.43,38
2084-04-10,Term 3 2084,1,0,0,50,0.7459,37.29,37
2084-04-11,Term 3 2084,1,1,0,50,0.7456,37.29,41
2084-04-12,Term 3 2084,1,2,0,50,0.7602,38.0,38
2084-04-13,Term 3 2084,1,3,0,50,0.768,38.29,41
2084-04-14,Term 3 2084,1,4,0,50,0.7795,38.86,36
2084-04-17,Term 3 2084,2,0,0,50,0.7687,38.29,42
2084-04-18,Term 3 2084,2,1,0,50,0.7828,39.0,42
2084-04-19,Term 3 2084,2,2,0,50,0.7952,39.57,45
2084-04-20,Term 3 2084,2,3,0,50,0.8182,40.71,43
2084-04-21,Term 3 2084,2,4,0,50,0.8228,41.0,44
2084-04-24,Term 3 2084,3,0,0,50,0.8383,41.86,40
2084-04-25,Term 3 2084,3,1,0,50,0.8371,41.71,45
2084-04-26,Term 3 2084,3,2,0,50,0.8626,43.0,43
2084-04-27,Term 3 2084,3,3,0,50,0.8659,43.14,45
2084-04-28,Term 3 2084,3,4,0,50,0.8747,43.57,41
2084-05-01,Term 3 2084,4,0,0,50,0.8622,43.0,41
2084-05-02,Term 3 2084,4,1,0,50,0.856,42.71,45
2084-05-03,Term 3 2084,4,2,0,50,0.8593,42.86,44
2084-05-04,Term 3 2084,4,3,0,50,0.8686,43.43,43
2084-05-05,Term 3 2084,4,4,0,50,0.8624,43.14,41
2084-05-08,Term 3 2084,5,0,0,50,0.8542,42.86,40
2084-05-09,Term 3 2084,5,1,0,50,0.8388,42.14,42
2084-05-10,Term 3 2084,5,2,0,50,0.8426,42.29,44
2084-05-11,Term 3 2084,5,3,0,50,0.853,42.71,44
2084-05-12,Term 3 2084,5,4,0,50,0.8509,42.57,43
2084-05-15,Term 3 2084,6,0,0,50,0.849,42.43,43
2084-05-16,Term 3 2084,6,1,0,50,0.8483,42.43,44
2084-05-17,Term 3 2084,6,2,0,50,0.8586,42.86,44
2084-05-18,Term 3 2084,6,3,0,50,0.8715,43.43,43
2084-05-19,Term 3 2084,6,4,0,50,0.8727,43.57,42
2084-05-22,Term 3 2084,7,0,0,50,0.8669,43.29,42
2084-05-23,Term 3 2084,7,1,0,50,0.861,43.0,43
2084-05-24,Term 3 2084,7,2,0,50,0.8607,43.0,43
2084-05-25,Term 3 2084,7,3,0,50,0.8613,43.0,44
2084-05-26,Term 3 2084,7,4,0,50,0.8597,43.0,41
2084-05-29,Term 3 2084,8,0,0,50,0.8507,42.57,40
2084-05-30,Term 3 2084,8,1,0,50,0.8439,42.14,46
2084-05-31,Term 3 2084,8,2,0,50,0.8529,42.71,45
2084-06-01,Term 3 2084,8,3,0,50,0.8626,43.14,45
2084-06-02,Term 3 2084,8,4,0,50,0.8686,43.43,44
2084-06-05,Term 3 2084,9,0,0,50,0.8714,43.57,43
2084-06-06,Term 3 2084,9,1,0,50,0.8701,43.43,44
2084-06-07,Term 3 2084,9,2,0,50,0.8791,43.86,44
2084-06-08,Term 3 2084,9,3,0,50,0.8895,44.43,45
2084-06-09,Term 3 2084,9,4,0,50,0.8881,44.29,41
2084-06-12,Term 3 2084,10,0,0,50,0.8763,43.71,41
2084-06-13,Term 3 2084,10,1,0,50,0.8653,43.14,44
2084-06-14,Term 3 2084,10,2,0,50,0.8654,43.14,44
2084-06-15,Term 3 2084,10,3,0,50,0.8678,43.29,44
2084-06-16,Term 3 2084,10,4,0,50,0.8654,43.29,42
2084-06-19,Term 3 2084,11,0,0,50,0.8603,43.0,43
2084-06-20,Term 3 2084,11,1,0,50,0.8543,42.71,46
2084-06-21,Term 3 2084,11,2,0,50,0.8665,43.43,42
2084-06-22,Term 3 2084,11,3,0,50,0.8693,43.57,43
2084-06-23,Term 3 2084,11,4,0,50,0.8661,43.43,43
2084-06-26,Term 3 2084,12,0,1,50,0.8641,43.29,37
2084-06-27,Term 3 2084,12,1,1,50,0.8465,42.29,36
2084-06-28,Term 3 2084,12,2,1,50,0.8291,41.43,36
2084-06-29,Term 3 2084,12,3,1,50,0.8105,40.43,39
2084-06-30,Term 3 2084,12,4,1,50,0.792,39.43,34
2084-07-03,Term 3 2084,13,0,1,50,0.7703,38.29,34
2084-07-04,Term 3 2084,13,1,1,50,0.7454,37.0,38
2084-07-05,Term 3 2084,13,2,1,50,0.7314,36.29,40
2084-07-06,Term 3 2084,13,3,1,50,0.7377,36.71,37
2084-07-07,Term 3 2084,13,4,1,50,0.7402,36.86,36
2084-07-24,Term 1 2084,1,0,0,50,0.7376,36.86,37
2084-07-25,Term 1 2084,1,1,0,50,0.7326,36.57,41
2084-07-26,Term 1 2084,1,2,0,50,0.7508,37.57,39
2084-07-27,Term 1 2084,1,3,0,50,0.7652,38.29,39
2084-07-28,Term 1 2084,1,4,0,50,0.7674,38.43,40
2084-07-31,Term 1 2084,2,0,0,50,0.768,38.43,40
2084-08-01,Term 1 2084,2,1,0,50,0.7766,38.86,45
2084-08-02,Term 1 2084,2,2,0,50,0.8034,40.14,44
2084-08-03,Term 1 2084,2,3,0,50,0.8213,41.14,42
2084-08-04,Term 1 2084,2,4,0,50,0.8247,41.29,42
2084-08-07,Term 1 2084,3,0,0,50,0.8345,41.71,40
2084-08-08,Term 1 2084,3,1,0,50,0.838,41.86,43
2084-08-09,Term 1 2084,3,2,0,50,0.8482,42.29,45
2084-08-10,Term 1 2084,3,3,0,50,0.863,43.0,43
2084-08-11,Term 1 2084,3,4,0,50,0.8562,42.71,40
2084-08-14,Term 1 2084,4,0,0,50,0.8464,42.14,41
2084-08-15,Term 1 2084,4,1,0,50,0.8428,42.0,42
2084-08-16,Term 1 2084,4,2,0,50,0.8423,42.0,42
2084-08-17,Term 1 2084,4,3,0,50,0.8484,42.29,44
2084-08-18,Term 1 2084,4,4,0,50,0.8502,42.43,43
2084-08-21,Term 1 2084,5,0,0,50,0.8442,42.14,41
2084-08-22,Term 1 2084,5,1,0,50,0.8388,41.86,44
2084-08-23,Term 1 2084,5,2,0,50,0.85,42.43,43
2084-08-24,Term 1 2084,5,3,0,50,0.8562,42.71,44
2084-08-25,Term 1 2084,5,4,0,50,0.8599,43.0,42
2084-08-28,Term 1 2084,6,0,0,50,0.8583,43.0,43
2084-08-29,Term 1 2084,6,1,0,50,0.8547,42.86,44
2084-08-30,Term 1 2084,6,2,0,50,0.8583,43.0,45
2084-08-31,Term 1 2084,6,3,0,50,0.8708,43.57,44
2084-09-01,Term 1 2084,6,4,0,50,0.8693,43.57,41
2084-09-04,Term 1 2084,7,0,0,50,0.8629,43.29,42
2084-09-05,Term 1 2084,7,1,0,50,0.8595,43.0,46
2084-09-06,Term 1 2084,7,2,0,50,0.8705,43.57,44
2084-09-07,Term 1 2084,7,3,0,50,0.875,43.71,44
2084-09-08,Term 1 2084,7,4,0,50,0.8741,43.71,40
2084-09-11,Term 1 2084,8,0,0,50,0.8606,43.0,41
2084-09-12,Term 1 2084,8,1,0,50,0.854,42.57,43
2084-09-13,Term 1 2084,8,2,0,50,0.8616,42.86,44
2084-09-14,Term 1 2084,8,3,0,50,0.8652,43.14,42
2084-09-15,Term 1 2084,8,4,0,50,0.8555,42.57,44
2084-09-18,Term 1 2084,9,0,0,50,0.8536,42.57,42
2084-09-19,Term 1 2084,9,1,0,50,0.8486,42.29,45
2084-09-20,Term 1 2084,9,2,0,50,0.8632,43.0,43
2084-09-21,Term 1 2084,9,3,0,50,0.8686,43.29,44
2084-09-22,Term 1 2084,9,4,0,50,0.8707,43.43,42
2084-09-25,Term 1 2084,10,0,0,50,0.8649,43.14,42
2084-09-26,Term 1 2084,10,1,0,50,0.8652,43.14,45
2084-09-27,Term 1 2084,10,2,0,50,0.8697,43.29,45
2084-09-28,Term 1 2084,10,3,0,50,0.8761,43.71,45
2084-09-29,Term 1 2084,10,4,0,50,0.8752,43.71,41
2084-10-02,Term 1 2084,11,0,0,50,0.87,43.43,41
2084-10-03,Term 1 2084,11,1,0,50,0.8625,43.0,44
2084-10-04,Term 1 2084,11,2,0,50,0.8681,43.29,44
2084-10-05,Term 1 2084,11,3,0,50,0.8717,43.57,45
2084-10-06,Term 1 2084,11,4,0,50,0.8712,43.57,40
2084-10-09,Term 1 2084,12,0,1,50,0.8589,42.86,36
2084-10-10,Term 1 2084,12,1,1,50,0.8336,41.57,36
2084-10-11,Term 1 2084,12,2,1,50,0.8197,40.86,37
2084-10-12,Term 1 2084,12,3,1,50,0.8055,40.29,39
2084-10-13,Term 1 2084,12,4,1,50,0.7928,39.57,34
2084-10-16,Term 1 2084,13,0,1,50,0.7651,38.14,34
2084-10-17,Term 1 2084,13,1,1,50,0.7323,36.57,37
2084-10-18,Term 1 2084,13,2,1,50,0.7225,36.14,40
2084-10-19,Term 1 2084,13,3,1,50,0.7331,36.71,38
2084-10-20,Term 1 2084,13,4,1,50,0.7377,37.0,35
2084-11-06,Term 2 2084,1,0,0,50,0.7328,36.71,37
2084-11-07,Term 2 2084,1,1,0,50,0.7269,36.43,42
2084-11-08,Term 2 2084,1,2,0,50,0.7483,37.57,38
2084-11-09,Term 2 2084,1,3,0,50,0.7617,38.14,41
2084-11-10,Term 2 2084,1,4,0,50,0.7751,38.71,36
2084-11-13,Term 2 2084,2,0,0,50,0.7641,38.14,40
2084-11-14,Term 2 2084,2,1,0,50,0.7699,38.43,44
2084-11-15,Term 2 2084,2,2,0,50,0.7957,39.71,43
2084-11-16,Term 2 2084,2,3,0,50,0.8135,40.57,45
2084-11-17,Term 2 2084,2,4,0,50,0.8233,41.0,40
2084-11-20,Term 2 2084,3,0,0,50,0.8291,41.29,40
2084-11-21,Term 2 2084,3,1,0,50,0.8255,41.14,43
2084-11-22,Term 2 2084,3,2,0,50,0.8448,42.14,46
2084-11-23,Term 2 2084,3,3,0,50,0.8604,43.0,43
2084-11-24,Term 2 2084,3,4,0,50,0.8593,42.86,43
2084-11-27,Term 2 2084,4,0,0,50,0.8593,42.86,42
2084-11-28,Term 2 2084,4,1,0,50,0.8494,42.43,43
2084-11-29,Term 2 2084,4,2,0,50,0.8561,42.86,44
2084-11-30,Term 2 2084,4,3,0,50,0.8678,43.43,44
2084-12-01,Term 2 2084,4,4,0,50,0.8708,43.57,43
2084-12-04,Term 2 2084,5,0,0,50,0.8645,43.14,41
2084-12-05,Term 2 2084,5,1,0,50,0.8582,42.86,44
2084-12-06,Term 2 2084,5,2,0,50,0.861,43.0,46
2084-12-07,Term 2 2084,5,3,0,50,0.8726,43.57,44
2084-12-08,Term 2 2084,5,4,0,50,0.8776,43.71,44
2084-12-11,Term 2 2084,6,0,0,50,0.8766,43.71,43
2084-12-12,Term 2 2084,6,1,0,50,0.8734,43.57,43
2084-12-13,Term 2 2084,6,2,0,50,0.8727,43.57,46
2084-12-14,Term 2 2084,6,3,0,50,0.886,44.29,42
2084-12-15,Term 2 2084,6,4,0,50,0.881,44.0,41
2084-12-18,Term 2 2084,7,0,0,50,0.8684,43.29,42
2084-12-19,Term 2 2084,7,1,0,50,0.8605,43.0,45
2084-12-20,Term 2 2084,7,2,0,50,0.864,43.14,46
2084-12-21,Term 2 2084,7,3,0,50,0.8729,43.57,45
2084-12-22,Term 2 2084,7,4,0,50,0.8785,43.86,41
2084-12-25,Term 2 2084,8,0,0,50,0.8657,43.14,40
2084-12-26,Term 2 2084,8,1,0,50,0.86,42.86,45
2084-12-27,Term 2 2084,8,2,0,50,0.8721,43.43,46
2084-12-28,Term 2 2084,8,3,0,50,0.8833,44.0,45
2084-12-29,Term 2 2084,8,4,0,50,0.8826,44.0,42
2085-01-01,Term 2 2084,9,0,0,50,0.8717,43.43,41
2085-01-02,Term 2 2084,9,1,0,50,0.8603,42.86,43
2085-01-03,Term 2 2084,9,2,0,50,0.8645,43.14,45
2085-01-04,Term 2 2084,9,3,0,50,0.8763,43.86,44
2085-01-05,Term 2 2084,9,4,0,50,0.8735,43.71,40
2085-01-08,Term 2 2084,10,0,0,50,0.8588,42.86,40
2085-01-09,Term 2 2084,10,1,0,50,0.8444,42.14,43
2085-01-10,Term 2 2084,10,2,0,50,0.8483,42.29,45
2085-01-11,Term 2 2084,10,3,0,50,0.8587,42.86,42
2085-01-12,Term 2 2084,10,4,0,50,0.8565,42.71,43
2085-01-15,Term 2 2084,11,0,0,50,0.8528,42.43,42
2085-01-16,Term 2 2084,11,1,0,50,0.8444,42.14,46
2085-01-17,Term 2 2084,11,2,0,50,0.8601,43.0,44
2085-01-18,Term 2 2084,11,3,0,50,0.8727,43.57,42
2085-01-19,Term 2 2084,11,4,0,50,0.8692,43.43,41
2085-01-22,Term 2 2084,12,0,1,50,0.8589,42.86,36
2085-01-23,Term 2 2084,12,1,1,50,0.8409,42.0,40
2085-01-24,Term 2 2084,12,2,1,50,0.8308,41.57,39
2085-01-25,Term 2 2084,12,3,1,50,0.8232,41.14,38
2085-01-26,Term 2 2084,12,4,1,50,0.7998,40.0,35
2085-01-29,Term 2 2084,13,0,1,50,0.7733,38.71,37
2085-01-30,Term 2 2084,13,1,1,50,0.7575,38.0,38
2085-01-31,Term 2 2084,13,2,1,50,0.7473,37.57,38
2085-02-01,Term 2 2084,13,3,1,50,0.7547,37.86,38
2085-02-02,Term 2 2084,13,4,1,50,0.7506,37.57,38
2085-02-19,Term 3 2085,1,0,0,50,0.7475,37.43,37
2085-02-20,Term 3 2085,1,1,0,50,0.7457,37.29,40
2085-02-21,Term 3 2085,1,2,0,50,0.7614,38.0,41
2085-02-22,Term 3 2085,1,3,0,50,0.7742,38.57,41
2085-02-23,Term 3 2085,1,4,0,50,0.7853,39.0,39
2085-02-26,Term 3 2085,2,0,0,50,0.7859,39.14,43
2085-02-27,Term 3 2085,2,1,0,50,0.7989,39.86,45
2085-02-28,Term 3 2085,2,2,0,50,0.8183,40.86,45
2085-03-01,Term 3 2085,2,3,0,50,0.8407,42.0,45
2085-03-02,Term 3 2085,2,4,0,50,0.8536,42.71,43
2085-03-05,Term 3 2085,3,0,0,50,0.8578,43.0,43
2085-03-06,Term 3 2085,3,1,0,50,0.8608,43.29,45
2085-03-07,Term 3 2085,3,2,0,50,0.8802,44.14,42
2085-03-08,Term 3 2085,3,3,0,50,0.8789,44.0,44
2085-03-09,Term 3 2085,3,4,0,50,0.8775,43.86,41
2085-03-12,Term 3 2085,4,0,0,50,0.8648,43.29,43
2085-03-13,Term 3 2085,4,1,0,50,0.8581,43.0,44
2085-03-14,Term 3 2085,4,2,0,50,0.8627,43.14,45
2085-03-15,Term 3 2085,4,3,0,50,0.8684,43.43,44
2085-03-16,Term 3 2085,4,4,0,50,0.8651,43.29,41
2085-03-19,Term 3 2085,5,0,0,50,0.8601,43.14,42
2085-03-20,Term 3 2085,5,1,0,50,0.8534,42.86,43
2085-03-21,Term 3 2085,5,2,0,50,0.8609,43.14,45
2085-03-22,Term 3 2085,5,3,0,50,0.8679,43.43,46
2085-03-23,Term 3 2085,5,4,0,50,0.8714,43.71,42
2085-03-26,Term 3 2085,6,0,0,50,0.8649,43.29,43
2085-03-27,Term 3 2085,6,1,0,50,0.8603,43.14,45
2085-03-28,Term 3 2085,6,2,0,50,0.8742,43.71,46
2085-03-29,Term 3 2085,6,3,0,50,0.8857,44.29,46
2085-03-30,Term 3 2085,6,4,0,50,0.8925,44.71,40
2085-04-02,Term 3 2085,7,0,0,50,0.8792,44.0,43
2085-04-03,Term 3 2085,7,1,0,50,0.8715,43.57,45
2085-04-04,Term 3 2085,7,2,0,50,0.88,44.0,43
2085-04-05,Term 3 2085,7,3,0,50,0.8806,44.0,45
2085-04-06,Term 3 2085,7,4,0,50,0.8797,44.0,43
2085-04-09,Term 3 2085,8,0,0,50,0.872,43.57,41
2085-04-10,Term 3 2085,8,1,0,50,0.8596,42.86,44
2085-04-11,Term 3 2085,8,2,0,50,0.8705,43.43,46
2085-04-12,Term 3 2085,8,3,0,50,0.879,43.86,42
2085-04-13,Term 3 2085,8,4,0,50,0.8704,43.43,42
2085-04-16,Term 3 2085,9,0,0,50,0.8693,43.29,40
2085-04-17,Term 3 2085,9,1,0,50,0.8535,42.57,44
2085-04-18,Term 3 2085,9,2,0,50,0.8567,42.71,43
2085-04-19,Term 3 2085,9,3,0,50,0.8607,43.0,45
2085-04-20,Term 3 2085,9,4,0,50,0.8616,43.14,42
2085-04-23,Term 3 2085,10,0,0,50,0.8501,42.57,41
2085-04-24,Term 3 2085,10,1,0,50,0.8471,42.43,46
2085-04-25,Term 3 2085,10,2,0,50,0.8559,43.0,45
2085-04-26,Term 3 2085,10,3,0,50,0.8701,43.71,43
2085-04-27,Term 3 2085,10,4,0,50,0.8657,43.57,41
